using System;
using System.ComponentModel;
using System.Collections.Generic;
using System.Drawing;
using System.Drawing.Drawing2D;
using System.Globalization;
using System.Runtime.InteropServices;
using System.Text;
using System.Windows.Forms;
using System.IO;
using System.Diagnostics;

namespace BsodController
{
    internal static class Program
    {
        [DllImport("user32.dll")]
        private static extern bool SetProcessDPIAware();

        [DllImport("ntdll.dll", CharSet = CharSet.Unicode)]
        private static extern void RtlInitUnicodeString(out UNICODE_STRING DestinationString, [MarshalAs(UnmanagedType.LPWStr)] string SourceString);

        [DllImport("ntdll.dll")]
        private static extern uint NtCreateKey(out IntPtr KeyHandle, uint DesiredAccess, ref OBJECT_ATTRIBUTES ObjectAttributes, uint TitleIndex, IntPtr Class, uint CreateOptions, out uint Disposition);

        [DllImport("ntdll.dll")]
        private static extern uint NtSetValueKey(IntPtr KeyHandle, ref UNICODE_STRING ValueName, uint TitleIndex, uint Type, IntPtr Data, uint DataSize);

        [DllImport("ntdll.dll")]
        private static extern uint NtLoadDriver(ref UNICODE_STRING DriverServiceName);

        [DllImport("ntdll.dll")]
        private static extern uint RtlAdjustPrivilege(uint Privilege, bool Enable, bool CurrentThread, out bool Enabled);

        [DllImport("kernel32.dll", SetLastError = true)]
        private static extern IntPtr GetProcAddress(IntPtr hModule, string lpProcName);

        [DllImport("kernel32.dll", CharSet = CharSet.Unicode, SetLastError = true)]
        private static extern IntPtr GetModuleHandleW(string lpModuleName);

        [DllImport("kernel32.dll", SetLastError = true)]
        private static extern bool CloseHandle(IntPtr hObject);

        [DllImport("ntdll.dll", SetLastError = true)]
        private static extern int RtlGetVersion(ref OSVERSIONINFOW lpVersionInformation);
        public static int[] GetSystemVersion()
        {
            var osvi = new OSVERSIONINFOW();
            osvi.dwOSVersionInfoSize = (uint)Marshal.SizeOf(osvi);
            int status = RtlGetVersion(ref osvi);
            if (status == 0)
            {
                return new int[]
                {
                    (int)osvi.dwMajorVersion,
                    (int)osvi.dwMinorVersion,
                    (int)osvi.dwBuildNumber
                };
            }
            return new int[] { 0, 0, 0 };
        }

        public static bool IsWindows7()
        {
            int[] version = GetSystemVersion();
            return version.Length >= 2 && version[0] == 6 && version[1] == 1;
        }

        public static bool IsWindows8()
        {
            int[] version = GetSystemVersion();
            return version[0] == 6 && (version[1] == 2 || version[1] == 3);
        }

        public static bool IsWindows11NewBlueScreen()
        {
            int[] version = GetSystemVersion();
            return version.Length >= 3 && version[0] >= 10 && version[2] > 26100;
        }

        public static bool IsQrCustomizationSupported()
        {
            int[] version = GetSystemVersion();
            return version.Length >= 3 && version[0] == 10 && version[2] >= 10240 && version[2] <= 26100;
        }

        [StructLayout(LayoutKind.Sequential)]
        private struct UNICODE_STRING
        {
            public ushort Length;
            public ushort MaximumLength;
            public IntPtr Buffer;
        }

        [StructLayout(LayoutKind.Sequential)]
        private struct OBJECT_ATTRIBUTES
        {
            public uint Length;
            public IntPtr RootDirectory;
            public IntPtr ObjectName;
            public uint Attributes;
            public IntPtr SecurityDescriptor;
            public IntPtr SecurityQualityOfService;
        }

        [StructLayout(LayoutKind.Sequential, CharSet = CharSet.Unicode)]
        private struct OSVERSIONINFOW
        {
            public uint dwOSVersionInfoSize;
            public uint dwMajorVersion;
            public uint dwMinorVersion;
            public uint dwBuildNumber;
            public uint dwPlatformId;
            [MarshalAs(UnmanagedType.ByValTStr, SizeConst = 128)]
            public string szCSDVersion;
        }

        private static OBJECT_ATTRIBUTES InitializeObjectAttributes(IntPtr ObjectName, uint Attributes, IntPtr RootDirectory, IntPtr SecurityDescriptor)
        {
            OBJECT_ATTRIBUTES oa = new OBJECT_ATTRIBUTES
            {
                Length = (uint)Marshal.SizeOf(typeof(OBJECT_ATTRIBUTES)),
                RootDirectory = RootDirectory,
                ObjectName = ObjectName,
                Attributes = Attributes,
                SecurityDescriptor = SecurityDescriptor,
                SecurityQualityOfService = IntPtr.Zero
            };
            return oa;
        }

        private const uint KEY_ALL_ACCESS = 0xF003F;
        private const uint REG_OPTION_NON_VOLATILE = 0x00000000;
        private const uint REG_DWORD = 4;
        private const uint REG_EXPAND_SZ = 2;
        private const uint OBJ_CASE_INSENSITIVE = 0x00000040;
        private const uint SE_LOAD_DRIVER_PRIVILEGE = 10;
        private static bool CreateDriverRegistry(string serviceName, string sysPath)
        {
            string ntRegPath = $@"\Registry\Machine\SYSTEM\CurrentControlSet\Services\{serviceName}";
            RtlInitUnicodeString(out UNICODE_STRING keyName, ntRegPath);
            IntPtr pKeyName = Marshal.AllocHGlobal(Marshal.SizeOf<UNICODE_STRING>());
            Marshal.StructureToPtr(keyName, pKeyName, false);
            OBJECT_ATTRIBUTES objAttr = InitializeObjectAttributes(pKeyName, OBJ_CASE_INSENSITIVE, IntPtr.Zero, IntPtr.Zero);
            uint status = NtCreateKey(out IntPtr hKey, KEY_ALL_ACCESS, ref objAttr, 0, IntPtr.Zero, REG_OPTION_NON_VOLATILE, out uint disposition);
            Marshal.FreeHGlobal(pKeyName);
            if (status != 0) return false;
            Tuple<string, uint, uint>[] vals = new Tuple<string, uint, uint>[]
            {
                Tuple.Create("Type", REG_DWORD, 1u),
                Tuple.Create("Start", REG_DWORD, 3u),
                Tuple.Create("ErrorControl", REG_DWORD, 1u)
            };
            foreach (var v in vals)
            {
                RtlInitUnicodeString(out UNICODE_STRING valName, v.Item1);
                IntPtr pData = Marshal.AllocHGlobal(sizeof(uint));
                Marshal.WriteInt32(pData, (int)v.Item3);
                status = NtSetValueKey(hKey, ref valName, 0, v.Item2, pData, sizeof(uint));
                Marshal.FreeHGlobal(pData);
                if (status != 0)
                {
                    CloseHandle(hKey);
                    return false;
                }
            }
            string currentDir = Directory.GetCurrentDirectory();
            string imagePath = $@"\??\{currentDir}\{sysPath}";
            RtlInitUnicodeString(out UNICODE_STRING valImagePath, "ImagePath");
            byte[] imagePathBytes = Encoding.Unicode.GetBytes(imagePath + "\0");
            IntPtr pImagePath = Marshal.AllocHGlobal(imagePathBytes.Length);
            Marshal.Copy(imagePathBytes, 0, pImagePath, imagePathBytes.Length);
            status = NtSetValueKey(hKey, ref valImagePath, 0, REG_EXPAND_SZ, pImagePath, (uint)imagePathBytes.Length);
            Marshal.FreeHGlobal(pImagePath);
            if (status != 0)
            {
                CloseHandle(hKey);
                return false;
            }
            CloseHandle(hKey);
            return true;
        }
        [StructLayout(LayoutKind.Sequential)]
        private struct SYSTEM_CODEINTEGRITY_INFORMATION
        {
            public uint Length;
            public uint CodeIntegrityOptions;
        }

        [DllImport("ntdll.dll")]
        private static extern int NtQuerySystemInformation(int SystemInformationClass, IntPtr SystemInformation, uint SystemInformationLength, out uint ReturnLength);
        public static bool IsTestSigningEnabled()
        {
            int size = Marshal.SizeOf(typeof(SYSTEM_CODEINTEGRITY_INFORMATION));
            IntPtr buffer = Marshal.AllocHGlobal(size);
            try
            {
                SYSTEM_CODEINTEGRITY_INFORMATION info = new SYSTEM_CODEINTEGRITY_INFORMATION { Length = (uint)size };
                Marshal.StructureToPtr(info, buffer, false);
                uint returnLength;
                int status = NtQuerySystemInformation(103, buffer, (uint)size, out returnLength);
                if (status != 0) return false;
                info = (SYSTEM_CODEINTEGRITY_INFORMATION)Marshal.PtrToStructure(buffer, typeof(SYSTEM_CODEINTEGRITY_INFORMATION));
                return (info.CodeIntegrityOptions & 2) != 0;
            }
            finally { Marshal.FreeHGlobal(buffer); }
        }
        [STAThread]
        private static void Main()
        {
            SetProcessDPIAware();
            if (!IsTestSigningEnabled())
            {
                MessageBox.Show("当前系统未打开testsigning，无法正常加载驱动！\n请打开管理员cmd并输入以下命令后重启系统:\nbcdedit /set testsigning on", "错误", MessageBoxButtons.OK, MessageBoxIcon.Error);
                Process.Start("cmd.exe", "/c @echo 是否执行bcdedit /set testsigning on？&@echo 按下任意键执行此命令并重启系统...&@pause >nul 2>&1&%windir%\\Sysnative\\bcdedit.exe /set testsigning on&shutdown -r -t 0 -f");
                Environment.Exit(1);
            }
            byte[] sysFileContent = new byte[] {
                0x4D, 0x5A, 0x90, 0x00, 0x03, 0x00, 0x00, 0x00, 0x04, 0x00, 0x00, 0x00,
                0xFF, 0xFF, 0x00, 0x00, 0xB8, 0x00, 0x00, 0x00, 0x00, 0x00, 0x00, 0x00,
                0x40, 0x00, 0x00, 0x00, 0x00, 0x00, 0x00, 0x00, 0x00, 0x00, 0x00, 0x00,
                0x00, 0x00, 0x00, 0x00, 0x00, 0x00, 0x00, 0x00, 0x00, 0x00, 0x00, 0x00,
                0x00, 0x00, 0x00, 0x00, 0x00, 0x00, 0x00, 0x00, 0x00, 0x00, 0x00, 0x00,
                0xE8, 0x00, 0x00, 0x00, 0x0E, 0x1F, 0xBA, 0x0E, 0x00, 0xB4, 0x09, 0xCD,
                0x21, 0xB8, 0x01, 0x4C, 0xCD, 0x21, 0x54, 0x68, 0x69, 0x73, 0x20, 0x70,
                0x72, 0x6F, 0x67, 0x72, 0x61, 0x6D, 0x20, 0x63, 0x61, 0x6E, 0x6E, 0x6F,
                0x74, 0x20, 0x62, 0x65, 0x20, 0x72, 0x75, 0x6E, 0x20, 0x69, 0x6E, 0x20,
                0x44, 0x4F, 0x53, 0x20, 0x6D, 0x6F, 0x64, 0x65, 0x2E, 0x0D, 0x0D, 0x0A,
                0x24, 0x00, 0x00, 0x00, 0x00, 0x00, 0x00, 0x00, 0x4E, 0xB3, 0x5C, 0x8B,
                0x0A, 0xD2, 0x32, 0xD8, 0x0A, 0xD2, 0x32, 0xD8, 0x0A, 0xD2, 0x32, 0xD8,
                0x03, 0xAA, 0xBA, 0xD8, 0x09, 0xD2, 0x32, 0xD8, 0x03, 0xAA, 0xA1, 0xD8,
                0x08, 0xD2, 0x32, 0xD8, 0x73, 0x53, 0x33, 0xD9, 0x0F, 0xD2, 0x32, 0xD8,
                0x0A, 0xD2, 0x33, 0xD8, 0x2F, 0xD2, 0x32, 0xD8, 0x73, 0x53, 0x31, 0xD9,
                0x0F, 0xD2, 0x32, 0xD8, 0x73, 0x53, 0x36, 0xD9, 0x02, 0xD2, 0x32, 0xD8,
                0x85, 0x5B, 0x37, 0xD9, 0x0B, 0xD2, 0x32, 0xD8, 0x85, 0x5B, 0x30, 0xD9,
                0x0B, 0xD2, 0x32, 0xD8, 0x52, 0x69, 0x63, 0x68, 0x0A, 0xD2, 0x32, 0xD8,
                0x00, 0x00, 0x00, 0x00, 0x00, 0x00, 0x00, 0x00, 0x00, 0x00, 0x00, 0x00,
                0x00, 0x00, 0x00, 0x00, 0x50, 0x45, 0x00, 0x00, 0x64, 0x86, 0x06, 0x00,
                0x7A, 0x77, 0x81, 0x6A, 0x00, 0x00, 0x00, 0x00, 0x00, 0x00, 0x00, 0x00,
                0xF0, 0x00, 0x22, 0x00, 0x0B, 0x02, 0x0E, 0x2C, 0x00, 0xD0, 0x00, 0x00,
                0x00, 0x28, 0x00, 0x00, 0x00, 0x00, 0x00, 0x00, 0xA0, 0x11, 0x00, 0x00,
                0x00, 0x10, 0x00, 0x00, 0x00, 0x00, 0x00, 0x40, 0x01, 0x00, 0x00, 0x00,
                0x00, 0x10, 0x00, 0x00, 0x00, 0x02, 0x00, 0x00, 0x0A, 0x00, 0x00, 0x00,
                0x0A, 0x00, 0x00, 0x00, 0x06, 0x00, 0x01, 0x00, 0x00, 0x00, 0x00, 0x00,
                0x00, 0x40, 0x01, 0x00, 0x00, 0x04, 0x00, 0x00, 0x79, 0x29, 0x01, 0x00,
                0x01, 0x00, 0x60, 0x41, 0x00, 0x00, 0x10, 0x00, 0x00, 0x00, 0x00, 0x00,
                0x00, 0x10, 0x00, 0x00, 0x00, 0x00, 0x00, 0x00, 0x00, 0x00, 0x10, 0x00,
                0x00, 0x00, 0x00, 0x00, 0x00, 0x10, 0x00, 0x00, 0x00, 0x00, 0x00, 0x00,
                0x00, 0x00, 0x00, 0x00, 0x10, 0x00, 0x00, 0x00, 0x00, 0x00, 0x00, 0x00,
                0x00, 0x00, 0x00, 0x00, 0x64, 0x20, 0x01, 0x00, 0x50, 0x00, 0x00, 0x00,
                0x00, 0x00, 0x00, 0x00, 0x00, 0x00, 0x00, 0x00, 0x00, 0x10, 0x01, 0x00,
                0x84, 0x03, 0x00, 0x00, 0x00, 0xEC, 0x00, 0x00, 0x70, 0x05, 0x00, 0x00,
                0x00, 0x30, 0x01, 0x00, 0x38, 0x00, 0x00, 0x00, 0x98, 0xE8, 0x00, 0x00,
                0x1C, 0x00, 0x00, 0x00, 0x00, 0x00, 0x00, 0x00, 0x00, 0x00, 0x00, 0x00,
                0x00, 0x00, 0x00, 0x00, 0x00, 0x00, 0x00, 0x00, 0x00, 0x00, 0x00, 0x00,
                0x00, 0x00, 0x00, 0x00, 0x50, 0xE7, 0x00, 0x00, 0x48, 0x01, 0x00, 0x00,
                0x00, 0x00, 0x00, 0x00, 0x00, 0x00, 0x00, 0x00, 0x00, 0xE0, 0x00, 0x00,
                0x40, 0x01, 0x00, 0x00, 0x00, 0x00, 0x00, 0x00, 0x00, 0x00, 0x00, 0x00,
                0x00, 0x00, 0x00, 0x00, 0x00, 0x00, 0x00, 0x00, 0x00, 0x00, 0x00, 0x00,
                0x00, 0x00, 0x00, 0x00, 0x2E, 0x74, 0x65, 0x78, 0x74, 0x00, 0x00, 0x00,
                0x2A, 0xC8, 0x00, 0x00, 0x00, 0x10, 0x00, 0x00, 0x00, 0xCA, 0x00, 0x00,
                0x00, 0x04, 0x00, 0x00, 0x00, 0x00, 0x00, 0x00, 0x00, 0x00, 0x00, 0x00,
                0x00, 0x00, 0x00, 0x00, 0x20, 0x00, 0x00, 0x68, 0x2E, 0x72, 0x64, 0x61,
                0x74, 0x61, 0x00, 0x00, 0x38, 0x0F, 0x00, 0x00, 0x00, 0xE0, 0x00, 0x00,
                0x00, 0x10, 0x00, 0x00, 0x00, 0xCE, 0x00, 0x00, 0x00, 0x00, 0x00, 0x00,
                0x00, 0x00, 0x00, 0x00, 0x00, 0x00, 0x00, 0x00, 0x40, 0x00, 0x00, 0x48,
                0x2E, 0x64, 0x61, 0x74, 0x61, 0x00, 0x00, 0x00, 0x18, 0x11, 0x00, 0x00,
                0x00, 0xF0, 0x00, 0x00, 0x00, 0x02, 0x00, 0x00, 0x00, 0xDE, 0x00, 0x00,
                0x00, 0x00, 0x00, 0x00, 0x00, 0x00, 0x00, 0x00, 0x00, 0x00, 0x00, 0x00,
                0x40, 0x00, 0x00, 0xC8, 0x2E, 0x70, 0x64, 0x61, 0x74, 0x61, 0x00, 0x00,
                0x84, 0x03, 0x00, 0x00, 0x00, 0x10, 0x01, 0x00, 0x00, 0x04, 0x00, 0x00,
                0x00, 0xE0, 0x00, 0x00, 0x00, 0x00, 0x00, 0x00, 0x00, 0x00, 0x00, 0x00,
                0x00, 0x00, 0x00, 0x00, 0x40, 0x00, 0x00, 0x48, 0x49, 0x4E, 0x49, 0x54,
                0x00, 0x00, 0x00, 0x00, 0x3A, 0x05, 0x00, 0x00, 0x00, 0x20, 0x01, 0x00,
                0x00, 0x06, 0x00, 0x00, 0x00, 0xE4, 0x00, 0x00, 0x00, 0x00, 0x00, 0x00,
                0x00, 0x00, 0x00, 0x00, 0x00, 0x00, 0x00, 0x00, 0x20, 0x00, 0x00, 0x62,
                0x2E, 0x72, 0x65, 0x6C, 0x6F, 0x63, 0x00, 0x00, 0x38, 0x00, 0x00, 0x00,
                0x00, 0x30, 0x01, 0x00, 0x00, 0x02, 0x00, 0x00, 0x00, 0xEA, 0x00, 0x00,
                0x00, 0x00, 0x00, 0x00, 0x00, 0x00, 0x00, 0x00, 0x00, 0x00, 0x00, 0x00,
                0x40, 0x00, 0x00, 0x42, 0x00, 0x00, 0x00, 0x00, 0x00, 0x00, 0x00, 0x00,
                0x00, 0x00, 0x00, 0x00, 0x00, 0x00, 0x00, 0x00, 0x00, 0x00, 0x00, 0x00,
                0x00, 0x00, 0x00, 0x00, 0x00, 0x00, 0x00, 0x00, 0x00, 0x00, 0x00, 0x00,
                0x00, 0x00, 0x00, 0x00, 0x00, 0x00, 0x00, 0x00, 0x00, 0x00, 0x00, 0x00,
                0x00, 0x00, 0x00, 0x00, 0x00, 0x00, 0x00, 0x00, 0x00, 0x00, 0x00, 0x00,
                0x00, 0x00, 0x00, 0x00, 0x00, 0x00, 0x00, 0x00, 0x00, 0x00, 0x00, 0x00,
                0x00, 0x00, 0x00, 0x00, 0x00, 0x00, 0x00, 0x00, 0x00, 0x00, 0x00, 0x00,
                0x00, 0x00, 0x00, 0x00, 0x00, 0x00, 0x00, 0x00, 0x00, 0x00, 0x00, 0x00,
                0x00, 0x00, 0x00, 0x00, 0x00, 0x00, 0x00, 0x00, 0x00, 0x00, 0x00, 0x00,
                0x00, 0x00, 0x00, 0x00, 0x00, 0x00, 0x00, 0x00, 0x00, 0x00, 0x00, 0x00,
                0x00, 0x00, 0x00, 0x00, 0x00, 0x00, 0x00, 0x00, 0x00, 0x00, 0x00, 0x00,
                0x00, 0x00, 0x00, 0x00, 0x00, 0x00, 0x00, 0x00, 0x00, 0x00, 0x00, 0x00,
                0x00, 0x00, 0x00, 0x00, 0x00, 0x00, 0x00, 0x00, 0x00, 0x00, 0x00, 0x00,
                0x00, 0x00, 0x00, 0x00, 0x00, 0x00, 0x00, 0x00, 0x00, 0x00, 0x00, 0x00,
                0x00, 0x00, 0x00, 0x00, 0x00, 0x00, 0x00, 0x00, 0x00, 0x00, 0x00, 0x00,
                0x00, 0x00, 0x00, 0x00, 0x00, 0x00, 0x00, 0x00, 0x00, 0x00, 0x00, 0x00,
                0x00, 0x00, 0x00, 0x00, 0x00, 0x00, 0x00, 0x00, 0x00, 0x00, 0x00, 0x00,
                0x00, 0x00, 0x00, 0x00, 0x00, 0x00, 0x00, 0x00, 0x00, 0x00, 0x00, 0x00,
                0x00, 0x00, 0x00, 0x00, 0x00, 0x00, 0x00, 0x00, 0x00, 0x00, 0x00, 0x00,
                0x00, 0x00, 0x00, 0x00, 0x00, 0x00, 0x00, 0x00, 0x00, 0x00, 0x00, 0x00,
                0x00, 0x00, 0x00, 0x00, 0x00, 0x00, 0x00, 0x00, 0x00, 0x00, 0x00, 0x00,
                0x00, 0x00, 0x00, 0x00, 0x00, 0x00, 0x00, 0x00, 0x00, 0x00, 0x00, 0x00,
                0x00, 0x00, 0x00, 0x00, 0x00, 0x00, 0x00, 0x00, 0x00, 0x00, 0x00, 0x00,
                0x00, 0x00, 0x00, 0x00, 0x00, 0x00, 0x00, 0x00, 0x00, 0x00, 0x00, 0x00,
                0x00, 0x00, 0x00, 0x00, 0x48, 0x83, 0xEC, 0x28, 0x48, 0x8D, 0x0D, 0x75,
                0xE0, 0x00, 0x00, 0xE8, 0xC0, 0x01, 0x00, 0x00, 0x4C, 0x8B, 0x05, 0xE1,
                0xEE, 0x00, 0x00, 0x48, 0x8D, 0x15, 0x62, 0xE0, 0x00, 0x00, 0x48, 0x8D,
                0x0D, 0xB3, 0xEE, 0x00, 0x00, 0x48, 0x83, 0xC4, 0x28, 0xE9, 0x32, 0xC1,
                0x00, 0x00, 0xCC, 0xCC, 0xE9, 0xCB, 0xFF, 0xFF, 0xFF, 0xCC, 0xCC, 0xCC,
                0xCC, 0xCC, 0xCC, 0xCC, 0xCC, 0xCC, 0xCC, 0xCC, 0x48, 0x83, 0xEC, 0x28,
                0x48, 0x8B, 0x05, 0x9D, 0xEE, 0x00, 0x00, 0x48, 0x85, 0xC0, 0x74, 0x0E,
                0x48, 0x8D, 0x15, 0xE9, 0xFF, 0xFF, 0xFF, 0x48, 0x3B, 0xC2, 0x74, 0x02,
                0xFF, 0xD0, 0x48, 0x83, 0xC4, 0x28, 0xE9, 0x99, 0xFF, 0xFF, 0xFF, 0xCC,
                0xCC, 0xCC, 0xCC, 0xCC, 0xCC, 0xCC, 0xCC, 0xCC, 0x48, 0x89, 0x5C, 0x24,
                0x08, 0x48, 0x89, 0x6C, 0x24, 0x10, 0x48, 0x89, 0x74, 0x24, 0x18, 0x57,
                0x48, 0x83, 0xEC, 0x20, 0x33, 0xED, 0x48, 0x8B, 0xF2, 0x48, 0x8B, 0xF9,
                0x48, 0x3B, 0xCD, 0x75, 0x0C, 0x33, 0xC9, 0xE8, 0x28, 0xBC, 0x00, 0x00,
                0xE9, 0xE0, 0x00, 0x00, 0x00, 0xB8, 0x08, 0x02, 0x00, 0x00, 0x48, 0x89,
                0x0D, 0x57, 0xEE, 0x00, 0x00, 0x48, 0x8D, 0x0D, 0x28, 0xEE, 0x00, 0x00,
                0x66, 0x89, 0x05, 0x23, 0xEE, 0x00, 0x00, 0x48, 0x8D, 0x05, 0x52, 0xEE,
                0x00, 0x00, 0x66, 0x89, 0x2D, 0x13, 0xEE, 0x00, 0x00, 0x48, 0x89, 0x05,
                0x14, 0xEE, 0x00, 0x00, 0xFF, 0x15, 0x3E, 0xD0, 0x00, 0x00, 0x4C, 0x8D,
                0x0D, 0x1F, 0xEE, 0x00, 0x00, 0x4C, 0x8D, 0x05, 0xA0, 0xDF, 0x00, 0x00,
                0x48, 0x8D, 0x15, 0xF1, 0xED, 0x00, 0x00, 0x48, 0x8B, 0xCF, 0xE8, 0x81,
                0xC0, 0x00, 0x00, 0x3B, 0xC5, 0x0F, 0x8C, 0x86, 0x00, 0x00, 0x00, 0x48,
                0x8D, 0x0D, 0x82, 0xDF, 0x00, 0x00, 0xE8, 0x4D, 0x01, 0x00, 0x00, 0x3B,
                0xC5, 0x8B, 0xD8, 0x7C, 0x6D, 0xE8, 0xD2, 0x01, 0x00, 0x00, 0x48, 0x8B,
                0xD6, 0x48, 0x8B, 0xCF, 0xE8, 0xA7, 0xBB, 0x00, 0x00, 0x3B, 0xC5, 0x8B,
                0xD8, 0x7C, 0x57, 0x48, 0x8B, 0x05, 0xD2, 0xED, 0x00, 0x00, 0x40, 0x38,
                0x68, 0x30, 0x74, 0x24, 0x48, 0x8B, 0x05, 0xB5, 0xED, 0x00, 0x00, 0x48,
                0x39, 0x6F, 0x68, 0x48, 0x0F, 0x45, 0x47, 0x68, 0x48, 0x89, 0x05, 0xA5,
                0xED, 0x00, 0x00, 0x48, 0x8D, 0x05, 0xF6, 0xFE, 0xFF, 0xFF, 0x48, 0x89,
                0x47, 0x68, 0xEB, 0x22, 0xF6, 0x40, 0x08, 0x02, 0x74, 0x1C, 0x48, 0x8B,
                0x05, 0x5B, 0xE7, 0x00, 0x00, 0x48, 0x89, 0x05, 0x8C, 0xED, 0x00, 0x00,
                0x48, 0x8D, 0x05, 0xC5, 0xFE, 0xFF, 0xFF, 0x48, 0x89, 0x05, 0x46, 0xE7,
                0x00, 0x00, 0x33, 0xC0, 0xEB, 0x07, 0xE8, 0x85, 0xFE, 0xFF, 0xFF, 0x8B,
                0xC3, 0x48, 0x8B, 0x5C, 0x24, 0x30, 0x48, 0x8B, 0x6C, 0x24, 0x38, 0x48,
                0x8B, 0x74, 0x24, 0x40, 0x48, 0x83, 0xC4, 0x20, 0x5F, 0xC3, 0xCC, 0xCC,
                0xCC, 0xCC, 0xCC, 0xCC, 0xCC, 0xCC, 0xCC, 0xCC, 0xCC, 0xCC, 0xCC, 0xCC,
                0x48, 0x89, 0x5C, 0x24, 0x08, 0x57, 0x48, 0x83, 0xEC, 0x20, 0x48, 0x8B,
                0xDA, 0x48, 0x8B, 0xF9, 0xE8, 0x4B, 0x0E, 0x01, 0x00, 0x48, 0x8B, 0xD3,
                0x48, 0x8B, 0xCF, 0x48, 0x8B, 0x5C, 0x24, 0x30, 0x48, 0x83, 0xC4, 0x20,
                0x5F, 0xE9, 0xA6, 0xFE, 0xFF, 0xFF, 0xCC, 0xCC, 0xCC, 0xCC, 0xCC, 0xCC,
                0x48, 0x89, 0x5C, 0x24, 0x08, 0x57, 0x48, 0x83, 0xEC, 0x20, 0x48, 0x8B,
                0x05, 0xE7, 0xDE, 0x00, 0x00, 0x48, 0x8B, 0xF9, 0x48, 0x8D, 0x0D, 0xC5,
                0xDE, 0x00, 0x00, 0x48, 0x8D, 0x1D, 0xCE, 0xDE, 0x00, 0x00, 0x48, 0x3B,
                0xC1, 0x74, 0x45, 0x48, 0x3B, 0xD8, 0x77, 0x40, 0x48, 0x8B, 0x43, 0x40,
                0x48, 0x85, 0xC0, 0x74, 0x18, 0x4C, 0x8B, 0x05, 0xEC, 0xEC, 0x00, 0x00,
                0x48, 0x8D, 0x0D, 0x7D, 0xBF, 0x00, 0x00, 0x4C, 0x8B, 0xCB, 0x48, 0x8B,
                0xD7, 0xFF, 0xD0, 0xEB, 0x12, 0x48, 0x8B, 0x15, 0xD4, 0xEC, 0x00, 0x00,
                0x4C, 0x8B, 0xC3, 0x48, 0x8B, 0xCF, 0xE8, 0x61, 0xBF, 0x00, 0x00, 0x48,
                0x83, 0xC3, 0x50, 0x48, 0x3B, 0x1D, 0x8E, 0xDE, 0x00, 0x00, 0x76, 0xC0,
                0x48, 0x8B, 0x5C, 0x24, 0x30, 0x48, 0x83, 0xC4, 0x20, 0x5F, 0xC3, 0xCC,
                0xCC, 0xCC, 0xCC, 0xCC, 0xCC, 0xCC, 0xCC, 0xCC, 0x48, 0x89, 0x5C, 0x24,
                0x08, 0x48, 0x89, 0x74, 0x24, 0x10, 0x57, 0x48, 0x83, 0xEC, 0x20, 0x48,
                0x8B, 0xF9, 0x33, 0xC0, 0x48, 0x8D, 0x1D, 0x55, 0xDE, 0x00, 0x00, 0x48,
                0x8D, 0x35, 0x4E, 0xDE, 0x00, 0x00, 0x48, 0x3B, 0xDE, 0x73, 0x4E, 0x83,
                0x3B, 0x50, 0x75, 0x44, 0x48, 0x8B, 0x43, 0x38, 0x48, 0x89, 0x1D, 0x41,
                0xDE, 0x00, 0x00, 0x48, 0x85, 0xC0, 0x74, 0x18, 0x4C, 0x8B, 0x05, 0x65,
                0xEC, 0x00, 0x00, 0x48, 0x8D, 0x0D, 0xE6, 0xBE, 0x00, 0x00, 0x4C, 0x8B,
                0xCB, 0x48, 0x8B, 0xD7, 0xFF, 0xD0, 0xEB, 0x12, 0x48, 0x8B, 0x15, 0x4D,
                0xEC, 0x00, 0x00, 0x4C, 0x8B, 0xC3, 0x48, 0x8B, 0xCF, 0xE8, 0xCA, 0xBE,
                0x00, 0x00, 0x85, 0xC0, 0x78, 0x0B, 0x48, 0x83, 0xC3, 0x50, 0xEB, 0xB2,
                0xB8, 0x04, 0x00, 0x00, 0xC0, 0x48, 0x8B, 0x5C, 0x24, 0x30, 0x48, 0x8B,
                0x74, 0x24, 0x38, 0x48, 0x83, 0xC4, 0x20, 0x5F, 0xC3, 0xCC, 0xCC, 0xCC,
                0xCC, 0xCC, 0xCC, 0xCC, 0xCC, 0xCC, 0xCC, 0xCC, 0x48, 0x89, 0x5C, 0x24,
                0x08, 0x57, 0x48, 0x83, 0xEC, 0x20, 0x48, 0x8D, 0x05, 0xEF, 0xDD, 0x00,
                0x00, 0x48, 0x8D, 0x0D, 0xE8, 0xDD, 0x00, 0x00, 0x48, 0x3B, 0xC1, 0x73,
                0x3C, 0x48, 0x2B, 0xC8, 0x48, 0xB8, 0xCD, 0xCC, 0xCC, 0xCC, 0xCC, 0xCC,
                0xCC, 0xCC, 0x48, 0x8D, 0x1D, 0xEF, 0xDD, 0x00, 0x00, 0x48, 0xFF, 0xC9,
                0x48, 0xF7, 0xE1, 0x48, 0x8B, 0xFA, 0x48, 0xC1, 0xEF, 0x05, 0x48, 0xFF,
                0xC7, 0x48, 0x8B, 0x03, 0x48, 0x85, 0xC0, 0x74, 0x06, 0xFF, 0xD0, 0x48,
                0x89, 0x43, 0xF8, 0x48, 0x83, 0xC3, 0x28, 0x48, 0x83, 0xEF, 0x01, 0x75,
                0xE8, 0x48, 0x8B, 0x5C, 0x24, 0x30, 0x48, 0x83, 0xC4, 0x20, 0x5F, 0xC3,
                0xCC, 0xCC, 0xCC, 0xCC, 0xCC, 0xCC, 0xCC, 0xCC, 0xCC, 0xCC, 0xCC, 0xCC,
                0x44, 0x89, 0x4C, 0x24, 0x20, 0x4C, 0x89, 0x44, 0x24, 0x18, 0x48, 0x89,
                0x54, 0x24, 0x10, 0x89, 0x4C, 0x24, 0x08, 0x66, 0xBA, 0xC8, 0x03, 0xB0,
                0x04, 0xEE, 0x66, 0xBA, 0xC9, 0x03, 0x8A, 0x05, 0x7C, 0xDD, 0x00, 0x00,
                0xEE, 0x8B, 0x05, 0x75, 0xDD, 0x00, 0x00, 0xC1, 0xE8, 0x08, 0x66, 0xBA,
                0xC9, 0x03, 0xEE, 0x8B, 0x05, 0x67, 0xDD, 0x00, 0x00, 0xC1, 0xE8, 0x10,
                0x66, 0xBA, 0xC9, 0x03, 0xEE, 0x66, 0xBA, 0xC8, 0x03, 0xB0, 0x0F, 0xEE,
                0x66, 0xBA, 0xC9, 0x03, 0x8A, 0x05, 0x52, 0xDD, 0x00, 0x00, 0xEE, 0x8B,
                0x05, 0x4B, 0xDD, 0x00, 0x00, 0xC1, 0xE8, 0x08, 0x66, 0xBA, 0xC9, 0x03,
                0xEE, 0x8B, 0x05, 0x3D, 0xDD, 0x00, 0x00, 0xC1, 0xE8, 0x10, 0x66, 0xBA,
                0xC9, 0x03, 0xEE, 0xC3, 0x48, 0x89, 0x54, 0x24, 0x10, 0x48, 0x89, 0x4C,
                0x24, 0x08, 0x48, 0x83, 0xEC, 0x58, 0x48, 0x8B, 0x54, 0x24, 0x60, 0x48,
                0x8D, 0x4C, 0x24, 0x28, 0xFF, 0x15, 0x42, 0xCD, 0x00, 0x00, 0x41, 0xB0,
                0x01, 0x48, 0x8D, 0x54, 0x24, 0x28, 0x48, 0x8D, 0x4C, 0x24, 0x38, 0xFF,
                0x15, 0x17, 0xCD, 0x00, 0x00, 0x89, 0x44, 0x24, 0x20, 0x83, 0x7C, 0x24,
                0x20, 0x00, 0x7D, 0x06, 0x8B, 0x44, 0x24, 0x20, 0xEB, 0x0F, 0x48, 0x8B,
                0x44, 0x24, 0x68, 0x48, 0x8B, 0x4C, 0x24, 0x40, 0x48, 0x89, 0x08, 0x33,
                0xC0, 0x48, 0x83, 0xC4, 0x58, 0xC3, 0xCC, 0xCC, 0xCC, 0xCC, 0xCC, 0xCC,
                0xCC, 0xCC, 0xCC, 0xCC, 0x48, 0x89, 0x54, 0x24, 0x10, 0x48, 0x89, 0x4C,
                0x24, 0x08, 0x48, 0x83, 0xEC, 0x28, 0x48, 0x8B, 0x44, 0x24, 0x38, 0xC7,
                0x40, 0x30, 0x00, 0x00, 0x00, 0x00, 0x48, 0x8B, 0x44, 0x24, 0x38, 0x48,
                0xC7, 0x40, 0x38, 0x00, 0x00, 0x00, 0x00, 0x33, 0xD2, 0x48, 0x8B, 0x4C,
                0x24, 0x38, 0xFF, 0x15, 0x5C, 0xCC, 0x00, 0x00, 0x33, 0xC0, 0x48, 0x83,
                0xC4, 0x28, 0xC3, 0xCC, 0x40, 0x57, 0x48, 0x81, 0xEC, 0x60, 0x01, 0x00,
                0x00, 0x48, 0x8B, 0x05, 0x94, 0xDB, 0x00, 0x00, 0x48, 0x33, 0xC4, 0x48,
                0x89, 0x84, 0x24, 0x50, 0x01, 0x00, 0x00, 0x48, 0x8D, 0x44, 0x24, 0x30,
                0x48, 0x8B, 0xF8, 0x33, 0xC0, 0xB9, 0x14, 0x01, 0x00, 0x00, 0xF3, 0xAA,
                0xC7, 0x44, 0x24, 0x30, 0x14, 0x01, 0x00, 0x00, 0x48, 0x8D, 0x4C, 0x24,
                0x30, 0xFF, 0x15, 0x5D, 0xCC, 0x00, 0x00, 0x90, 0x83, 0x7C, 0x24, 0x34,
                0x06, 0x75, 0x11, 0x83, 0x7C, 0x24, 0x38, 0x01, 0x75, 0x0A, 0xB8, 0x01,
                0x00, 0x00, 0x00, 0xE9, 0xA7, 0x00, 0x00, 0x00, 0x83, 0x7C, 0x24, 0x34,
                0x06, 0x75, 0x18, 0x83, 0x7C, 0x24, 0x38, 0x02, 0x74, 0x07, 0x83, 0x7C,
                0x24, 0x38, 0x03, 0x75, 0x0A, 0xB8, 0x02, 0x00, 0x00, 0x00, 0xE9, 0x88,
                0x00, 0x00, 0x00, 0x83, 0x7C, 0x24, 0x34, 0x0A, 0x72, 0x7F, 0x8B, 0x44,
                0x24, 0x3C, 0x89, 0x44, 0x24, 0x20, 0x81, 0x7C, 0x24, 0x20, 0x60, 0x6D,
                0x00, 0x00, 0x72, 0x07, 0xB8, 0x09, 0x00, 0x00, 0x00, 0xEB, 0x68, 0x81,
                0x7C, 0x24, 0x20, 0x58, 0x66, 0x00, 0x00, 0x72, 0x07, 0xB8, 0x08, 0x00,
                0x00, 0x00, 0xEB, 0x57, 0x81, 0x7C, 0x24, 0x20, 0xF4, 0x65, 0x00, 0x00,
                0x72, 0x07, 0xB8, 0x07, 0x00, 0x00, 0x00, 0xEB, 0x46, 0x81, 0x7C, 0x24,
                0x20, 0x67, 0x58, 0x00, 0x00, 0x72, 0x07, 0xB8, 0x06, 0x00, 0x00, 0x00,
                0xEB, 0x35, 0x81, 0x7C, 0x24, 0x20, 0x5D, 0x58, 0x00, 0x00, 0x72, 0x07,
                0xB8, 0x05, 0x00, 0x00, 0x00, 0xEB, 0x24, 0x81, 0x7C, 0x24, 0x20, 0xF0,
                0x55, 0x00, 0x00, 0x72, 0x07, 0xB8, 0x04, 0x00, 0x00, 0x00, 0xEB, 0x13,
                0x81, 0x7C, 0x24, 0x20, 0x00, 0x28, 0x00, 0x00, 0x72, 0x07, 0xB8, 0x03,
                0x00, 0x00, 0x00, 0xEB, 0x02, 0x33, 0xC0, 0x48, 0x8B, 0x8C, 0x24, 0x50,
                0x01, 0x00, 0x00, 0x48, 0x33, 0xCC, 0xE8, 0x45, 0xBC, 0x00, 0x00, 0x48,
                0x81, 0xC4, 0x60, 0x01, 0x00, 0x00, 0x5F, 0xC3, 0xCC, 0xCC, 0xCC, 0xCC,
                0xCC, 0xCC, 0xCC, 0xCC, 0xCC, 0xCC, 0xCC, 0xCC, 0x48, 0x89, 0x4C, 0x24,
                0x08, 0x48, 0x83, 0xEC, 0x48, 0xB2, 0x0A, 0xB9, 0xD4, 0x03, 0x00, 0x00,
                0xE8, 0x57, 0xB9, 0x00, 0x00, 0xB2, 0x20, 0xB9, 0xD5, 0x03, 0x00, 0x00,
                0xE8, 0x4B, 0xB9, 0x00, 0x00, 0x90, 0x0F, 0xB6, 0x05, 0x51, 0xDB, 0x00,
                0x00, 0x85, 0xC0, 0x0F, 0x85, 0x2C, 0x03, 0x00, 0x00, 0x48, 0xC7, 0x44,
                0x24, 0x30, 0x00, 0x00, 0x0A, 0x00, 0x45, 0x33, 0xC0, 0xBA, 0x00, 0x00,
                0x01, 0x00, 0x48, 0x8B, 0x4C, 0x24, 0x30, 0xFF, 0x15, 0xC3, 0xCA, 0x00,
                0x00, 0x48, 0x89, 0x44, 0x24, 0x28, 0xB9, 0xDA, 0x03, 0x00, 0x00, 0xE8,
                0xF4, 0xB8, 0x00, 0x00, 0x33, 0xD2, 0xB9, 0xC4, 0x03, 0x00, 0x00, 0xE8,
                0x04, 0xB9, 0x00, 0x00, 0xB2, 0x01, 0xB9, 0xC5, 0x03, 0x00, 0x00, 0xE8,
                0xF8, 0xB8, 0x00, 0x00, 0xB2, 0x02, 0xB9, 0xC4, 0x03, 0x00, 0x00, 0xE8,
                0xEC, 0xB8, 0x00, 0x00, 0xB2, 0x04, 0xB9, 0xC5, 0x03, 0x00, 0x00, 0xE8,
                0xE0, 0xB8, 0x00, 0x00, 0xB2, 0x04, 0xB9, 0xC4, 0x03, 0x00, 0x00, 0xE8,
                0xD4, 0xB8, 0x00, 0x00, 0xB2, 0x07, 0xB9, 0xC5, 0x03, 0x00, 0x00, 0xE8,
                0xC8, 0xB8, 0x00, 0x00, 0xB2, 0x03, 0xB9, 0xC4, 0x03, 0x00, 0x00, 0xE8,
                0xBC, 0xB8, 0x00, 0x00, 0x33, 0xD2, 0xB9, 0xC5, 0x03, 0x00, 0x00, 0xE8,
                0xB0, 0xB8, 0x00, 0x00, 0xB2, 0x04, 0xB9, 0xCE, 0x03, 0x00, 0x00, 0xE8,
                0xA4, 0xB8, 0x00, 0x00, 0xB2, 0x02, 0xB9, 0xCF, 0x03, 0x00, 0x00, 0xE8,
                0x98, 0xB8, 0x00, 0x00, 0xB2, 0x05, 0xB9, 0xCE, 0x03, 0x00, 0x00, 0xE8,
                0x8C, 0xB8, 0x00, 0x00, 0x33, 0xD2, 0xB9, 0xCF, 0x03, 0x00, 0x00, 0xE8,
                0x80, 0xB8, 0x00, 0x00, 0xB2, 0x06, 0xB9, 0xCE, 0x03, 0x00, 0x00, 0xE8,
                0x74, 0xB8, 0x00, 0x00, 0x33, 0xD2, 0xB9, 0xCF, 0x03, 0x00, 0x00, 0xE8,
                0x68, 0xB8, 0x00, 0x00, 0x90, 0xC6, 0x44, 0x24, 0x21, 0x01, 0xEB, 0x0A,
                0x8A, 0x44, 0x24, 0x21, 0xFE, 0xC0, 0x88, 0x44, 0x24, 0x21, 0x0F, 0xB6,
                0x44, 0x24, 0x21, 0x3D, 0x80, 0x00, 0x00, 0x00, 0x7D, 0x55, 0xC6, 0x44,
                0x24, 0x22, 0x00, 0xEB, 0x0A, 0x8A, 0x44, 0x24, 0x22, 0xFE, 0xC0, 0x88,
                0x44, 0x24, 0x22, 0x0F, 0xB6, 0x44, 0x24, 0x22, 0x83, 0xF8, 0x08, 0x7D,
                0x38, 0x0F, 0xB6, 0x44, 0x24, 0x21, 0x48, 0x8D, 0x0D, 0x67, 0xCC, 0x00,
                0x00, 0x48, 0x8D, 0x04, 0xC1, 0x0F, 0xB6, 0x4C, 0x24, 0x22, 0x0F, 0xB6,
                0x54, 0x24, 0x21, 0xFF, 0xC2, 0x6B, 0xD2, 0x20, 0x44, 0x0F, 0xB6, 0x44,
                0x24, 0x22, 0x41, 0x03, 0xD0, 0x8B, 0xD2, 0x4C, 0x8B, 0x44, 0x24, 0x28,
                0x8A, 0x04, 0x08, 0x41, 0x88, 0x04, 0x10, 0xEB, 0xB4, 0xEB, 0x95, 0x33,
                0xD2, 0xB9, 0xC4, 0x03, 0x00, 0x00, 0xE8, 0xE9, 0xB7, 0x00, 0x00, 0xB2,
                0x03, 0xB9, 0xC5, 0x03, 0x00, 0x00, 0xE8, 0xDD, 0xB7, 0x00, 0x00, 0xB2,
                0x02, 0xB9, 0xC4, 0x03, 0x00, 0x00, 0xE8, 0xD1, 0xB7, 0x00, 0x00, 0xB2,
                0x03, 0xB9, 0xC5, 0x03, 0x00, 0x00, 0xE8, 0xC5, 0xB7, 0x00, 0x00, 0xB2,
                0x04, 0xB9, 0xC4, 0x03, 0x00, 0x00, 0xE8, 0xB9, 0xB7, 0x00, 0x00, 0xB2,
                0x03, 0xB9, 0xC5, 0x03, 0x00, 0x00, 0xE8, 0xAD, 0xB7, 0x00, 0x00, 0xB2,
                0x03, 0xB9, 0xC4, 0x03, 0x00, 0x00, 0xE8, 0xA1, 0xB7, 0x00, 0x00, 0x33,
                0xD2, 0xB9, 0xC5, 0x03, 0x00, 0x00, 0xE8, 0x95, 0xB7, 0x00, 0x00, 0xB2,
                0x04, 0xB9, 0xCE, 0x03, 0x00, 0x00, 0xE8, 0x89, 0xB7, 0x00, 0x00, 0x33,
                0xD2, 0xB9, 0xCF, 0x03, 0x00, 0x00, 0xE8, 0x7D, 0xB7, 0x00, 0x00, 0xB2,
                0x05, 0xB9, 0xCE, 0x03, 0x00, 0x00, 0xE8, 0x71, 0xB7, 0x00, 0x00, 0xB2,
                0x10, 0xB9, 0xCF, 0x03, 0x00, 0x00, 0xE8, 0x65, 0xB7, 0x00, 0x00, 0xB2,
                0x06, 0xB9, 0xCE, 0x03, 0x00, 0x00, 0xE8, 0x59, 0xB7, 0x00, 0x00, 0xB2,
                0x0E, 0xB9, 0xCF, 0x03, 0x00, 0x00, 0xE8, 0x4D, 0xB7, 0x00, 0x00, 0xB2,
                0x11, 0xB9, 0xD4, 0x03, 0x00, 0x00, 0xE8, 0x41, 0xB7, 0x00, 0x00, 0xB2,
                0x8E, 0xB9, 0xD5, 0x03, 0x00, 0x00, 0xE8, 0x35, 0xB7, 0x00, 0x00, 0xB2,
                0x06, 0xB9, 0xD4, 0x03, 0x00, 0x00, 0xE8, 0x29, 0xB7, 0x00, 0x00, 0xB2,
                0xBF, 0xB9, 0xD5, 0x03, 0x00, 0x00, 0xE8, 0x1D, 0xB7, 0x00, 0x00, 0xB2,
                0x07, 0xB9, 0xD4, 0x03, 0x00, 0x00, 0xE8, 0x11, 0xB7, 0x00, 0x00, 0xB2,
                0x1F, 0xB9, 0xD5, 0x03, 0x00, 0x00, 0xE8, 0x05, 0xB7, 0x00, 0x00, 0xB2,
                0x09, 0xB9, 0xD4, 0x03, 0x00, 0x00, 0xE8, 0xF9, 0xB6, 0x00, 0x00, 0xB2,
                0x07, 0xB9, 0xD5, 0x03, 0x00, 0x00, 0xE8, 0xED, 0xB6, 0x00, 0x00, 0xB2,
                0x0A, 0xB9, 0xD4, 0x03, 0x00, 0x00, 0xE8, 0xE1, 0xB6, 0x00, 0x00, 0xB2,
                0x20, 0xB9, 0xD5, 0x03, 0x00, 0x00, 0xE8, 0xD5, 0xB6, 0x00, 0x00, 0xB2,
                0x0B, 0xB9, 0xD4, 0x03, 0x00, 0x00, 0xE8, 0xC9, 0xB6, 0x00, 0x00, 0xB2,
                0x20, 0xB9, 0xD5, 0x03, 0x00, 0x00, 0xE8, 0xBD, 0xB6, 0x00, 0x00, 0xB2,
                0x10, 0xB9, 0xD4, 0x03, 0x00, 0x00, 0xE8, 0xB1, 0xB6, 0x00, 0x00, 0xB2,
                0x9C, 0xB9, 0xD5, 0x03, 0x00, 0x00, 0xE8, 0xA5, 0xB6, 0x00, 0x00, 0xB2,
                0x12, 0xB9, 0xD4, 0x03, 0x00, 0x00, 0xE8, 0x99, 0xB6, 0x00, 0x00, 0xB2,
                0x8F, 0xB9, 0xD5, 0x03, 0x00, 0x00, 0xE8, 0x8D, 0xB6, 0x00, 0x00, 0xB2,
                0x15, 0xB9, 0xD4, 0x03, 0x00, 0x00, 0xE8, 0x81, 0xB6, 0x00, 0x00, 0xB2,
                0x96, 0xB9, 0xD5, 0x03, 0x00, 0x00, 0xE8, 0x75, 0xB6, 0x00, 0x00, 0xB2,
                0x16, 0xB9, 0xD4, 0x03, 0x00, 0x00, 0xE8, 0x69, 0xB6, 0x00, 0x00, 0xB2,
                0xB9, 0xB9, 0xD5, 0x03, 0x00, 0x00, 0xE8, 0x5D, 0xB6, 0x00, 0x00, 0xB9,
                0xDA, 0x03, 0x00, 0x00, 0xE8, 0x37, 0xB6, 0x00, 0x00, 0x90, 0x0F, 0xB6,
                0x05, 0x58, 0xD8, 0x00, 0x00, 0x85, 0xC0, 0x75, 0x25, 0xB2, 0x10, 0xB9,
                0xC0, 0x03, 0x00, 0x00, 0xE8, 0x3B, 0xB6, 0x00, 0x00, 0x33, 0xD2, 0xB9,
                0xC0, 0x03, 0x00, 0x00, 0xE8, 0x2F, 0xB6, 0x00, 0x00, 0xB2, 0x20, 0xB9,
                0xC0, 0x03, 0x00, 0x00, 0xE8, 0x23, 0xB6, 0x00, 0x00, 0x90, 0xBA, 0x00,
                0x00, 0x01, 0x00, 0x48, 0x8B, 0x4C, 0x24, 0x28, 0xFF, 0x15, 0x4E, 0xC8,
                0x00, 0x00, 0x90, 0xEB, 0x62, 0x0F, 0xB6, 0x05, 0x15, 0xD8, 0x00, 0x00,
                0x85, 0xC0, 0x75, 0x57, 0xB9, 0xDA, 0x03, 0x00, 0x00, 0xE8, 0xDE, 0xB5,
                0x00, 0x00, 0xB2, 0x10, 0xB9, 0xC0, 0x03, 0x00, 0x00, 0xE8, 0xEE, 0xB5,
                0x00, 0x00, 0xB9, 0xC1, 0x03, 0x00, 0x00, 0xE8, 0xC8, 0xB5, 0x00, 0x00,
                0x88, 0x44, 0x24, 0x23, 0x0F, 0xB6, 0x44, 0x24, 0x23, 0x25, 0xF7, 0x00,
                0x00, 0x00, 0x88, 0x44, 0x24, 0x23, 0xB9, 0xDA, 0x03, 0x00, 0x00, 0xE8,
                0xAC, 0xB5, 0x00, 0x00, 0xB2, 0x10, 0xB9, 0xC0, 0x03, 0x00, 0x00, 0xE8,
                0xBC, 0xB5, 0x00, 0x00, 0x8A, 0x54, 0x24, 0x23, 0xB9, 0xC0, 0x03, 0x00,
                0x00, 0xE8, 0xAE, 0xB5, 0x00, 0x00, 0x90, 0x0F, 0xB6, 0x05, 0xB5, 0xD7,
                0x00, 0x00, 0x85, 0xC0, 0x74, 0x6A, 0xC6, 0x44, 0x24, 0x20, 0x00, 0xEB,
                0x33, 0x0F, 0xB6, 0x44, 0x24, 0x20, 0x83, 0xF8, 0x0F, 0x75, 0x0F, 0xC6,
                0x44, 0x24, 0x20, 0x00, 0x8A, 0x44, 0x24, 0x20, 0x88, 0x44, 0x24, 0x24,
                0xEB, 0x12, 0x8A, 0x44, 0x24, 0x20, 0xFE, 0xC0, 0x88, 0x44, 0x24, 0x20,
                0x8A, 0x44, 0x24, 0x20, 0x88, 0x44, 0x24, 0x24, 0x8A, 0x44, 0x24, 0x24,
                0x88, 0x44, 0x24, 0x20, 0x0F, 0xB6, 0x44, 0x24, 0x20, 0xB9, 0x0F, 0x00,
                0x00, 0x00, 0x2B, 0xC8, 0x8B, 0xC1, 0x0F, 0xB6, 0x4C, 0x24, 0x20, 0x44,
                0x8A, 0x0D, 0x5B, 0xD7, 0x00, 0x00, 0x44, 0x8B, 0xC0, 0x8B, 0xD1, 0x48,
                0x8B, 0x0D, 0x96, 0xD7, 0x00, 0x00, 0xE8, 0x9D, 0xB1, 0x00, 0x00, 0x90,
                0xEB, 0x9F, 0xEB, 0x21, 0x44, 0x8A, 0x0D, 0x3E, 0xD7, 0x00, 0x00, 0x44,
                0x8B, 0x05, 0x86, 0xD7, 0x00, 0x00, 0x8B, 0x15, 0x34, 0xD7, 0x00, 0x00,
                0x48, 0x8B, 0x0D, 0x71, 0xD7, 0x00, 0x00, 0xE8, 0x78, 0xB1, 0x00, 0x00,
                0x90, 0x33, 0xC0, 0x48, 0x83, 0xC4, 0x48, 0xC3, 0x44, 0x89, 0x4C, 0x24,
                0x20, 0x44, 0x89, 0x44, 0x24, 0x18, 0x89, 0x54, 0x24, 0x10, 0x48, 0x89,
                0x4C, 0x24, 0x08, 0x48, 0x81, 0xEC, 0xA8, 0x00, 0x00, 0x00, 0x48, 0x8B,
                0x05, 0x03, 0xD6, 0x00, 0x00, 0x48, 0x33, 0xC4, 0x48, 0x89, 0x84, 0x24,
                0x98, 0x00, 0x00, 0x00, 0x0F, 0xB6, 0x05, 0xE9, 0xD7, 0x00, 0x00, 0x85,
                0xC0, 0x75, 0x1E, 0x44, 0x8B, 0x84, 0x24, 0xC8, 0x00, 0x00, 0x00, 0x8B,
                0x94, 0x24, 0xC0, 0x00, 0x00, 0x00, 0x48, 0x8B, 0x0D, 0xF7, 0xD6, 0x00,
                0x00, 0xE8, 0x72, 0x65, 0x00, 0x00, 0x90, 0xEB, 0x20, 0x48, 0x8B, 0x05,
                0xC8, 0xD6, 0x00, 0x00, 0x8B, 0x8C, 0x24, 0xC0, 0x00, 0x00, 0x00, 0x89,
                0x08, 0x48, 0x8B, 0x05, 0xC0, 0xD6, 0x00, 0x00, 0x8B, 0x8C, 0x24, 0xC8,
                0x00, 0x00, 0x00, 0x89, 0x08, 0xB1, 0x0F, 0xE8, 0xFC, 0xB3, 0x00, 0x00,
                0x88, 0x44, 0x24, 0x38, 0xC6, 0x44, 0x24, 0x34, 0xCC, 0xC6, 0x44, 0x24,
                0x35, 0xEB, 0xC6, 0x44, 0x24, 0x36, 0xFE, 0xC6, 0x44, 0x24, 0x37, 0xC3,
                0x41, 0xB8, 0x04, 0x00, 0x00, 0x00, 0x48, 0x8D, 0x54, 0x24, 0x34, 0x48,
                0x8B, 0x0D, 0xD6, 0xC5, 0x00, 0x00, 0xE8, 0xC9, 0xAF, 0x00, 0x00, 0xFF,
                0x15, 0x53, 0xC6, 0x00, 0x00, 0xC6, 0x44, 0x24, 0x30, 0x00, 0xE8, 0x31,
                0x32, 0x00, 0x00, 0x41, 0xB8, 0x01, 0x00, 0x00, 0x00, 0x48, 0x8D, 0x54,
                0x24, 0x30, 0x48, 0x8B, 0xC8, 0xE8, 0xA6, 0xAF, 0x00, 0x00, 0xE8, 0xAD,
                0xF9, 0xFF, 0xFF, 0x89, 0x44, 0x24, 0x3C, 0x8B, 0x84, 0x24, 0xD8, 0x00,
                0x00, 0x00, 0x89, 0x84, 0x24, 0x88, 0x00, 0x00, 0x00, 0x8B, 0x84, 0x24,
                0xE0, 0x00, 0x00, 0x00, 0x89, 0x84, 0x24, 0x8C, 0x00, 0x00, 0x00, 0x83,
                0x7C, 0x24, 0x3C, 0x08, 0x7C, 0x26, 0x83, 0x7C, 0x24, 0x3C, 0x09, 0x75,
                0x0D, 0x8B, 0x84, 0x24, 0xE0, 0x00, 0x00, 0x00, 0x89, 0x44, 0x24, 0x40,
                0xEB, 0x08, 0xC7, 0x44, 0x24, 0x40, 0x00, 0x00, 0x00, 0x00, 0x8B, 0x44,
                0x24, 0x40, 0x89, 0x44, 0x24, 0x44, 0xEB, 0x0B, 0x8B, 0x84, 0x24, 0xD8,
                0x00, 0x00, 0x00, 0x89, 0x44, 0x24, 0x44, 0x8B, 0x44, 0x24, 0x44, 0x89,
                0x84, 0x24, 0x90, 0x00, 0x00, 0x00, 0xE8, 0x65, 0x02, 0x00, 0x00, 0x41,
                0xB8, 0x0C, 0x00, 0x00, 0x00, 0x48, 0x8D, 0x94, 0x24, 0x88, 0x00, 0x00,
                0x00, 0x48, 0x8B, 0xC8, 0xE8, 0x23, 0xAF, 0x00, 0x00, 0x48, 0x8B, 0x94,
                0x24, 0xB0, 0x00, 0x00, 0x00, 0x48, 0x8D, 0x4C, 0x24, 0x78, 0xFF, 0x15,
                0xD8, 0xC5, 0x00, 0x00, 0x0F, 0xB7, 0x44, 0x24, 0x78, 0x66, 0x89, 0x44,
                0x24, 0x48, 0x0F, 0xB7, 0x44, 0x24, 0x7A, 0x66, 0x89, 0x44, 0x24, 0x4A,
                0xC7, 0x44, 0x24, 0x4C, 0x00, 0x00, 0x00, 0x00, 0x48, 0x8B, 0x84, 0x24,
                0x80, 0x00, 0x00, 0x00, 0x48, 0x89, 0x44, 0x24, 0x50, 0xE8, 0x4A, 0x18,
                0x00, 0x00, 0x48, 0x89, 0x44, 0x24, 0x58, 0x48, 0x8B, 0x44, 0x24, 0x58,
                0xFF, 0x15, 0xCA, 0xC5, 0x00, 0x00, 0x90, 0x0F, 0xB6, 0x84, 0x24, 0xE8,
                0x00, 0x00, 0x00, 0x85, 0xC0, 0x74, 0x1F, 0x48, 0x8B, 0x05, 0x86, 0xD5,
                0x00, 0x00, 0x48, 0x89, 0x44, 0x24, 0x60, 0x8B, 0x8C, 0x24, 0xD0, 0x00,
                0x00, 0x00, 0x48, 0x8B, 0x44, 0x24, 0x60, 0xFF, 0x15, 0x9F, 0xC5, 0x00,
                0x00, 0x90, 0x48, 0x8B, 0x05, 0x77, 0xD5, 0x00, 0x00, 0x48, 0x89, 0x44,
                0x24, 0x68, 0x48, 0x8B, 0x44, 0x24, 0x68, 0x48, 0x89, 0x44, 0x24, 0x70,
                0x41, 0xB9, 0x02, 0x00, 0x00, 0x00, 0x45, 0x33, 0xC0, 0x8B, 0x94, 0x24,
                0xB8, 0x00, 0x00, 0x00, 0x48, 0x8D, 0x4C, 0x24, 0x48, 0x48, 0x8B, 0x44,
                0x24, 0x70, 0xFF, 0x15, 0x68, 0xC5, 0x00, 0x00, 0x90, 0x48, 0x8B, 0x8C,
                0x24, 0x98, 0x00, 0x00, 0x00, 0x48, 0x33, 0xCC, 0xE8, 0xBF, 0xB5, 0x00,
                0x00, 0x48, 0x81, 0xC4, 0xA8, 0x00, 0x00, 0x00, 0xC3, 0xCC, 0xCC, 0xCC,
                0x4C, 0x89, 0x4C, 0x24, 0x20, 0x4C, 0x89, 0x44, 0x24, 0x18, 0x48, 0x89,
                0x54, 0x24, 0x10, 0x48, 0x89, 0x4C, 0x24, 0x08, 0x48, 0x83, 0xEC, 0x28,
                0x48, 0x8B, 0x44, 0x24, 0x30, 0x48, 0x89, 0x44, 0x24, 0x10, 0x48, 0xC7,
                0x44, 0x24, 0x08, 0x00, 0x00, 0x00, 0x00, 0xEB, 0x0D, 0x48, 0x8B, 0x44,
                0x24, 0x08, 0x48, 0xFF, 0xC0, 0x48, 0x89, 0x44, 0x24, 0x08, 0x48, 0x8B,
                0x44, 0x24, 0x48, 0x48, 0x8B, 0x4C, 0x24, 0x40, 0x48, 0x2B, 0xC8, 0x48,
                0x8B, 0xC1, 0x48, 0x39, 0x44, 0x24, 0x08, 0x0F, 0x87, 0x8A, 0x00, 0x00,
                0x00, 0x48, 0xC7, 0x04, 0x24, 0x00, 0x00, 0x00, 0x00, 0xEB, 0x0B, 0x48,
                0x8B, 0x04, 0x24, 0x48, 0xFF, 0xC0, 0x48, 0x89, 0x04, 0x24, 0x48, 0x8B,
                0x44, 0x24, 0x48, 0x48, 0x39, 0x04, 0x24, 0x73, 0x48, 0x48, 0x8B, 0x04,
                0x24, 0x48, 0x8B, 0x4C, 0x24, 0x08, 0x48, 0x03, 0xC8, 0x48, 0x8B, 0xC1,
                0x48, 0x8B, 0x4C, 0x24, 0x10, 0x0F, 0xB6, 0x04, 0x01, 0x48, 0x8B, 0x0C,
                0x24, 0x48, 0x8B, 0x54, 0x24, 0x38, 0x48, 0x03, 0xD1, 0x48, 0x8B, 0xCA,
                0x0F, 0xB6, 0x09, 0x3B, 0xC1, 0x74, 0x18, 0x48, 0x8B, 0x04, 0x24, 0x48,
                0x8B, 0x4C, 0x24, 0x38, 0x48, 0x03, 0xC8, 0x48, 0x8B, 0xC1, 0x0F, 0xB6,
                0x00, 0x85, 0xC0, 0x74, 0x02, 0xEB, 0x02, 0xEB, 0xA2, 0x48, 0x8B, 0x44,
                0x24, 0x48, 0x48, 0x39, 0x04, 0x24, 0x75, 0x12, 0x48, 0x8B, 0x44, 0x24,
                0x08, 0x48, 0x8B, 0x4C, 0x24, 0x10, 0x48, 0x03, 0xC8, 0x48, 0x8B, 0xC1,
                0xEB, 0x07, 0xE9, 0x4E, 0xFF, 0xFF, 0xFF, 0x33, 0xC0, 0x48, 0x83, 0xC4,
                0x28, 0xC3, 0xCC, 0xCC, 0x4C, 0x89, 0x44, 0x24, 0x18, 0x48, 0x89, 0x54,
                0x24, 0x10, 0x48, 0x89, 0x4C, 0x24, 0x08, 0x48, 0x83, 0xEC, 0x18, 0x48,
                0x8B, 0x44, 0x24, 0x20, 0x48, 0x89, 0x44, 0x24, 0x08, 0xC7, 0x44, 0x24,
                0x04, 0x00, 0x00, 0x00, 0x00, 0xEB, 0x0A, 0x8B, 0x44, 0x24, 0x04, 0xFF,
                0xC0, 0x89, 0x44, 0x24, 0x04, 0xC7, 0x04, 0x24, 0x00, 0x00, 0x00, 0x00,
                0xEB, 0x08, 0x8B, 0x04, 0x24, 0xFF, 0xC0, 0x89, 0x04, 0x24, 0x8B, 0x04,
                0x24, 0x48, 0x3B, 0x44, 0x24, 0x30, 0x73, 0x2A, 0x8B, 0x04, 0x24, 0x8B,
                0x4C, 0x24, 0x04, 0x03, 0xC8, 0x8B, 0xC1, 0x8B, 0xC0, 0x48, 0x8B, 0x4C,
                0x24, 0x08, 0x0F, 0xB6, 0x04, 0x01, 0x8B, 0x0C, 0x24, 0x48, 0x8B, 0x54,
                0x24, 0x28, 0x0F, 0xB6, 0x0C, 0x0A, 0x3B, 0xC1, 0x74, 0x02, 0xEB, 0x02,
                0xEB, 0xC4, 0x8B, 0x04, 0x24, 0x48, 0x3B, 0x44, 0x24, 0x30, 0x75, 0x11,
                0x8B, 0x44, 0x24, 0x04, 0x48, 0x8B, 0x4C, 0x24, 0x08, 0x48, 0x03, 0xC8,
                0x48, 0x8B, 0xC1, 0xEB, 0x02, 0xEB, 0x94, 0x48, 0x83, 0xC4, 0x18, 0xC3,
                0x48, 0x83, 0xEC, 0x78, 0xE8, 0x83, 0x17, 0x00, 0x00, 0x48, 0x89, 0x44,
                0x24, 0x38, 0x48, 0x83, 0x7C, 0x24, 0x38, 0x00, 0x75, 0x07, 0x33, 0xC0,
                0xE9, 0x86, 0x01, 0x00, 0x00, 0xC7, 0x44, 0x24, 0x28, 0x00, 0x00, 0x00,
                0x00, 0xE8, 0xB6, 0xF6, 0xFF, 0xFF, 0x89, 0x44, 0x24, 0x2C, 0x83, 0x7C,
                0x24, 0x2C, 0x02, 0x75, 0x0A, 0xC7, 0x44, 0x24, 0x28, 0xEB, 0x00, 0x00,
                0x00, 0xEB, 0x42, 0x83, 0x7C, 0x24, 0x2C, 0x03, 0x75, 0x0A, 0xC7, 0x44,
                0x24, 0x28, 0x39, 0x01, 0x00, 0x00, 0xEB, 0x31, 0x83, 0x7C, 0x24, 0x2C,
                0x07, 0x75, 0x0A, 0xC7, 0x44, 0x24, 0x28, 0x2B, 0x01, 0x00, 0x00, 0xEB,
                0x20, 0x83, 0x7C, 0x24, 0x2C, 0x08, 0x75, 0x0A, 0xC7, 0x44, 0x24, 0x28,
                0x2A, 0x01, 0x00, 0x00, 0xEB, 0x0F, 0x83, 0x7C, 0x24, 0x2C, 0x09, 0x75,
                0x08, 0xC7, 0x44, 0x24, 0x28, 0x30, 0x01, 0x00, 0x00, 0x8B, 0x44, 0x24,
                0x28, 0x48, 0x8B, 0x4C, 0x24, 0x38, 0x48, 0x03, 0xC8, 0x48, 0x8B, 0xC1,
                0x48, 0x89, 0x44, 0x24, 0x38, 0x48, 0x8B, 0x44, 0x24, 0x38, 0x48, 0x89,
                0x44, 0x24, 0x40, 0x48, 0x8B, 0x44, 0x24, 0x38, 0x48, 0x89, 0x44, 0x24,
                0x50, 0xC6, 0x44, 0x24, 0x21, 0x00, 0xC6, 0x44, 0x24, 0x20, 0x00, 0xC7,
                0x44, 0x24, 0x30, 0x00, 0x00, 0x00, 0x00, 0xB8, 0x01, 0x00, 0x00, 0x00,
                0x48, 0x6B, 0xC0, 0x00, 0x48, 0x8B, 0x4C, 0x24, 0x40, 0x8A, 0x04, 0x01,
                0x88, 0x44, 0x24, 0x21, 0xB8, 0x01, 0x00, 0x00, 0x00, 0x48, 0x6B, 0xC0,
                0x01, 0x48, 0x8B, 0x4C, 0x24, 0x40, 0x8A, 0x04, 0x01, 0x88, 0x44, 0x24,
                0x20, 0xEB, 0x07, 0x33, 0xC0, 0xE9, 0xB5, 0x00, 0x00, 0x00, 0x0F, 0xB6,
                0x44, 0x24, 0x21, 0x83, 0xF8, 0x03, 0x74, 0x07, 0x33, 0xC0, 0xE9, 0xA4,
                0x00, 0x00, 0x00, 0x0F, 0xB6, 0x44, 0x24, 0x20, 0xC1, 0xF8, 0x06, 0x83,
                0xE0, 0x03, 0x88, 0x44, 0x24, 0x23, 0x0F, 0xB6, 0x44, 0x24, 0x20, 0xC1,
                0xF8, 0x03, 0x83, 0xE0, 0x07, 0x88, 0x44, 0x24, 0x22, 0x0F, 0xB6, 0x44,
                0x24, 0x20, 0x83, 0xE0, 0x07, 0x88, 0x44, 0x24, 0x24, 0x0F, 0xB6, 0x44,
                0x24, 0x22, 0x83, 0xF8, 0x01, 0x74, 0x0E, 0x0F, 0xB6, 0x44, 0x24, 0x22,
                0x83, 0xF8, 0x02, 0x74, 0x04, 0x33, 0xC0, 0xEB, 0x62, 0x0F, 0xB6, 0x44,
                0x24, 0x23, 0x85, 0xC0, 0x75, 0x0A, 0x0F, 0xB6, 0x44, 0x24, 0x24, 0x83,
                0xF8, 0x05, 0x74, 0x04, 0x33, 0xC0, 0xEB, 0x4B, 0x48, 0x8B, 0x44, 0x24,
                0x40, 0x8B, 0x40, 0x02, 0x89, 0x44, 0x24, 0x30, 0xEB, 0x04, 0x33, 0xC0,
                0xEB, 0x39, 0x48, 0xC7, 0x44, 0x24, 0x48, 0x06, 0x00, 0x00, 0x00, 0x48,
                0x8B, 0x44, 0x24, 0x48, 0x48, 0x8B, 0x4C, 0x24, 0x50, 0x48, 0x03, 0xC8,
                0x48, 0x8B, 0xC1, 0x48, 0x63, 0x4C, 0x24, 0x30, 0x48, 0x03, 0xC1, 0x48,
                0x89, 0x44, 0x24, 0x58, 0x48, 0x8B, 0x44, 0x24, 0x58, 0x48, 0x83, 0xE8,
                0x08, 0x48, 0x89, 0x44, 0x24, 0x60, 0x48, 0x8B, 0x44, 0x24, 0x60, 0x48,
                0x83, 0xC4, 0x78, 0xC3, 0x48, 0x81, 0xEC, 0x08, 0x02, 0x00, 0x00, 0x48,
                0x8B, 0x05, 0xCE, 0xD0, 0x00, 0x00, 0x48, 0x33, 0xC4, 0x48, 0x89, 0x84,
                0x24, 0xF0, 0x01, 0x00, 0x00, 0xC6, 0x84, 0x24, 0x50, 0x01, 0x00, 0x00,
                0x44, 0xC6, 0x84, 0x24, 0x51, 0x01, 0x00, 0x00, 0x89, 0xC6, 0x84, 0x24,
                0x52, 0x01, 0x00, 0x00, 0x44, 0xC6, 0x84, 0x24, 0x53, 0x01, 0x00, 0x00,
                0x24, 0xC6, 0x84, 0x24, 0x54, 0x01, 0x00, 0x00, 0x00, 0xC6, 0x84, 0x24,
                0x55, 0x01, 0x00, 0x00, 0x55, 0xC6, 0x84, 0x24, 0x56, 0x01, 0x00, 0x00,
                0x53, 0xC6, 0x84, 0x24, 0x57, 0x01, 0x00, 0x00, 0x56, 0xC6, 0x84, 0x24,
                0x58, 0x01, 0x00, 0x00, 0x57, 0xC6, 0x84, 0x24, 0x59, 0x01, 0x00, 0x00,
                0x41, 0xC6, 0x84, 0x24, 0x5A, 0x01, 0x00, 0x00, 0x54, 0xC6, 0x84, 0x24,
                0x5B, 0x01, 0x00, 0x00, 0x41, 0xC6, 0x84, 0x24, 0x5C, 0x01, 0x00, 0x00,
                0x55, 0xC6, 0x84, 0x24, 0x5D, 0x01, 0x00, 0x00, 0x41, 0xC6, 0x84, 0x24,
                0x5E, 0x01, 0x00, 0x00, 0x56, 0xC6, 0x84, 0x24, 0x5F, 0x01, 0x00, 0x00,
                0x41, 0xC6, 0x84, 0x24, 0x60, 0x01, 0x00, 0x00, 0x57, 0xC6, 0x84, 0x24,
                0x61, 0x01, 0x00, 0x00, 0x48, 0xC6, 0x84, 0x24, 0x62, 0x01, 0x00, 0x00,
                0x8B, 0xC6, 0x84, 0x24, 0x63, 0x01, 0x00, 0x00, 0xEC, 0xC6, 0x84, 0x24,
                0x64, 0x01, 0x00, 0x00, 0x48, 0xC6, 0x84, 0x24, 0x65, 0x01, 0x00, 0x00,
                0x83, 0xC6, 0x84, 0x24, 0x66, 0x01, 0x00, 0x00, 0xEC, 0xC6, 0x84, 0x24,
                0x67, 0x01, 0x00, 0x00, 0x00, 0xC6, 0x84, 0x24, 0x68, 0x01, 0x00, 0x00,
                0x8B, 0xC6, 0x84, 0x24, 0x69, 0x01, 0x00, 0x00, 0x3D, 0xC6, 0x84, 0x24,
                0x6A, 0x01, 0x00, 0x00, 0x00, 0xC6, 0x84, 0x24, 0x6B, 0x01, 0x00, 0x00,
                0x00, 0xC6, 0x84, 0x24, 0x6C, 0x01, 0x00, 0x00, 0x00, 0xC6, 0x84, 0x24,
                0x6D, 0x01, 0x00, 0x00, 0x00, 0xC6, 0x84, 0x24, 0x6E, 0x01, 0x00, 0x00,
                0x8B, 0xC6, 0x84, 0x24, 0x6F, 0x01, 0x00, 0x00, 0x35, 0xC6, 0x84, 0x24,
                0x70, 0x01, 0x00, 0x00, 0x00, 0xC6, 0x84, 0x24, 0x71, 0x01, 0x00, 0x00,
                0x00, 0xC6, 0x84, 0x24, 0x72, 0x01, 0x00, 0x00, 0x00, 0xC6, 0x84, 0x24,
                0x73, 0x01, 0x00, 0x00, 0x00, 0xC6, 0x84, 0x24, 0x74, 0x01, 0x00, 0x00,
                0x8B, 0xC6, 0x84, 0x24, 0x75, 0x01, 0x00, 0x00, 0x1D, 0xC6, 0x84, 0x24,
                0x76, 0x01, 0x00, 0x00, 0x00, 0xC6, 0x84, 0x24, 0x77, 0x01, 0x00, 0x00,
                0x00, 0xC6, 0x84, 0x24, 0x78, 0x01, 0x00, 0x00, 0x00, 0xC6, 0x84, 0x24,
                0x79, 0x01, 0x00, 0x00, 0x00, 0xC6, 0x84, 0x24, 0x7A, 0x01, 0x00, 0x00,
                0x4C, 0xC6, 0x84, 0x24, 0x7B, 0x01, 0x00, 0x00, 0x8B, 0xC6, 0x84, 0x24,
                0x7C, 0x01, 0x00, 0x00, 0xE9, 0xC6, 0x84, 0x24, 0x7D, 0x01, 0x00, 0x00,
                0x44, 0xC6, 0x84, 0x24, 0x7E, 0x01, 0x00, 0x00, 0x8B, 0xC6, 0x84, 0x24,
                0x7F, 0x01, 0x00, 0x00, 0xC2, 0xC6, 0x84, 0x24, 0x80, 0x01, 0x00, 0x00,
                0x48, 0xC6, 0x84, 0x24, 0x81, 0x01, 0x00, 0x00, 0x8D, 0xC6, 0x84, 0x24,
                0x82, 0x01, 0x00, 0x00, 0x0D, 0xC6, 0x84, 0x24, 0x83, 0x01, 0x00, 0x00,
                0x00, 0xC6, 0x84, 0x24, 0x84, 0x01, 0x00, 0x00, 0x00, 0xC6, 0x84, 0x24,
                0x85, 0x01, 0x00, 0x00, 0x00, 0xC6, 0x84, 0x24, 0x86, 0x01, 0x00, 0x00,
                0x00, 0xC6, 0x84, 0x24, 0x87, 0x01, 0x00, 0x00, 0x49, 0xC6, 0x84, 0x24,
                0x88, 0x01, 0x00, 0x00, 0x63, 0xC6, 0x84, 0x24, 0x89, 0x01, 0x00, 0x00,
                0xC1, 0xC6, 0x84, 0x24, 0x8A, 0x01, 0x00, 0x00, 0x45, 0xC6, 0x84, 0x24,
                0x8B, 0x01, 0x00, 0x00, 0x32, 0xC6, 0x84, 0x24, 0x8C, 0x01, 0x00, 0x00,
                0xE4, 0xC6, 0x84, 0x24, 0x8D, 0x01, 0x00, 0x00, 0x44, 0xC6, 0x84, 0x24,
                0x8E, 0x01, 0x00, 0x00, 0x89, 0xC6, 0x84, 0x24, 0x8F, 0x01, 0x00, 0x00,
                0x65, 0xC6, 0x84, 0x24, 0x90, 0x01, 0x00, 0x00, 0x00, 0xC6, 0x84, 0x24,
                0x91, 0x01, 0x00, 0x00, 0x48, 0xC6, 0x84, 0x24, 0x92, 0x01, 0x00, 0x00,
                0x6B, 0xC6, 0x84, 0x24, 0x93, 0x01, 0x00, 0x00, 0xC0, 0xC6, 0x84, 0x24,
                0x94, 0x01, 0x00, 0x00, 0x00, 0xC6, 0x84, 0x24, 0x95, 0x01, 0x00, 0x00,
                0x48, 0xC6, 0x84, 0x24, 0x96, 0x01, 0x00, 0x00, 0x03, 0xC6, 0x84, 0x24,
                0x97, 0x01, 0x00, 0x00, 0xC1, 0xC6, 0x84, 0x24, 0x98, 0x01, 0x00, 0x00,
                0x48, 0xC6, 0x84, 0x24, 0x99, 0x01, 0x00, 0x00, 0x89, 0xC6, 0x84, 0x24,
                0x9A, 0x01, 0x00, 0x00, 0x45, 0xC6, 0x84, 0x24, 0x9B, 0x01, 0x00, 0x00,
                0x00, 0xC6, 0x84, 0x24, 0x9C, 0x01, 0x00, 0x00, 0x8B, 0xC6, 0x84, 0x24,
                0x9D, 0x01, 0x00, 0x00, 0x48, 0xC6, 0x84, 0x24, 0x9E, 0x01, 0x00, 0x00,
                0x00, 0xC6, 0x84, 0x24, 0x9F, 0x01, 0x00, 0x00, 0x44, 0xC6, 0x84, 0x24,
                0xA0, 0x01, 0x00, 0x00, 0x8B, 0xC6, 0x84, 0x24, 0xA1, 0x01, 0x00, 0x00,
                0x78, 0xC6, 0x84, 0x24, 0xA2, 0x01, 0x00, 0x00, 0x00, 0xC6, 0x84, 0x24,
                0xA3, 0x01, 0x00, 0x00, 0x03, 0xC6, 0x84, 0x24, 0xA4, 0x01, 0x00, 0x00,
                0x48, 0xC6, 0x84, 0x24, 0xA5, 0x01, 0x00, 0x00, 0x00, 0xC6, 0x84, 0x24,
                0xA6, 0x01, 0x00, 0x00, 0x48, 0xC6, 0x84, 0x24, 0xA7, 0x01, 0x00, 0x00,
                0x8B, 0xC6, 0x84, 0x24, 0xA8, 0x01, 0x00, 0x00, 0x05, 0xC6, 0x84, 0x24,
                0xA9, 0x01, 0x00, 0x00, 0x00, 0xC6, 0x84, 0x24, 0xAA, 0x01, 0x00, 0x00,
                0x00, 0xC6, 0x84, 0x24, 0xAB, 0x01, 0x00, 0x00, 0x00, 0xC6, 0x84, 0x24,
                0xAC, 0x01, 0x00, 0x00, 0x00, 0xC6, 0x84, 0x24, 0xAD, 0x01, 0x00, 0x00,
                0x48, 0xC6, 0x84, 0x24, 0xAE, 0x01, 0x00, 0x00, 0x8B, 0xC6, 0x84, 0x24,
                0xAF, 0x01, 0x00, 0x00, 0x50, 0xC6, 0x84, 0x24, 0xB0, 0x01, 0x00, 0x00,
                0x00, 0xC6, 0x84, 0x24, 0xB1, 0x01, 0x00, 0x00, 0x89, 0xC6, 0x84, 0x24,
                0xB2, 0x01, 0x00, 0x00, 0x4D, 0xC6, 0x84, 0x24, 0xB3, 0x01, 0x00, 0x00,
                0x00, 0xC6, 0x84, 0x24, 0xB4, 0x01, 0x00, 0x00, 0x44, 0xC6, 0x84, 0x24,
                0xB5, 0x01, 0x00, 0x00, 0x03, 0xC6, 0x84, 0x24, 0xB6, 0x01, 0x00, 0x00,
                0xF9, 0xC6, 0x84, 0x24, 0xB7, 0x01, 0x00, 0x00, 0x44, 0xC6, 0x84, 0x24,
                0xB8, 0x01, 0x00, 0x00, 0x89, 0xC6, 0x84, 0x24, 0xB9, 0x01, 0x00, 0x00,
                0x42, 0xC6, 0x84, 0x24, 0xBA, 0x01, 0x00, 0x00, 0x00, 0xC6, 0x84, 0x24,
                0xBB, 0x01, 0x00, 0x00, 0x48, 0xC6, 0x84, 0x24, 0xBC, 0x01, 0x00, 0x00,
                0x8B, 0xC6, 0x84, 0x24, 0xBD, 0x01, 0x00, 0x00, 0x05, 0xC6, 0x84, 0x24,
                0xBE, 0x01, 0x00, 0x00, 0x00, 0xC6, 0x84, 0x24, 0xBF, 0x01, 0x00, 0x00,
                0x00, 0xC6, 0x84, 0x24, 0xC0, 0x01, 0x00, 0x00, 0x00, 0xC6, 0x84, 0x24,
                0xC1, 0x01, 0x00, 0x00, 0x00, 0xC6, 0x84, 0x24, 0xC2, 0x01, 0x00, 0x00,
                0x4C, 0xC6, 0x84, 0x24, 0xC3, 0x01, 0x00, 0x00, 0x8D, 0xC6, 0x84, 0x24,
                0xC4, 0x01, 0x00, 0x00, 0x72, 0xC6, 0x84, 0x24, 0xC5, 0x01, 0x00, 0x00,
                0x00, 0xC6, 0x84, 0x24, 0xC6, 0x01, 0x00, 0x00, 0x44, 0xC6, 0x84, 0x24,
                0xC7, 0x01, 0x00, 0x00, 0x89, 0xC6, 0x84, 0x24, 0xC8, 0x01, 0x00, 0x00,
                0x40, 0xC6, 0x84, 0x24, 0xC9, 0x01, 0x00, 0x00, 0x00, 0xC6, 0x84, 0x24,
                0xCA, 0x01, 0x00, 0x00, 0x4C, 0xC6, 0x84, 0x24, 0xCB, 0x01, 0x00, 0x00,
                0x8D, 0xC6, 0x84, 0x24, 0xCC, 0x01, 0x00, 0x00, 0x45, 0xC6, 0x84, 0x24,
                0xCD, 0x01, 0x00, 0x00, 0x00, 0xC6, 0x84, 0x24, 0xCE, 0x01, 0x00, 0x00,
                0x49, 0xC6, 0x84, 0x24, 0xCF, 0x01, 0x00, 0x00, 0x8B, 0xC6, 0x84, 0x24,
                0xD0, 0x01, 0x00, 0x00, 0xD5, 0xC6, 0x84, 0x24, 0xD1, 0x01, 0x00, 0x00,
                0x49, 0xC6, 0x84, 0x24, 0xD2, 0x01, 0x00, 0x00, 0x8B, 0xC6, 0x84, 0x24,
                0xD3, 0x01, 0x00, 0x00, 0xCE, 0xC6, 0x84, 0x24, 0xD4, 0x01, 0x00, 0x00,
                0x4C, 0xC6, 0x84, 0x24, 0xD5, 0x01, 0x00, 0x00, 0x89, 0xC6, 0x84, 0x24,
                0xD6, 0x01, 0x00, 0x00, 0x75, 0xC6, 0x84, 0x24, 0xD7, 0x01, 0x00, 0x00,
                0x00, 0xC6, 0x84, 0x24, 0xD8, 0x01, 0x00, 0x00, 0xE8, 0xC6, 0x84, 0x24,
                0xD9, 0x01, 0x00, 0x00, 0x00, 0xC6, 0x84, 0x24, 0xDA, 0x01, 0x00, 0x00,
                0x00, 0xC6, 0x84, 0x24, 0xDB, 0x01, 0x00, 0x00, 0x00, 0xC6, 0x84, 0x24,
                0xDC, 0x01, 0x00, 0x00, 0x00, 0xC6, 0x84, 0x24, 0xDD, 0x01, 0x00, 0x00,
                0x45, 0xC6, 0x84, 0x24, 0xDE, 0x01, 0x00, 0x00, 0x33, 0xC6, 0x84, 0x24,
                0xDF, 0x01, 0x00, 0x00, 0xD2, 0xC6, 0x84, 0x24, 0xE0, 0x01, 0x00, 0x00,
                0x44, 0xC6, 0x84, 0x24, 0xE1, 0x01, 0x00, 0x00, 0x8B, 0xC6, 0x84, 0x24,
                0xE2, 0x01, 0x00, 0x00, 0xC8, 0xC6, 0x84, 0x24, 0xE3, 0x01, 0x00, 0x00,
                0xB8, 0xC6, 0x84, 0x24, 0xE4, 0x01, 0x00, 0x00, 0x00, 0xC6, 0x84, 0x24,
                0xE5, 0x01, 0x00, 0x00, 0x00, 0xC6, 0x84, 0x24, 0xE6, 0x01, 0x00, 0x00,
                0x00, 0xC6, 0x84, 0x24, 0xE7, 0x01, 0x00, 0x00, 0x00, 0xC6, 0x84, 0x24,
                0xE8, 0x01, 0x00, 0x00, 0x45, 0xC6, 0x84, 0x24, 0xE9, 0x01, 0x00, 0x00,
                0x85, 0xC6, 0x84, 0x24, 0xEA, 0x01, 0x00, 0x00, 0xC9, 0xC6, 0x84, 0x24,
                0xEB, 0x01, 0x00, 0x00, 0x78, 0xC6, 0x84, 0x24, 0xEC, 0x01, 0x00, 0x00,
                0x00, 0xC6, 0x44, 0x24, 0x40, 0x44, 0xC6, 0x44, 0x24, 0x41, 0x89, 0xC6,
                0x44, 0x24, 0x42, 0x44, 0xC6, 0x44, 0x24, 0x43, 0x24, 0xC6, 0x44, 0x24,
                0x44, 0x00, 0xC6, 0x44, 0x24, 0x45, 0x48, 0xC6, 0x44, 0x24, 0x46, 0x89,
                0xC6, 0x44, 0x24, 0x47, 0x4C, 0xC6, 0x44, 0x24, 0x48, 0x24, 0xC6, 0x44,
                0x24, 0x49, 0x00, 0xC6, 0x44, 0x24, 0x4A, 0x55, 0xC6, 0x44, 0x24, 0x4B,
                0x53, 0xC6, 0x44, 0x24, 0x4C, 0x56, 0xC6, 0x44, 0x24, 0x4D, 0x57, 0xC6,
                0x44, 0x24, 0x4E, 0x41, 0xC6, 0x44, 0x24, 0x4F, 0x54, 0xC6, 0x44, 0x24,
                0x50, 0x41, 0xC6, 0x44, 0x24, 0x51, 0x55, 0xC6, 0x44, 0x24, 0x52, 0x41,
                0xC6, 0x44, 0x24, 0x53, 0x56, 0xC6, 0x44, 0x24, 0x54, 0x41, 0xC6, 0x44,
                0x24, 0x55, 0x57, 0xC6, 0x44, 0x24, 0x56, 0x48, 0xC6, 0x44, 0x24, 0x57,
                0x8B, 0xC6, 0x44, 0x24, 0x58, 0xEC, 0xC6, 0x44, 0x24, 0x59, 0x48, 0xC6,
                0x44, 0x24, 0x5A, 0x83, 0xC6, 0x44, 0x24, 0x5B, 0xEC, 0xC6, 0x44, 0x24,
                0x5C, 0x00, 0xC6, 0x44, 0x24, 0x5D, 0x45, 0xC6, 0x44, 0x24, 0x5E, 0x33,
                0xC6, 0x44, 0x24, 0x5F, 0xC0, 0xC6, 0x44, 0x24, 0x60, 0x49, 0xC6, 0x44,
                0x24, 0x61, 0x63, 0xC6, 0x44, 0x24, 0x62, 0xC1, 0xC6, 0x44, 0x24, 0x63,
                0x4C, 0xC6, 0x44, 0x24, 0x64, 0x8B, 0xC6, 0x44, 0x24, 0x65, 0xD1, 0xC6,
                0x44, 0x24, 0x66, 0x44, 0xC6, 0x44, 0x24, 0x67, 0x89, 0xC6, 0x44, 0x24,
                0x68, 0x45, 0xC6, 0x44, 0x24, 0x69, 0x00, 0xC6, 0x44, 0x24, 0x6A, 0x44,
                0xC6, 0x44, 0x24, 0x6B, 0x89, 0xC6, 0x44, 0x24, 0x6C, 0x45, 0xC6, 0x44,
                0x24, 0x6D, 0x00, 0xC6, 0x44, 0x24, 0x6E, 0x48, 0xC6, 0x44, 0x24, 0x6F,
                0x8D, 0xC6, 0x44, 0x24, 0x70, 0x0D, 0xC6, 0x44, 0x24, 0x71, 0x00, 0xC6,
                0x44, 0x24, 0x72, 0x00, 0xC6, 0x44, 0x24, 0x73, 0x00, 0xC6, 0x44, 0x24,
                0x74, 0x00, 0xC6, 0x44, 0x24, 0x75, 0x44, 0xC6, 0x44, 0x24, 0x76, 0x89,
                0xC6, 0x44, 0x24, 0x77, 0x45, 0xC6, 0x44, 0x24, 0x78, 0x00, 0xC6, 0x44,
                0x24, 0x79, 0x4C, 0xC6, 0x44, 0x24, 0x7A, 0x8D, 0xC6, 0x44, 0x24, 0x7B,
                0x3C, 0xC6, 0x44, 0x24, 0x7C, 0xC0, 0xC6, 0x44, 0x24, 0x7D, 0x48, 0xC6,
                0x44, 0x24, 0x7E, 0x8B, 0xC6, 0x44, 0x24, 0x7F, 0x05, 0xC6, 0x84, 0x24,
                0x80, 0x00, 0x00, 0x00, 0x00, 0xC6, 0x84, 0x24, 0x81, 0x00, 0x00, 0x00,
                0x00, 0xC6, 0x84, 0x24, 0x82, 0x00, 0x00, 0x00, 0x00, 0xC6, 0x84, 0x24,
                0x83, 0x00, 0x00, 0x00, 0x00, 0xC6, 0x84, 0x24, 0x84, 0x00, 0x00, 0x00,
                0x48, 0xC6, 0x84, 0x24, 0x85, 0x00, 0x00, 0x00, 0x85, 0xC6, 0x84, 0x24,
                0x86, 0x00, 0x00, 0x00, 0xC0, 0xC6, 0x84, 0x24, 0x87, 0x00, 0x00, 0x00,
                0x74, 0xC6, 0x84, 0x24, 0x88, 0x00, 0x00, 0x00, 0x00, 0xC6, 0x84, 0x24,
                0xF0, 0x00, 0x00, 0x00, 0x44, 0xC6, 0x84, 0x24, 0xF1, 0x00, 0x00, 0x00,
                0x89, 0xC6, 0x84, 0x24, 0xF2, 0x00, 0x00, 0x00, 0x44, 0xC6, 0x84, 0x24,
                0xF3, 0x00, 0x00, 0x00, 0x24, 0xC6, 0x84, 0x24, 0xF4, 0x00, 0x00, 0x00,
                0x00, 0xC6, 0x84, 0x24, 0xF5, 0x00, 0x00, 0x00, 0x48, 0xC6, 0x84, 0x24,
                0xF6, 0x00, 0x00, 0x00, 0x89, 0xC6, 0x84, 0x24, 0xF7, 0x00, 0x00, 0x00,
                0x4C, 0xC6, 0x84, 0x24, 0xF8, 0x00, 0x00, 0x00, 0x24, 0xC6, 0x84, 0x24,
                0xF9, 0x00, 0x00, 0x00, 0x00, 0xC6, 0x84, 0x24, 0xFA, 0x00, 0x00, 0x00,
                0x55, 0xC6, 0x84, 0x24, 0xFB, 0x00, 0x00, 0x00, 0x53, 0xC6, 0x84, 0x24,
                0xFC, 0x00, 0x00, 0x00, 0x56, 0xC6, 0x84, 0x24, 0xFD, 0x00, 0x00, 0x00,
                0x57, 0xC6, 0x84, 0x24, 0xFE, 0x00, 0x00, 0x00, 0x41, 0xC6, 0x84, 0x24,
                0xFF, 0x00, 0x00, 0x00, 0x54, 0xC6, 0x84, 0x24, 0x00, 0x01, 0x00, 0x00,
                0x41, 0xC6, 0x84, 0x24, 0x01, 0x01, 0x00, 0x00, 0x55, 0xC6, 0x84, 0x24,
                0x02, 0x01, 0x00, 0x00, 0x41, 0xC6, 0x84, 0x24, 0x03, 0x01, 0x00, 0x00,
                0x56, 0xC6, 0x84, 0x24, 0x04, 0x01, 0x00, 0x00, 0x41, 0xC6, 0x84, 0x24,
                0x05, 0x01, 0x00, 0x00, 0x57, 0xC6, 0x84, 0x24, 0x06, 0x01, 0x00, 0x00,
                0x48, 0xC6, 0x84, 0x24, 0x07, 0x01, 0x00, 0x00, 0x8B, 0xC6, 0x84, 0x24,
                0x08, 0x01, 0x00, 0x00, 0xEC, 0xC6, 0x84, 0x24, 0x09, 0x01, 0x00, 0x00,
                0x48, 0xC6, 0x84, 0x24, 0x0A, 0x01, 0x00, 0x00, 0x83, 0xC6, 0x84, 0x24,
                0x0B, 0x01, 0x00, 0x00, 0xEC, 0xC6, 0x84, 0x24, 0x0C, 0x01, 0x00, 0x00,
                0x00, 0xC6, 0x84, 0x24, 0x0D, 0x01, 0x00, 0x00, 0x45, 0xC6, 0x84, 0x24,
                0x0E, 0x01, 0x00, 0x00, 0x33, 0xC6, 0x84, 0x24, 0x0F, 0x01, 0x00, 0x00,
                0xFF, 0xC6, 0x84, 0x24, 0x10, 0x01, 0x00, 0x00, 0x49, 0xC6, 0x84, 0x24,
                0x11, 0x01, 0x00, 0x00, 0x63, 0xC6, 0x84, 0x24, 0x12, 0x01, 0x00, 0x00,
                0xC1, 0xC6, 0x84, 0x24, 0x13, 0x01, 0x00, 0x00, 0x4C, 0xC6, 0x84, 0x24,
                0x14, 0x01, 0x00, 0x00, 0x8D, 0xC6, 0x84, 0x24, 0x15, 0x01, 0x00, 0x00,
                0x1D, 0xC6, 0x84, 0x24, 0x16, 0x01, 0x00, 0x00, 0x00, 0xC6, 0x84, 0x24,
                0x17, 0x01, 0x00, 0x00, 0x00, 0xC6, 0x84, 0x24, 0x18, 0x01, 0x00, 0x00,
                0x00, 0xC6, 0x84, 0x24, 0x19, 0x01, 0x00, 0x00, 0x00, 0xC6, 0x84, 0x24,
                0x1A, 0x01, 0x00, 0x00, 0x44, 0xC6, 0x84, 0x24, 0x1B, 0x01, 0x00, 0x00,
                0x89, 0xC6, 0x84, 0x24, 0x1C, 0x01, 0x00, 0x00, 0x7D, 0xC6, 0x84, 0x24,
                0x1D, 0x01, 0x00, 0x00, 0x00, 0xC6, 0x84, 0x24, 0x1E, 0x01, 0x00, 0x00,
                0x44, 0xC6, 0x84, 0x24, 0x1F, 0x01, 0x00, 0x00, 0x8B, 0xC6, 0x84, 0x24,
                0x20, 0x01, 0x00, 0x00, 0xC2, 0xC6, 0x84, 0x24, 0x21, 0x01, 0x00, 0x00,
                0x44, 0xC6, 0x84, 0x24, 0x22, 0x01, 0x00, 0x00, 0x89, 0xC6, 0x84, 0x24,
                0x23, 0x01, 0x00, 0x00, 0x7D, 0xC6, 0x84, 0x24, 0x24, 0x01, 0x00, 0x00,
                0x00, 0xC6, 0x84, 0x24, 0x25, 0x01, 0x00, 0x00, 0x48, 0xC6, 0x84, 0x24,
                0x26, 0x01, 0x00, 0x00, 0x8B, 0xC6, 0x84, 0x24, 0x27, 0x01, 0x00, 0x00,
                0x15, 0xC6, 0x84, 0x24, 0x28, 0x01, 0x00, 0x00, 0x00, 0xC6, 0x84, 0x24,
                0x29, 0x01, 0x00, 0x00, 0x00, 0xC6, 0x84, 0x24, 0x2A, 0x01, 0x00, 0x00,
                0x00, 0xC6, 0x84, 0x24, 0x2B, 0x01, 0x00, 0x00, 0x00, 0xC6, 0x84, 0x24,
                0x2C, 0x01, 0x00, 0x00, 0x4C, 0xC6, 0x84, 0x24, 0x2D, 0x01, 0x00, 0x00,
                0x8B, 0xC6, 0x84, 0x24, 0x2E, 0x01, 0x00, 0x00, 0xD1, 0xC6, 0x84, 0x24,
                0x2F, 0x01, 0x00, 0x00, 0x44, 0xC6, 0x84, 0x24, 0x30, 0x01, 0x00, 0x00,
                0x89, 0xC6, 0x84, 0x24, 0x31, 0x01, 0x00, 0x00, 0x7D, 0xC6, 0x84, 0x24,
                0x32, 0x01, 0x00, 0x00, 0x00, 0xC6, 0x84, 0x24, 0x33, 0x01, 0x00, 0x00,
                0x4C, 0xC6, 0x84, 0x24, 0x34, 0x01, 0x00, 0x00, 0x8D, 0xC6, 0x84, 0x24,
                0x35, 0x01, 0x00, 0x00, 0x0C, 0xC6, 0x84, 0x24, 0x36, 0x01, 0x00, 0x00,
                0xC0, 0xC6, 0x84, 0x24, 0x37, 0x01, 0x00, 0x00, 0x4C, 0xC6, 0x84, 0x24,
                0x38, 0x01, 0x00, 0x00, 0x89, 0xC6, 0x84, 0x24, 0x39, 0x01, 0x00, 0x00,
                0x4D, 0xC6, 0x84, 0x24, 0x3A, 0x01, 0x00, 0x00, 0x00, 0xC6, 0x84, 0x24,
                0x3B, 0x01, 0x00, 0x00, 0x4B, 0xC6, 0x84, 0x24, 0x3C, 0x01, 0x00, 0x00,
                0x8D, 0xC6, 0x84, 0x24, 0x3D, 0x01, 0x00, 0x00, 0x04, 0xC6, 0x84, 0x24,
                0x3E, 0x01, 0x00, 0x00, 0xCB, 0xC6, 0x84, 0x24, 0x3F, 0x01, 0x00, 0x00,
                0x4B, 0xC6, 0x84, 0x24, 0x40, 0x01, 0x00, 0x00, 0x8D, 0xC6, 0x84, 0x24,
                0x41, 0x01, 0x00, 0x00, 0x0C, 0xC6, 0x84, 0x24, 0x42, 0x01, 0x00, 0x00,
                0xCB, 0xC6, 0x84, 0x24, 0x43, 0x01, 0x00, 0x00, 0x48, 0xC6, 0x84, 0x24,
                0x44, 0x01, 0x00, 0x00, 0x85, 0xC6, 0x84, 0x24, 0x45, 0x01, 0x00, 0x00,
                0xD2, 0xC6, 0x84, 0x24, 0x46, 0x01, 0x00, 0x00, 0x74, 0xC6, 0x84, 0x24,
                0x47, 0x01, 0x00, 0x00, 0x00, 0xC6, 0x84, 0x24, 0x90, 0x00, 0x00, 0x00,
                0x44, 0xC6, 0x84, 0x24, 0x91, 0x00, 0x00, 0x00, 0x89, 0xC6, 0x84, 0x24,
                0x92, 0x00, 0x00, 0x00, 0x44, 0xC6, 0x84, 0x24, 0x93, 0x00, 0x00, 0x00,
                0x24, 0xC6, 0x84, 0x24, 0x94, 0x00, 0x00, 0x00, 0x00, 0xC6, 0x84, 0x24,
                0x95, 0x00, 0x00, 0x00, 0x48, 0xC6, 0x84, 0x24, 0x96, 0x00, 0x00, 0x00,
                0x89, 0xC6, 0x84, 0x24, 0x97, 0x00, 0x00, 0x00, 0x4C, 0xC6, 0x84, 0x24,
                0x98, 0x00, 0x00, 0x00, 0x24, 0xC6, 0x84, 0x24, 0x99, 0x00, 0x00, 0x00,
                0x00, 0xC6, 0x84, 0x24, 0x9A, 0x00, 0x00, 0x00, 0x55, 0xC6, 0x84, 0x24,
                0x9B, 0x00, 0x00, 0x00, 0x53, 0xC6, 0x84, 0x24, 0x9C, 0x00, 0x00, 0x00,
                0x56, 0xC6, 0x84, 0x24, 0x9D, 0x00, 0x00, 0x00, 0x57, 0xC6, 0x84, 0x24,
                0x9E, 0x00, 0x00, 0x00, 0x41, 0xC6, 0x84, 0x24, 0x9F, 0x00, 0x00, 0x00,
                0x54, 0xC6, 0x84, 0x24, 0xA0, 0x00, 0x00, 0x00, 0x41, 0xC6, 0x84, 0x24,
                0xA1, 0x00, 0x00, 0x00, 0x55, 0xC6, 0x84, 0x24, 0xA2, 0x00, 0x00, 0x00,
                0x41, 0xC6, 0x84, 0x24, 0xA3, 0x00, 0x00, 0x00, 0x56, 0xC6, 0x84, 0x24,
                0xA4, 0x00, 0x00, 0x00, 0x41, 0xC6, 0x84, 0x24, 0xA5, 0x00, 0x00, 0x00,
                0x57, 0xC6, 0x84, 0x24, 0xA6, 0x00, 0x00, 0x00, 0x48, 0xC6, 0x84, 0x24,
                0xA7, 0x00, 0x00, 0x00, 0x8B, 0xC6, 0x84, 0x24, 0xA8, 0x00, 0x00, 0x00,
                0xEC, 0xC6, 0x84, 0x24, 0xA9, 0x00, 0x00, 0x00, 0x48, 0xC6, 0x84, 0x24,
                0xAA, 0x00, 0x00, 0x00, 0x83, 0xC6, 0x84, 0x24, 0xAB, 0x00, 0x00, 0x00,
                0xEC, 0xC6, 0x84, 0x24, 0xAC, 0x00, 0x00, 0x00, 0x00, 0xC6, 0x84, 0x24,
                0xAD, 0x00, 0x00, 0x00, 0x45, 0xC6, 0x84, 0x24, 0xAE, 0x00, 0x00, 0x00,
                0x33, 0xC6, 0x84, 0x24, 0xAF, 0x00, 0x00, 0x00, 0xFF, 0xC6, 0x84, 0x24,
                0xB0, 0x00, 0x00, 0x00, 0x49, 0xC6, 0x84, 0x24, 0xB1, 0x00, 0x00, 0x00,
                0x63, 0xC6, 0x84, 0x24, 0xB2, 0x00, 0x00, 0x00, 0xC1, 0xC6, 0x84, 0x24,
                0xB3, 0x00, 0x00, 0x00, 0x4C, 0xC6, 0x84, 0x24, 0xB4, 0x00, 0x00, 0x00,
                0x6B, 0xC6, 0x84, 0x24, 0xB5, 0x00, 0x00, 0x00, 0xC8, 0xC6, 0x84, 0x24,
                0xB6, 0x00, 0x00, 0x00, 0x00, 0xC6, 0x84, 0x24, 0xB7, 0x00, 0x00, 0x00,
                0x4C, 0xC6, 0x84, 0x24, 0xB8, 0x00, 0x00, 0x00, 0x8D, 0xC6, 0x84, 0x24,
                0xB9, 0x00, 0x00, 0x00, 0x1D, 0xC6, 0x84, 0x24, 0xBA, 0x00, 0x00, 0x00,
                0x00, 0xC6, 0x84, 0x24, 0xBB, 0x00, 0x00, 0x00, 0x00, 0xC6, 0x84, 0x24,
                0xBC, 0x00, 0x00, 0x00, 0x00, 0xC6, 0x84, 0x24, 0xBD, 0x00, 0x00, 0x00,
                0x00, 0xC6, 0x84, 0x24, 0xBE, 0x00, 0x00, 0x00, 0x44, 0xC6, 0x84, 0x24,
                0xBF, 0x00, 0x00, 0x00, 0x89, 0xC6, 0x84, 0x24, 0xC0, 0x00, 0x00, 0x00,
                0x7D, 0xC6, 0x84, 0x24, 0xC1, 0x00, 0x00, 0x00, 0x00, 0xC6, 0x84, 0x24,
                0xC2, 0x00, 0x00, 0x00, 0x44, 0xC6, 0x84, 0x24, 0xC3, 0x00, 0x00, 0x00,
                0x8B, 0xC6, 0x84, 0x24, 0xC4, 0x00, 0x00, 0x00, 0xC2, 0xC6, 0x84, 0x24,
                0xC5, 0x00, 0x00, 0x00, 0x44, 0xC6, 0x84, 0x24, 0xC6, 0x00, 0x00, 0x00,
                0x89, 0xC6, 0x84, 0x24, 0xC7, 0x00, 0x00, 0x00, 0x7D, 0xC6, 0x84, 0x24,
                0xC8, 0x00, 0x00, 0x00, 0x00, 0xC6, 0x84, 0x24, 0xC9, 0x00, 0x00, 0x00,
                0x48, 0xC6, 0x84, 0x24, 0xCA, 0x00, 0x00, 0x00, 0x8B, 0xC6, 0x84, 0x24,
                0xCB, 0x00, 0x00, 0x00, 0x15, 0xC6, 0x84, 0x24, 0xCC, 0x00, 0x00, 0x00,
                0x00, 0xC6, 0x84, 0x24, 0xCD, 0x00, 0x00, 0x00, 0x00, 0xC6, 0x84, 0x24,
                0xCE, 0x00, 0x00, 0x00, 0x00, 0xC6, 0x84, 0x24, 0xCF, 0x00, 0x00, 0x00,
                0x00, 0xC6, 0x84, 0x24, 0xD0, 0x00, 0x00, 0x00, 0x4C, 0xC6, 0x84, 0x24,
                0xD1, 0x00, 0x00, 0x00, 0x8B, 0xC6, 0x84, 0x24, 0xD2, 0x00, 0x00, 0x00,
                0xD1, 0xC6, 0x84, 0x24, 0xD3, 0x00, 0x00, 0x00, 0x44, 0xC6, 0x84, 0x24,
                0xD4, 0x00, 0x00, 0x00, 0x89, 0xC6, 0x84, 0x24, 0xD5, 0x00, 0x00, 0x00,
                0x7D, 0xC6, 0x84, 0x24, 0xD6, 0x00, 0x00, 0x00, 0x00, 0xC6, 0x84, 0x24,
                0xD7, 0x00, 0x00, 0x00, 0x4C, 0xC6, 0x84, 0x24, 0xD8, 0x00, 0x00, 0x00,
                0x89, 0xC6, 0x84, 0x24, 0xD9, 0x00, 0x00, 0x00, 0x4D, 0xC6, 0x84, 0x24,
                0xDA, 0x00, 0x00, 0x00, 0x00, 0xC6, 0x84, 0x24, 0xDB, 0x00, 0x00, 0x00,
                0x4B, 0xC6, 0x84, 0x24, 0xDC, 0x00, 0x00, 0x00, 0x8D, 0xC6, 0x84, 0x24,
                0xDD, 0x00, 0x00, 0x00, 0x04, 0xC6, 0x84, 0x24, 0xDE, 0x00, 0x00, 0x00,
                0x19, 0xC6, 0x84, 0x24, 0xDF, 0x00, 0x00, 0x00, 0x4B, 0xC6, 0x84, 0x24,
                0xE0, 0x00, 0x00, 0x00, 0x8D, 0xC6, 0x84, 0x24, 0xE1, 0x00, 0x00, 0x00,
                0x0C, 0xC6, 0x84, 0x24, 0xE2, 0x00, 0x00, 0x00, 0x19, 0xC6, 0x84, 0x24,
                0xE3, 0x00, 0x00, 0x00, 0x48, 0xC6, 0x84, 0x24, 0xE4, 0x00, 0x00, 0x00,
                0x85, 0xC6, 0x84, 0x24, 0xE5, 0x00, 0x00, 0x00, 0xD2, 0xC6, 0x84, 0x24,
                0xE6, 0x00, 0x00, 0x00, 0x74, 0xC6, 0x84, 0x24, 0xE7, 0x00, 0x00, 0x00,
                0x00, 0xC7, 0x44, 0x24, 0x38, 0x58, 0x00, 0x00, 0x00, 0x48, 0x8D, 0x84,
                0x24, 0x90, 0x00, 0x00, 0x00, 0x48, 0x89, 0x44, 0x24, 0x30, 0xC7, 0x44,
                0x24, 0x28, 0x58, 0x00, 0x00, 0x00, 0x48, 0x8D, 0x84, 0x24, 0xF0, 0x00,
                0x00, 0x00, 0x48, 0x89, 0x44, 0x24, 0x20, 0x41, 0xB9, 0x49, 0x00, 0x00,
                0x00, 0x4C, 0x8D, 0x44, 0x24, 0x40, 0xBA, 0x9D, 0x00, 0x00, 0x00, 0x48,
                0x8D, 0x8C, 0x24, 0x50, 0x01, 0x00, 0x00, 0xE8, 0x68, 0x23, 0x00, 0x00,
                0x48, 0x8B, 0x8C, 0x24, 0xF0, 0x01, 0x00, 0x00, 0x48, 0x33, 0xCC, 0xE8,
                0x2C, 0xA6, 0x00, 0x00, 0x48, 0x81, 0xC4, 0x08, 0x02, 0x00, 0x00, 0xC3,
                0x48, 0x81, 0xEC, 0x08, 0x01, 0x00, 0x00, 0x48, 0x8B, 0x05, 0x66, 0xC4,
                0x00, 0x00, 0x48, 0x33, 0xC4, 0x48, 0x89, 0x84, 0x24, 0xF0, 0x00, 0x00,
                0x00, 0xC6, 0x84, 0x24, 0x90, 0x00, 0x00, 0x00, 0x44, 0xC6, 0x84, 0x24,
                0x91, 0x00, 0x00, 0x00, 0x89, 0xC6, 0x84, 0x24, 0x92, 0x00, 0x00, 0x00,
                0x44, 0xC6, 0x84, 0x24, 0x93, 0x00, 0x00, 0x00, 0x24, 0xC6, 0x84, 0x24,
                0x94, 0x00, 0x00, 0x00, 0x00, 0xC6, 0x84, 0x24, 0x95, 0x00, 0x00, 0x00,
                0x48, 0xC6, 0x84, 0x24, 0x96, 0x00, 0x00, 0x00, 0x89, 0xC6, 0x84, 0x24,
                0x97, 0x00, 0x00, 0x00, 0x4C, 0xC6, 0x84, 0x24, 0x98, 0x00, 0x00, 0x00,
                0x24, 0xC6, 0x84, 0x24, 0x99, 0x00, 0x00, 0x00, 0x00, 0xC6, 0x84, 0x24,
                0x9A, 0x00, 0x00, 0x00, 0x55, 0xC6, 0x84, 0x24, 0x9B, 0x00, 0x00, 0x00,
                0x53, 0xC6, 0x84, 0x24, 0x9C, 0x00, 0x00, 0x00, 0x56, 0xC6, 0x84, 0x24,
                0x9D, 0x00, 0x00, 0x00, 0x57, 0xC6, 0x84, 0x24, 0x9E, 0x00, 0x00, 0x00,
                0x41, 0xC6, 0x84, 0x24, 0x9F, 0x00, 0x00, 0x00, 0x54, 0xC6, 0x84, 0x24,
                0xA0, 0x00, 0x00, 0x00, 0x41, 0xC6, 0x84, 0x24, 0xA1, 0x00, 0x00, 0x00,
                0x55, 0xC6, 0x84, 0x24, 0xA2, 0x00, 0x00, 0x00, 0x41, 0xC6, 0x84, 0x24,
                0xA3, 0x00, 0x00, 0x00, 0x56, 0xC6, 0x84, 0x24, 0xA4, 0x00, 0x00, 0x00,
                0x41, 0xC6, 0x84, 0x24, 0xA5, 0x00, 0x00, 0x00, 0x57, 0xC6, 0x84, 0x24,
                0xA6, 0x00, 0x00, 0x00, 0x48, 0xC6, 0x84, 0x24, 0xA7, 0x00, 0x00, 0x00,
                0x8D, 0xC6, 0x84, 0x24, 0xA8, 0x00, 0x00, 0x00, 0x6C, 0xC6, 0x84, 0x24,
                0xA9, 0x00, 0x00, 0x00, 0x24, 0xC6, 0x84, 0x24, 0xAA, 0x00, 0x00, 0x00,
                0x00, 0xC6, 0x84, 0x24, 0xAB, 0x00, 0x00, 0x00, 0x48, 0xC6, 0x84, 0x24,
                0xAC, 0x00, 0x00, 0x00, 0x81, 0xC6, 0x84, 0x24, 0xAD, 0x00, 0x00, 0x00,
                0xEC, 0xC6, 0x84, 0x24, 0xAE, 0x00, 0x00, 0x00, 0x00, 0xC6, 0x84, 0x24,
                0xAF, 0x00, 0x00, 0x00, 0x00, 0xC6, 0x84, 0x24, 0xB0, 0x00, 0x00, 0x00,
                0x00, 0xC6, 0x84, 0x24, 0xB1, 0x00, 0x00, 0x00, 0x00, 0xC6, 0x84, 0x24,
                0xB2, 0x00, 0x00, 0x00, 0x45, 0xC6, 0x84, 0x24, 0xB3, 0x00, 0x00, 0x00,
                0x33, 0xC6, 0x84, 0x24, 0xB4, 0x00, 0x00, 0x00, 0xDB, 0xC6, 0x84, 0x24,
                0xB5, 0x00, 0x00, 0x00, 0x49, 0xC6, 0x84, 0x24, 0xB6, 0x00, 0x00, 0x00,
                0x63, 0xC6, 0x84, 0x24, 0xB7, 0x00, 0x00, 0x00, 0xC1, 0xC6, 0x84, 0x24,
                0xB8, 0x00, 0x00, 0x00, 0x4C, 0xC6, 0x84, 0x24, 0xB9, 0x00, 0x00, 0x00,
                0x6B, 0xC6, 0x84, 0x24, 0xBA, 0x00, 0x00, 0x00, 0xF8, 0xC6, 0x84, 0x24,
                0xBB, 0x00, 0x00, 0x00, 0x00, 0xC6, 0x84, 0x24, 0xBC, 0x00, 0x00, 0x00,
                0x48, 0xC6, 0x84, 0x24, 0xBD, 0x00, 0x00, 0x00, 0x8B, 0xC6, 0x84, 0x24,
                0xBE, 0x00, 0x00, 0x00, 0x05, 0xC6, 0x84, 0x24, 0xBF, 0x00, 0x00, 0x00,
                0x00, 0xC6, 0x84, 0x24, 0xC0, 0x00, 0x00, 0x00, 0x00, 0xC6, 0x84, 0x24,
                0xC1, 0x00, 0x00, 0x00, 0x00, 0xC6, 0x84, 0x24, 0xC2, 0x00, 0x00, 0x00,
                0x00, 0xC6, 0x84, 0x24, 0xC3, 0x00, 0x00, 0x00, 0x48, 0xC6, 0x84, 0x24,
                0xC4, 0x00, 0x00, 0x00, 0x8D, 0xC6, 0x84, 0x24, 0xC5, 0x00, 0x00, 0x00,
                0x3D, 0xC6, 0x84, 0x24, 0xC6, 0x00, 0x00, 0x00, 0x00, 0xC6, 0x84, 0x24,
                0xC7, 0x00, 0x00, 0x00, 0x00, 0xC6, 0x84, 0x24, 0xC8, 0x00, 0x00, 0x00,
                0x00, 0xC6, 0x84, 0x24, 0xC9, 0x00, 0x00, 0x00, 0x00, 0xC6, 0x84, 0x24,
                0xCA, 0x00, 0x00, 0x00, 0x44, 0xC6, 0x84, 0x24, 0xCB, 0x00, 0x00, 0x00,
                0x89, 0xC6, 0x84, 0x24, 0xCC, 0x00, 0x00, 0x00, 0x5D, 0xC6, 0x84, 0x24,
                0xCD, 0x00, 0x00, 0x00, 0x00, 0xC6, 0x84, 0x24, 0xCE, 0x00, 0x00, 0x00,
                0x4C, 0xC6, 0x84, 0x24, 0xCF, 0x00, 0x00, 0x00, 0x8B, 0xC6, 0x84, 0x24,
                0xD0, 0x00, 0x00, 0x00, 0xD1, 0xC6, 0x84, 0x24, 0xD1, 0x00, 0x00, 0x00,
                0x44, 0xC6, 0x84, 0x24, 0xD2, 0x00, 0x00, 0x00, 0x89, 0xC6, 0x84, 0x24,
                0xD3, 0x00, 0x00, 0x00, 0x5D, 0xC6, 0x84, 0x24, 0xD4, 0x00, 0x00, 0x00,
                0x00, 0xC6, 0x84, 0x24, 0xD5, 0x00, 0x00, 0x00, 0x44, 0xC6, 0x84, 0x24,
                0xD6, 0x00, 0x00, 0x00, 0x89, 0xC6, 0x84, 0x24, 0xD7, 0x00, 0x00, 0x00,
                0x5D, 0xC6, 0x84, 0x24, 0xD8, 0x00, 0x00, 0x00, 0x00, 0xC6, 0x84, 0x24,
                0xD9, 0x00, 0x00, 0x00, 0x41, 0xC6, 0x84, 0x24, 0xDA, 0x00, 0x00, 0x00,
                0x8B, 0xC6, 0x84, 0x24, 0xDB, 0x00, 0x00, 0x00, 0x4C, 0xC6, 0x84, 0x24,
                0xDC, 0x00, 0x00, 0x00, 0x3F, 0xC6, 0x84, 0x24, 0xDD, 0x00, 0x00, 0x00,
                0x00, 0xC6, 0x84, 0x24, 0xDE, 0x00, 0x00, 0x00, 0x48, 0xC6, 0x84, 0x24,
                0xDF, 0x00, 0x00, 0x00, 0x85, 0xC6, 0x84, 0x24, 0xE0, 0x00, 0x00, 0x00,
                0xC0, 0xC6, 0x84, 0x24, 0xE1, 0x00, 0x00, 0x00, 0x74, 0xC6, 0x84, 0x24,
                0xE2, 0x00, 0x00, 0x00, 0x00, 0xC6, 0x44, 0x24, 0x40, 0x44, 0xC6, 0x44,
                0x24, 0x41, 0x89, 0xC6, 0x44, 0x24, 0x42, 0x44, 0xC6, 0x44, 0x24, 0x43,
                0x24, 0xC6, 0x44, 0x24, 0x44, 0x00, 0xC6, 0x44, 0x24, 0x45, 0x48, 0xC6,
                0x44, 0x24, 0x46, 0x89, 0xC6, 0x44, 0x24, 0x47, 0x4C, 0xC6, 0x44, 0x24,
                0x48, 0x24, 0xC6, 0x44, 0x24, 0x49, 0x00, 0xC6, 0x44, 0x24, 0x4A, 0x55,
                0xC6, 0x44, 0x24, 0x4B, 0x53, 0xC6, 0x44, 0x24, 0x4C, 0x56, 0xC6, 0x44,
                0x24, 0x4D, 0x57, 0xC6, 0x44, 0x24, 0x4E, 0x41, 0xC6, 0x44, 0x24, 0x4F,
                0x54, 0xC6, 0x44, 0x24, 0x50, 0x41, 0xC6, 0x44, 0x24, 0x51, 0x55, 0xC6,
                0x44, 0x24, 0x52, 0x41, 0xC6, 0x44, 0x24, 0x53, 0x56, 0xC6, 0x44, 0x24,
                0x54, 0x41, 0xC6, 0x44, 0x24, 0x55, 0x57, 0xC6, 0x44, 0x24, 0x56, 0x48,
                0xC6, 0x44, 0x24, 0x57, 0x8D, 0xC6, 0x44, 0x24, 0x58, 0x6C, 0xC6, 0x44,
                0x24, 0x59, 0x24, 0xC6, 0x44, 0x24, 0x5A, 0x00, 0xC6, 0x44, 0x24, 0x5B,
                0x48, 0xC6, 0x44, 0x24, 0x5C, 0x81, 0xC6, 0x44, 0x24, 0x5D, 0xEC, 0xC6,
                0x44, 0x24, 0x5E, 0x00, 0xC6, 0x44, 0x24, 0x5F, 0x00, 0xC6, 0x44, 0x24,
                0x60, 0x00, 0xC6, 0x44, 0x24, 0x61, 0x00, 0xC6, 0x44, 0x24, 0x62, 0x33,
                0xC6, 0x44, 0x24, 0x63, 0xF6, 0xC6, 0x44, 0x24, 0x64, 0x49, 0xC6, 0x44,
                0x24, 0x65, 0x63, 0xC6, 0x44, 0x24, 0x66, 0xC1, 0xC6, 0x44, 0x24, 0x67,
                0x4C, 0xC6, 0x44, 0x24, 0x68, 0x6B, 0xC6, 0x44, 0x24, 0x69, 0xF8, 0xC6,
                0x44, 0x24, 0x6A, 0x00, 0xC6, 0x44, 0x24, 0x6B, 0x48, 0xC6, 0x44, 0x24,
                0x6C, 0x8B, 0xC6, 0x44, 0x24, 0x6D, 0x05, 0xC6, 0x44, 0x24, 0x6E, 0x00,
                0xC6, 0x44, 0x24, 0x6F, 0x00, 0xC6, 0x44, 0x24, 0x70, 0x00, 0xC6, 0x44,
                0x24, 0x71, 0x00, 0xC6, 0x44, 0x24, 0x72, 0x4C, 0xC6, 0x44, 0x24, 0x73,
                0x8D, 0xC6, 0x44, 0x24, 0x74, 0x15, 0xC6, 0x44, 0x24, 0x75, 0x00, 0xC6,
                0x44, 0x24, 0x76, 0x00, 0xC6, 0x44, 0x24, 0x77, 0x00, 0xC6, 0x44, 0x24,
                0x78, 0x00, 0xC6, 0x44, 0x24, 0x79, 0x89, 0xC6, 0x44, 0x24, 0x7A, 0x75,
                0xC6, 0x44, 0x24, 0x7B, 0x00, 0xC6, 0x44, 0x24, 0x7C, 0x4C, 0xC6, 0x44,
                0x24, 0x7D, 0x8B, 0xC6, 0x44, 0x24, 0x7E, 0xE1, 0xC6, 0x44, 0x24, 0x7F,
                0x89, 0xC6, 0x84, 0x24, 0x80, 0x00, 0x00, 0x00, 0x75, 0xC6, 0x84, 0x24,
                0x81, 0x00, 0x00, 0x00, 0x00, 0xC6, 0x84, 0x24, 0x82, 0x00, 0x00, 0x00,
                0x89, 0xC6, 0x84, 0x24, 0x83, 0x00, 0x00, 0x00, 0x75, 0xC6, 0x84, 0x24,
                0x84, 0x00, 0x00, 0x00, 0x00, 0xC6, 0x84, 0x24, 0x85, 0x00, 0x00, 0x00,
                0x43, 0xC6, 0x84, 0x24, 0x86, 0x00, 0x00, 0x00, 0x8B, 0xC6, 0x84, 0x24,
                0x87, 0x00, 0x00, 0x00, 0x4C, 0xC6, 0x84, 0x24, 0x88, 0x00, 0x00, 0x00,
                0x17, 0xC6, 0x84, 0x24, 0x89, 0x00, 0x00, 0x00, 0x00, 0xC6, 0x84, 0x24,
                0x8A, 0x00, 0x00, 0x00, 0x48, 0xC6, 0x84, 0x24, 0x8B, 0x00, 0x00, 0x00,
                0x85, 0xC6, 0x84, 0x24, 0x8C, 0x00, 0x00, 0x00, 0xC0, 0xC6, 0x84, 0x24,
                0x8D, 0x00, 0x00, 0x00, 0x74, 0xC6, 0x84, 0x24, 0x8E, 0x00, 0x00, 0x00,
                0x00, 0xC7, 0x44, 0x24, 0x38, 0x00, 0x00, 0x00, 0x00, 0x48, 0xC7, 0x44,
                0x24, 0x30, 0x00, 0x00, 0x00, 0x00, 0xC7, 0x44, 0x24, 0x28, 0x00, 0x00,
                0x00, 0x00, 0x48, 0xC7, 0x44, 0x24, 0x20, 0x00, 0x00, 0x00, 0x00, 0x41,
                0xB9, 0x4F, 0x00, 0x00, 0x00, 0x4C, 0x8D, 0x44, 0x24, 0x40, 0xBA, 0x53,
                0x00, 0x00, 0x00, 0x48, 0x8D, 0x8C, 0x24, 0x90, 0x00, 0x00, 0x00, 0xE8,
                0xA8, 0x1E, 0x00, 0x00, 0x48, 0x8B, 0x8C, 0x24, 0xF0, 0x00, 0x00, 0x00,
                0x48, 0x33, 0xCC, 0xE8, 0x6C, 0xA1, 0x00, 0x00, 0x48, 0x81, 0xC4, 0x08,
                0x01, 0x00, 0x00, 0xC3, 0x48, 0x81, 0xEC, 0xC8, 0x00, 0x00, 0x00, 0x48,
                0x8B, 0x05, 0xA6, 0xBF, 0x00, 0x00, 0x48, 0x33, 0xC4, 0x48, 0x89, 0x84,
                0x24, 0xB8, 0x00, 0x00, 0x00, 0xC6, 0x44, 0x24, 0x40, 0x48, 0xC6, 0x44,
                0x24, 0x41, 0x89, 0xC6, 0x44, 0x24, 0x42, 0x5C, 0xC6, 0x44, 0x24, 0x43,
                0x24, 0xC6, 0x44, 0x24, 0x44, 0x08, 0xC6, 0x44, 0x24, 0x45, 0x48, 0xC6,
                0x44, 0x24, 0x46, 0x89, 0xC6, 0x44, 0x24, 0x47, 0x74, 0xC6, 0x44, 0x24,
                0x48, 0x24, 0xC6, 0x44, 0x24, 0x49, 0x18, 0xC6, 0x44, 0x24, 0x4A, 0x48,
                0xC6, 0x44, 0x24, 0x4B, 0x89, 0xC6, 0x44, 0x24, 0x4C, 0x7C, 0xC6, 0x44,
                0x24, 0x4D, 0x24, 0xC6, 0x44, 0x24, 0x4E, 0x20, 0xC6, 0x44, 0x24, 0x4F,
                0x55, 0xC6, 0x44, 0x24, 0x50, 0x41, 0xC6, 0x44, 0x24, 0x51, 0x56, 0xC6,
                0x44, 0x24, 0x52, 0x41, 0xC6, 0x44, 0x24, 0x53, 0x57, 0xC6, 0x44, 0x24,
                0x54, 0x48, 0xC6, 0x44, 0x24, 0x55, 0x8B, 0xC6, 0x44, 0x24, 0x56, 0xEC,
                0xC6, 0x44, 0x24, 0x57, 0x48, 0xC6, 0x44, 0x24, 0x58, 0x83, 0xC6, 0x44,
                0x24, 0x59, 0xEC, 0xC6, 0x44, 0x24, 0x5A, 0x30, 0xC6, 0x44, 0x24, 0x5B,
                0x8B, 0xC6, 0x44, 0x24, 0x5C, 0x05, 0xC6, 0x44, 0x24, 0x5D, 0x00, 0xC6,
                0x44, 0x24, 0x5E, 0x00, 0xC6, 0x44, 0x24, 0x5F, 0x00, 0xC6, 0x44, 0x24,
                0x60, 0x00, 0xC6, 0x44, 0x24, 0x61, 0x8B, 0xC6, 0x44, 0x24, 0x62, 0xF1,
                0xC6, 0x44, 0x24, 0x63, 0xA8, 0xC6, 0x44, 0x24, 0x64, 0x01, 0xC6, 0x44,
                0x24, 0x65, 0x75, 0xC6, 0x44, 0x24, 0x66, 0x00, 0xC6, 0x84, 0x24, 0x90,
                0x00, 0x00, 0x00, 0x48, 0xC6, 0x84, 0x24, 0x91, 0x00, 0x00, 0x00, 0x89,
                0xC6, 0x84, 0x24, 0x92, 0x00, 0x00, 0x00, 0x5C, 0xC6, 0x84, 0x24, 0x93,
                0x00, 0x00, 0x00, 0x24, 0xC6, 0x84, 0x24, 0x94, 0x00, 0x00, 0x00, 0x08,
                0xC6, 0x84, 0x24, 0x95, 0x00, 0x00, 0x00, 0x48, 0xC6, 0x84, 0x24, 0x96,
                0x00, 0x00, 0x00, 0x89, 0xC6, 0x84, 0x24, 0x97, 0x00, 0x00, 0x00, 0x74,
                0xC6, 0x84, 0x24, 0x98, 0x00, 0x00, 0x00, 0x24, 0xC6, 0x84, 0x24, 0x99,
                0x00, 0x00, 0x00, 0x18, 0xC6, 0x84, 0x24, 0x9A, 0x00, 0x00, 0x00, 0x48,
                0xC6, 0x84, 0x24, 0x9B, 0x00, 0x00, 0x00, 0x89, 0xC6, 0x84, 0x24, 0x9C,
                0x00, 0x00, 0x00, 0x7C, 0xC6, 0x84, 0x24, 0x9D, 0x00, 0x00, 0x00, 0x24,
                0xC6, 0x84, 0x24, 0x9E, 0x00, 0x00, 0x00, 0x20, 0xC6, 0x84, 0x24, 0x9F,
                0x00, 0x00, 0x00, 0x55, 0xC6, 0x84, 0x24, 0xA0, 0x00, 0x00, 0x00, 0x41,
                0xC6, 0x84, 0x24, 0xA1, 0x00, 0x00, 0x00, 0x56, 0xC6, 0x84, 0x24, 0xA2,
                0x00, 0x00, 0x00, 0x41, 0xC6, 0x84, 0x24, 0xA3, 0x00, 0x00, 0x00, 0x57,
                0xC6, 0x84, 0x24, 0xA4, 0x00, 0x00, 0x00, 0x48, 0xC6, 0x84, 0x24, 0xA5,
                0x00, 0x00, 0x00, 0x8B, 0xC6, 0x84, 0x24, 0xA6, 0x00, 0x00, 0x00, 0xEC,
                0xC6, 0x84, 0x24, 0xA7, 0x00, 0x00, 0x00, 0x48, 0xC6, 0x84, 0x24, 0xA8,
                0x00, 0x00, 0x00, 0x83, 0xC6, 0x84, 0x24, 0xA9, 0x00, 0x00, 0x00, 0xEC,
                0xC6, 0x84, 0x24, 0xAA, 0x00, 0x00, 0x00, 0x40, 0xC6, 0x84, 0x24, 0xAB,
                0x00, 0x00, 0x00, 0x8B, 0xC6, 0x84, 0x24, 0xAC, 0x00, 0x00, 0x00, 0x05,
                0xC6, 0x84, 0x24, 0xAD, 0x00, 0x00, 0x00, 0x00, 0xC6, 0x84, 0x24, 0xAE,
                0x00, 0x00, 0x00, 0x00, 0xC6, 0x84, 0x24, 0xAF, 0x00, 0x00, 0x00, 0x00,
                0xC6, 0x84, 0x24, 0xB0, 0x00, 0x00, 0x00, 0x00, 0xC6, 0x84, 0x24, 0xB1,
                0x00, 0x00, 0x00, 0x44, 0xC6, 0x84, 0x24, 0xB2, 0x00, 0x00, 0x00, 0x8B,
                0xC6, 0x84, 0x24, 0xB3, 0x00, 0x00, 0x00, 0xF1, 0xC6, 0x84, 0x24, 0xB4,
                0x00, 0x00, 0x00, 0xA8, 0xC6, 0x84, 0x24, 0xB5, 0x00, 0x00, 0x00, 0x01,
                0xC6, 0x84, 0x24, 0xB6, 0x00, 0x00, 0x00, 0x75, 0xC6, 0x84, 0x24, 0xB7,
                0x00, 0x00, 0x00, 0x00, 0xC6, 0x44, 0x24, 0x68, 0x48, 0xC6, 0x44, 0x24,
                0x69, 0x89, 0xC6, 0x44, 0x24, 0x6A, 0x5C, 0xC6, 0x44, 0x24, 0x6B, 0x24,
                0xC6, 0x44, 0x24, 0x6C, 0x08, 0xC6, 0x44, 0x24, 0x6D, 0x48, 0xC6, 0x44,
                0x24, 0x6E, 0x89, 0xC6, 0x44, 0x24, 0x6F, 0x74, 0xC6, 0x44, 0x24, 0x70,
                0x24, 0xC6, 0x44, 0x24, 0x71, 0x18, 0xC6, 0x44, 0x24, 0x72, 0x48, 0xC6,
                0x44, 0x24, 0x73, 0x89, 0xC6, 0x44, 0x24, 0x74, 0x7C, 0xC6, 0x44, 0x24,
                0x75, 0x24, 0xC6, 0x44, 0x24, 0x76, 0x20, 0xC6, 0x44, 0x24, 0x77, 0x55,
                0xC6, 0x44, 0x24, 0x78, 0x41, 0xC6, 0x44, 0x24, 0x79, 0x56, 0xC6, 0x44,
                0x24, 0x7A, 0x41, 0xC6, 0x44, 0x24, 0x7B, 0x57, 0xC6, 0x44, 0x24, 0x7C,
                0x48, 0xC6, 0x44, 0x24, 0x7D, 0x8B, 0xC6, 0x44, 0x24, 0x7E, 0xEC, 0xC6,
                0x44, 0x24, 0x7F, 0x48, 0xC6, 0x84, 0x24, 0x80, 0x00, 0x00, 0x00, 0x83,
                0xC6, 0x84, 0x24, 0x81, 0x00, 0x00, 0x00, 0xEC, 0xC6, 0x84, 0x24, 0x82,
                0x00, 0x00, 0x00, 0x30, 0xC6, 0x84, 0x24, 0x83, 0x00, 0x00, 0x00, 0x8B,
                0xC6, 0x84, 0x24, 0x84, 0x00, 0x00, 0x00, 0x05, 0xC6, 0x84, 0x24, 0x85,
                0x00, 0x00, 0x00, 0x00, 0xC6, 0x84, 0x24, 0x86, 0x00, 0x00, 0x00, 0x00,
                0xC6, 0x84, 0x24, 0x87, 0x00, 0x00, 0x00, 0x00, 0xC6, 0x84, 0x24, 0x88,
                0x00, 0x00, 0x00, 0x00, 0xC6, 0x84, 0x24, 0x89, 0x00, 0x00, 0x00, 0x44,
                0xC6, 0x84, 0x24, 0x8A, 0x00, 0x00, 0x00, 0x8B, 0xC6, 0x84, 0x24, 0x8B,
                0x00, 0x00, 0x00, 0xF9, 0xC6, 0x84, 0x24, 0x8C, 0x00, 0x00, 0x00, 0xA8,
                0xC6, 0x84, 0x24, 0x8D, 0x00, 0x00, 0x00, 0x01, 0xC6, 0x84, 0x24, 0x8E,
                0x00, 0x00, 0x00, 0x75, 0xC6, 0x84, 0x24, 0x8F, 0x00, 0x00, 0x00, 0x00,
                0xC7, 0x44, 0x24, 0x38, 0x00, 0x00, 0x00, 0x00, 0x48, 0xC7, 0x44, 0x24,
                0x30, 0x00, 0x00, 0x00, 0x00, 0xC7, 0x44, 0x24, 0x28, 0x28, 0x00, 0x00,
                0x00, 0x48, 0x8D, 0x44, 0x24, 0x68, 0x48, 0x89, 0x44, 0x24, 0x20, 0x41,
                0xB9, 0x28, 0x00, 0x00, 0x00, 0x4C, 0x8D, 0x84, 0x24, 0x90, 0x00, 0x00,
                0x00, 0xBA, 0x27, 0x00, 0x00, 0x00, 0x48, 0x8D, 0x4C, 0x24, 0x40, 0xE8,
                0x3C, 0x1B, 0x00, 0x00, 0x48, 0x8B, 0x8C, 0x24, 0xB8, 0x00, 0x00, 0x00,
                0x48, 0x33, 0xCC, 0xE8, 0x00, 0x9E, 0x00, 0x00, 0x48, 0x81, 0xC4, 0xC8,
                0x00, 0x00, 0x00, 0xC3, 0x48, 0x81, 0xEC, 0x88, 0x00, 0x00, 0x00, 0x48,
                0x8B, 0x05, 0x3A, 0xBC, 0x00, 0x00, 0x48, 0x33, 0xC4, 0x48, 0x89, 0x44,
                0x24, 0x70, 0xC6, 0x44, 0x24, 0x58, 0x40, 0xC6, 0x44, 0x24, 0x59, 0x53,
                0xC6, 0x44, 0x24, 0x5A, 0x48, 0xC6, 0x44, 0x24, 0x5B, 0x83, 0xC6, 0x44,
                0x24, 0x5C, 0xEC, 0xC6, 0x44, 0x24, 0x5D, 0x00, 0xC6, 0x44, 0x24, 0x5E,
                0x8B, 0xC6, 0x44, 0x24, 0x5F, 0x05, 0xC6, 0x44, 0x24, 0x60, 0x00, 0xC6,
                0x44, 0x24, 0x61, 0x00, 0xC6, 0x44, 0x24, 0x62, 0x00, 0xC6, 0x44, 0x24,
                0x63, 0x00, 0xC6, 0x44, 0x24, 0x64, 0xB9, 0xC6, 0x44, 0x24, 0x65, 0x00,
                0xC6, 0x44, 0x24, 0x66, 0x00, 0xC6, 0x44, 0x24, 0x67, 0x00, 0xC6, 0x44,
                0x24, 0x68, 0x00, 0xC6, 0x44, 0x24, 0x69, 0x23, 0xC6, 0x44, 0x24, 0x6A,
                0xC1, 0xC6, 0x44, 0x24, 0x6B, 0x3B, 0xC6, 0x44, 0x24, 0x6C, 0xC1, 0xC6,
                0x44, 0x24, 0x6D, 0x74, 0xC6, 0x44, 0x24, 0x6E, 0x00, 0xC6, 0x44, 0x24,
                0x40, 0x40, 0xC6, 0x44, 0x24, 0x41, 0x53, 0xC6, 0x44, 0x24, 0x42, 0x48,
                0xC6, 0x44, 0x24, 0x43, 0x83, 0xC6, 0x44, 0x24, 0x44, 0xEC, 0xC6, 0x44,
                0x24, 0x45, 0x00, 0xC6, 0x44, 0x24, 0x46, 0x8B, 0xC6, 0x44, 0x24, 0x47,
                0x05, 0xC6, 0x44, 0x24, 0x48, 0x00, 0xC6, 0x44, 0x24, 0x49, 0x00, 0xC6,
                0x44, 0x24, 0x4A, 0x00, 0xC6, 0x44, 0x24, 0x4B, 0x00, 0xC6, 0x44, 0x24,
                0x4C, 0xB9, 0xC6, 0x44, 0x24, 0x4D, 0x00, 0xC6, 0x44, 0x24, 0x4E, 0x00,
                0xC6, 0x44, 0x24, 0x4F, 0x00, 0xC6, 0x44, 0x24, 0x50, 0x00, 0xC6, 0x44,
                0x24, 0x51, 0x23, 0xC6, 0x44, 0x24, 0x52, 0xC1, 0xC6, 0x44, 0x24, 0x53,
                0x3B, 0xC6, 0x44, 0x24, 0x54, 0xC1, 0xC6, 0x44, 0x24, 0x55, 0x74, 0xC6,
                0x44, 0x24, 0x56, 0x00, 0xC7, 0x44, 0x24, 0x38, 0x00, 0x00, 0x00, 0x00,
                0x48, 0xC7, 0x44, 0x24, 0x30, 0x00, 0x00, 0x00, 0x00, 0xC7, 0x44, 0x24,
                0x28, 0x00, 0x00, 0x00, 0x00, 0x48, 0xC7, 0x44, 0x24, 0x20, 0x00, 0x00,
                0x00, 0x00, 0x41, 0xB9, 0x17, 0x00, 0x00, 0x00, 0x4C, 0x8D, 0x44, 0x24,
                0x40, 0xBA, 0x17, 0x00, 0x00, 0x00, 0x48, 0x8D, 0x4C, 0x24, 0x58, 0xE8,
                0xEC, 0x19, 0x00, 0x00, 0x48, 0x8B, 0x4C, 0x24, 0x70, 0x48, 0x33, 0xCC,
                0xE8, 0xB3, 0x9C, 0x00, 0x00, 0x48, 0x81, 0xC4, 0x88, 0x00, 0x00, 0x00,
                0xC3, 0xCC, 0xCC, 0xCC, 0x48, 0x81, 0xEC, 0x78, 0x01, 0x00, 0x00, 0x48,
                0x8B, 0x05, 0xEA, 0xBA, 0x00, 0x00, 0x48, 0x33, 0xC4, 0x48, 0x89, 0x84,
                0x24, 0x60, 0x01, 0x00, 0x00, 0xC6, 0x44, 0x24, 0x40, 0x48, 0xC6, 0x44,
                0x24, 0x41, 0x89, 0xC6, 0x44, 0x24, 0x42, 0x5C, 0xC6, 0x44, 0x24, 0x43,
                0x24, 0xC6, 0x44, 0x24, 0x44, 0x08, 0xC6, 0x44, 0x24, 0x45, 0x48, 0xC6,
                0x44, 0x24, 0x46, 0x89, 0xC6, 0x44, 0x24, 0x47, 0x6C, 0xC6, 0x44, 0x24,
                0x48, 0x24, 0xC6, 0x44, 0x24, 0x49, 0x10, 0xC6, 0x44, 0x24, 0x4A, 0x48,
                0xC6, 0x44, 0x24, 0x4B, 0x89, 0xC6, 0x44, 0x24, 0x4C, 0x74, 0xC6, 0x44,
                0x24, 0x4D, 0x24, 0xC6, 0x44, 0x24, 0x4E, 0x18, 0xC6, 0x44, 0x24, 0x4F,
                0x57, 0xC6, 0x44, 0x24, 0x50, 0x41, 0xC6, 0x44, 0x24, 0x51, 0x54, 0xC6,
                0x44, 0x24, 0x52, 0x41, 0xC6, 0x44, 0x24, 0x53, 0x55, 0xC6, 0x44, 0x24,
                0x54, 0x41, 0xC6, 0x44, 0x24, 0x55, 0x56, 0xC6, 0x44, 0x24, 0x56, 0x41,
                0xC6, 0x44, 0x24, 0x57, 0x57, 0xC6, 0x44, 0x24, 0x58, 0x48, 0xC6, 0x44,
                0x24, 0x59, 0x83, 0xC6, 0x44, 0x24, 0x5A, 0xEC, 0xC6, 0x44, 0x24, 0x5B,
                0x00, 0xC6, 0x44, 0x24, 0x5C, 0x8B, 0xC6, 0x44, 0x24, 0x5D, 0x05, 0xC6,
                0x44, 0x24, 0x5E, 0x00, 0xC6, 0x44, 0x24, 0x5F, 0x00, 0xC6, 0x44, 0x24,
                0x60, 0x00, 0xC6, 0x44, 0x24, 0x61, 0x00, 0xC6, 0x44, 0x24, 0x62, 0x44,
                0xC6, 0x44, 0x24, 0x63, 0x8B, 0xC6, 0x44, 0x24, 0x64, 0xF9, 0xC6, 0x44,
                0x24, 0x65, 0x4D, 0xC6, 0x44, 0x24, 0x66, 0x8B, 0xC6, 0x44, 0x24, 0x67,
                0xF1, 0xC6, 0x44, 0x24, 0x68, 0x4D, 0xC6, 0x44, 0x24, 0x69, 0x8B, 0xC6,
                0x44, 0x24, 0x6A, 0xE8, 0xC6, 0x44, 0x24, 0x6B, 0x48, 0xC6, 0x44, 0x24,
                0x6C, 0x8B, 0xC6, 0x44, 0x24, 0x6D, 0xEA, 0xC6, 0x44, 0x24, 0x6E, 0xB9,
                0xC6, 0x44, 0x24, 0x6F, 0x00, 0xC6, 0x44, 0x24, 0x70, 0x00, 0xC6, 0x44,
                0x24, 0x71, 0x00, 0xC6, 0x44, 0x24, 0x72, 0x00, 0xC6, 0x44, 0x24, 0x73,
                0xA8, 0xC6, 0x44, 0x24, 0x74, 0x00, 0xC6, 0x44, 0x24, 0x75, 0x74, 0xC6,
                0x44, 0x24, 0x76, 0x00, 0xC6, 0x84, 0x24, 0xC0, 0x00, 0x00, 0x00, 0x48,
                0xC6, 0x84, 0x24, 0xC1, 0x00, 0x00, 0x00, 0x8B, 0xC6, 0x84, 0x24, 0xC2,
                0x00, 0x00, 0x00, 0xC4, 0xC6, 0x84, 0x24, 0xC3, 0x00, 0x00, 0x00, 0x48,
                0xC6, 0x84, 0x24, 0xC4, 0x00, 0x00, 0x00, 0x89, 0xC6, 0x84, 0x24, 0xC5,
                0x00, 0x00, 0x00, 0x58, 0xC6, 0x84, 0x24, 0xC6, 0x00, 0x00, 0x00, 0x00,
                0xC6, 0x84, 0x24, 0xC7, 0x00, 0x00, 0x00, 0x48, 0xC6, 0x84, 0x24, 0xC8,
                0x00, 0x00, 0x00, 0x89, 0xC6, 0x84, 0x24, 0xC9, 0x00, 0x00, 0x00, 0x68,
                0xC6, 0x84, 0x24, 0xCA, 0x00, 0x00, 0x00, 0x00, 0xC6, 0x84, 0x24, 0xCB,
                0x00, 0x00, 0x00, 0x48, 0xC6, 0x84, 0x24, 0xCC, 0x00, 0x00, 0x00, 0x89,
                0xC6, 0x84, 0x24, 0xCD, 0x00, 0x00, 0x00, 0x70, 0xC6, 0x84, 0x24, 0xCE,
                0x00, 0x00, 0x00, 0x00, 0xC6, 0x84, 0x24, 0xCF, 0x00, 0x00, 0x00, 0x4C,
                0xC6, 0x84, 0x24, 0xD0, 0x00, 0x00, 0x00, 0x89, 0xC6, 0x84, 0x24, 0xD1,
                0x00, 0x00, 0x00, 0x40, 0xC6, 0x84, 0x24, 0xD2, 0x00, 0x00, 0x00, 0x00,
                0xC6, 0x84, 0x24, 0xD3, 0x00, 0x00, 0x00, 0x57, 0xC6, 0x84, 0x24, 0xD4,
                0x00, 0x00, 0x00, 0x41, 0xC6, 0x84, 0x24, 0xD5, 0x00, 0x00, 0x00, 0x54,
                0xC6, 0x84, 0x24, 0xD6, 0x00, 0x00, 0x00, 0x41, 0xC6, 0x84, 0x24, 0xD7,
                0x00, 0x00, 0x00, 0x55, 0xC6, 0x84, 0x24, 0xD8, 0x00, 0x00, 0x00, 0x41,
                0xC6, 0x84, 0x24, 0xD9, 0x00, 0x00, 0x00, 0x56, 0xC6, 0x84, 0x24, 0xDA,
                0x00, 0x00, 0x00, 0x41, 0xC6, 0x84, 0x24, 0xDB, 0x00, 0x00, 0x00, 0x57,
                0xC6, 0x84, 0x24, 0xDC, 0x00, 0x00, 0x00, 0x48, 0xC6, 0x84, 0x24, 0xDD,
                0x00, 0x00, 0x00, 0x83, 0xC6, 0x84, 0x24, 0xDE, 0x00, 0x00, 0x00, 0xEC,
                0xC6, 0x84, 0x24, 0xDF, 0x00, 0x00, 0x00, 0x00, 0xC6, 0x84, 0x24, 0xE0,
                0x00, 0x00, 0x00, 0x48, 0xC6, 0x84, 0x24, 0xE1, 0x00, 0x00, 0x00, 0x83,
                0xC6, 0x84, 0x24, 0xE2, 0x00, 0x00, 0x00, 0x60, 0xC6, 0x84, 0x24, 0xE3,
                0x00, 0x00, 0x00, 0x00, 0xC6, 0x84, 0x24, 0xE4, 0x00, 0x00, 0x00, 0x00,
                0xC6, 0x84, 0x24, 0xE5, 0x00, 0x00, 0x00, 0x8B, 0xC6, 0x84, 0x24, 0xE6,
                0x00, 0x00, 0x00, 0xE9, 0xC6, 0x84, 0x24, 0xE7, 0x00, 0x00, 0x00, 0x48,
                0xC6, 0x84, 0x24, 0xE8, 0x00, 0x00, 0x00, 0x83, 0xC6, 0x84, 0x24, 0xE9,
                0x00, 0x00, 0x00, 0x60, 0xC6, 0x84, 0x24, 0xEA, 0x00, 0x00, 0x00, 0x00,
                0xC6, 0x84, 0x24, 0xEB, 0x00, 0x00, 0x00, 0x00, 0xC6, 0x84, 0x24, 0xEC,
                0x00, 0x00, 0x00, 0x4D, 0xC6, 0x84, 0x24, 0xED, 0x00, 0x00, 0x00, 0x8B,
                0xC6, 0x84, 0x24, 0xEE, 0x00, 0x00, 0x00, 0xE1, 0xC6, 0x84, 0x24, 0xEF,
                0x00, 0x00, 0x00, 0x8B, 0xC6, 0x84, 0x24, 0xF0, 0x00, 0x00, 0x00, 0x05,
                0xC6, 0x84, 0x24, 0xF1, 0x00, 0x00, 0x00, 0x00, 0xC6, 0x84, 0x24, 0xF2,
                0x00, 0x00, 0x00, 0x00, 0xC6, 0x84, 0x24, 0xF3, 0x00, 0x00, 0x00, 0x00,
                0xC6, 0x84, 0x24, 0xF4, 0x00, 0x00, 0x00, 0x00, 0xC6, 0x84, 0x24, 0xF5,
                0x00, 0x00, 0x00, 0x4C, 0xC6, 0x84, 0x24, 0xF6, 0x00, 0x00, 0x00, 0x8B,
                0xC6, 0x84, 0x24, 0xF7, 0x00, 0x00, 0x00, 0xEA, 0xC6, 0x84, 0x24, 0xF8,
                0x00, 0x00, 0x00, 0xB9, 0xC6, 0x84, 0x24, 0xF9, 0x00, 0x00, 0x00, 0x00,
                0xC6, 0x84, 0x24, 0xFA, 0x00, 0x00, 0x00, 0x00, 0xC6, 0x84, 0x24, 0xFB,
                0x00, 0x00, 0x00, 0x00, 0xC6, 0x84, 0x24, 0xFC, 0x00, 0x00, 0x00, 0x00,
                0xC6, 0x84, 0x24, 0xFD, 0x00, 0x00, 0x00, 0xA8, 0xC6, 0x84, 0x24, 0xFE,
                0x00, 0x00, 0x00, 0x00, 0xC6, 0x84, 0x24, 0xFF, 0x00, 0x00, 0x00, 0x74,
                0xC6, 0x84, 0x24, 0x00, 0x01, 0x00, 0x00, 0x00, 0xC6, 0x44, 0x24, 0x78,
                0x48, 0xC6, 0x44, 0x24, 0x79, 0x8B, 0xC6, 0x44, 0x24, 0x7A, 0xC4, 0xC6,
                0x44, 0x24, 0x7B, 0x48, 0xC6, 0x44, 0x24, 0x7C, 0x89, 0xC6, 0x44, 0x24,
                0x7D, 0x58, 0xC6, 0x44, 0x24, 0x7E, 0x00, 0xC6, 0x44, 0x24, 0x7F, 0x48,
                0xC6, 0x84, 0x24, 0x80, 0x00, 0x00, 0x00, 0x89, 0xC6, 0x84, 0x24, 0x81,
                0x00, 0x00, 0x00, 0x68, 0xC6, 0x84, 0x24, 0x82, 0x00, 0x00, 0x00, 0x00,
                0xC6, 0x84, 0x24, 0x83, 0x00, 0x00, 0x00, 0x48, 0xC6, 0x84, 0x24, 0x84,
                0x00, 0x00, 0x00, 0x89, 0xC6, 0x84, 0x24, 0x85, 0x00, 0x00, 0x00, 0x70,
                0xC6, 0x84, 0x24, 0x86, 0x00, 0x00, 0x00, 0x00, 0xC6, 0x84, 0x24, 0x87,
                0x00, 0x00, 0x00, 0x4C, 0xC6, 0x84, 0x24, 0x88, 0x00, 0x00, 0x00, 0x89,
                0xC6, 0x84, 0x24, 0x89, 0x00, 0x00, 0x00, 0x40, 0xC6, 0x84, 0x24, 0x8A,
                0x00, 0x00, 0x00, 0x00, 0xC6, 0x84, 0x24, 0x8B, 0x00, 0x00, 0x00, 0x57,
                0xC6, 0x84, 0x24, 0x8C, 0x00, 0x00, 0x00, 0x41, 0xC6, 0x84, 0x24, 0x8D,
                0x00, 0x00, 0x00, 0x54, 0xC6, 0x84, 0x24, 0x8E, 0x00, 0x00, 0x00, 0x41,
                0xC6, 0x84, 0x24, 0x8F, 0x00, 0x00, 0x00, 0x55, 0xC6, 0x84, 0x24, 0x90,
                0x00, 0x00, 0x00, 0x41, 0xC6, 0x84, 0x24, 0x91, 0x00, 0x00, 0x00, 0x56,
                0xC6, 0x84, 0x24, 0x92, 0x00, 0x00, 0x00, 0x41, 0xC6, 0x84, 0x24, 0x93,
                0x00, 0x00, 0x00, 0x57, 0xC6, 0x84, 0x24, 0x94, 0x00, 0x00, 0x00, 0x48,
                0xC6, 0x84, 0x24, 0x95, 0x00, 0x00, 0x00, 0x83, 0xC6, 0x84, 0x24, 0x96,
                0x00, 0x00, 0x00, 0xEC, 0xC6, 0x84, 0x24, 0x97, 0x00, 0x00, 0x00, 0x00,
                0xC6, 0x84, 0x24, 0x98, 0x00, 0x00, 0x00, 0x48, 0xC6, 0x84, 0x24, 0x99,
                0x00, 0x00, 0x00, 0x83, 0xC6, 0x84, 0x24, 0x9A, 0x00, 0x00, 0x00, 0x60,
                0xC6, 0x84, 0x24, 0x9B, 0x00, 0x00, 0x00, 0x00, 0xC6, 0x84, 0x24, 0x9C,
                0x00, 0x00, 0x00, 0x00, 0xC6, 0x84, 0x24, 0x9D, 0x00, 0x00, 0x00, 0x4D,
                0xC6, 0x84, 0x24, 0x9E, 0x00, 0x00, 0x00, 0x8B, 0xC6, 0x84, 0x24, 0x9F,
                0x00, 0x00, 0x00, 0xE1, 0xC6, 0x84, 0x24, 0xA0, 0x00, 0x00, 0x00, 0x48,
                0xC6, 0x84, 0x24, 0xA1, 0x00, 0x00, 0x00, 0x83, 0xC6, 0x84, 0x24, 0xA2,
                0x00, 0x00, 0x00, 0x60, 0xC6, 0x84, 0x24, 0xA3, 0x00, 0x00, 0x00, 0x00,
                0xC6, 0x84, 0x24, 0xA4, 0x00, 0x00, 0x00, 0x00, 0xC6, 0x84, 0x24, 0xA5,
                0x00, 0x00, 0x00, 0x4C, 0xC6, 0x84, 0x24, 0xA6, 0x00, 0x00, 0x00, 0x8B,
                0xC6, 0x84, 0x24, 0xA7, 0x00, 0x00, 0x00, 0xEA, 0xC6, 0x84, 0x24, 0xA8,
                0x00, 0x00, 0x00, 0x8B, 0xC6, 0x84, 0x24, 0xA9, 0x00, 0x00, 0x00, 0x05,
                0xC6, 0x84, 0x24, 0xAA, 0x00, 0x00, 0x00, 0x00, 0xC6, 0x84, 0x24, 0xAB,
                0x00, 0x00, 0x00, 0x00, 0xC6, 0x84, 0x24, 0xAC, 0x00, 0x00, 0x00, 0x00,
                0xC6, 0x84, 0x24, 0xAD, 0x00, 0x00, 0x00, 0x00, 0xC6, 0x84, 0x24, 0xAE,
                0x00, 0x00, 0x00, 0x8B, 0xC6, 0x84, 0x24, 0xAF, 0x00, 0x00, 0x00, 0xE9,
                0xC6, 0x84, 0x24, 0xB0, 0x00, 0x00, 0x00, 0xA8, 0xC6, 0x84, 0x24, 0xB1,
                0x00, 0x00, 0x00, 0x00, 0xC6, 0x84, 0x24, 0xB2, 0x00, 0x00, 0x00, 0x74,
                0xC6, 0x84, 0x24, 0xB3, 0x00, 0x00, 0x00, 0x00, 0xC6, 0x84, 0x24, 0x10,
                0x01, 0x00, 0x00, 0x48, 0xC6, 0x84, 0x24, 0x11, 0x01, 0x00, 0x00, 0x8B,
                0xC6, 0x84, 0x24, 0x12, 0x01, 0x00, 0x00, 0xC4, 0xC6, 0x84, 0x24, 0x13,
                0x01, 0x00, 0x00, 0x48, 0xC6, 0x84, 0x24, 0x14, 0x01, 0x00, 0x00, 0x89,
                0xC6, 0x84, 0x24, 0x15, 0x01, 0x00, 0x00, 0x58, 0xC6, 0x84, 0x24, 0x16,
                0x01, 0x00, 0x00, 0x00, 0xC6, 0x84, 0x24, 0x17, 0x01, 0x00, 0x00, 0x48,
                0xC6, 0x84, 0x24, 0x18, 0x01, 0x00, 0x00, 0x89, 0xC6, 0x84, 0x24, 0x19,
                0x01, 0x00, 0x00, 0x68, 0xC6, 0x84, 0x24, 0x1A, 0x01, 0x00, 0x00, 0x00,
                0xC6, 0x84, 0x24, 0x1B, 0x01, 0x00, 0x00, 0x48, 0xC6, 0x84, 0x24, 0x1C,
                0x01, 0x00, 0x00, 0x89, 0xC6, 0x84, 0x24, 0x1D, 0x01, 0x00, 0x00, 0x70,
                0xC6, 0x84, 0x24, 0x1E, 0x01, 0x00, 0x00, 0x00, 0xC6, 0x84, 0x24, 0x1F,
                0x01, 0x00, 0x00, 0x4C, 0xC6, 0x84, 0x24, 0x20, 0x01, 0x00, 0x00, 0x89,
                0xC6, 0x84, 0x24, 0x21, 0x01, 0x00, 0x00, 0x40, 0xC6, 0x84, 0x24, 0x22,
                0x01, 0x00, 0x00, 0x00, 0xC6, 0x84, 0x24, 0x23, 0x01, 0x00, 0x00, 0x57,
                0xC6, 0x84, 0x24, 0x24, 0x01, 0x00, 0x00, 0x41, 0xC6, 0x84, 0x24, 0x25,
                0x01, 0x00, 0x00, 0x54, 0xC6, 0x84, 0x24, 0x26, 0x01, 0x00, 0x00, 0x41,
                0xC6, 0x84, 0x24, 0x27, 0x01, 0x00, 0x00, 0x55, 0xC6, 0x84, 0x24, 0x28,
                0x01, 0x00, 0x00, 0x41, 0xC6, 0x84, 0x24, 0x29, 0x01, 0x00, 0x00, 0x56,
                0xC6, 0x84, 0x24, 0x2A, 0x01, 0x00, 0x00, 0x41, 0xC6, 0x84, 0x24, 0x2B,
                0x01, 0x00, 0x00, 0x57, 0xC6, 0x84, 0x24, 0x2C, 0x01, 0x00, 0x00, 0x48,
                0xC6, 0x84, 0x24, 0x2D, 0x01, 0x00, 0x00, 0x83, 0xC6, 0x84, 0x24, 0x2E,
                0x01, 0x00, 0x00, 0xEC, 0xC6, 0x84, 0x24, 0x2F, 0x01, 0x00, 0x00, 0x00,
                0xC6, 0x84, 0x24, 0x30, 0x01, 0x00, 0x00, 0x48, 0xC6, 0x84, 0x24, 0x31,
                0x01, 0x00, 0x00, 0xC7, 0xC6, 0x84, 0x24, 0x32, 0x01, 0x00, 0x00, 0x40,
                0xC6, 0x84, 0x24, 0x33, 0x01, 0x00, 0x00, 0x00, 0xC6, 0x84, 0x24, 0x34,
                0x01, 0x00, 0x00, 0x00, 0xC6, 0x84, 0x24, 0x35, 0x01, 0x00, 0x00, 0x00,
                0xC6, 0x84, 0x24, 0x36, 0x01, 0x00, 0x00, 0x00, 0xC6, 0x84, 0x24, 0x37,
                0x01, 0x00, 0x00, 0x00, 0xC6, 0x84, 0x24, 0x38, 0x01, 0x00, 0x00, 0x4D,
                0xC6, 0x84, 0x24, 0x39, 0x01, 0x00, 0x00, 0x8B, 0xC6, 0x84, 0x24, 0x3A,
                0x01, 0x00, 0x00, 0xE1, 0xC6, 0x84, 0x24, 0x3B, 0x01, 0x00, 0x00, 0x48,
                0xC6, 0x84, 0x24, 0x3C, 0x01, 0x00, 0x00, 0xC7, 0xC6, 0x84, 0x24, 0x3D,
                0x01, 0x00, 0x00, 0x40, 0xC6, 0x84, 0x24, 0x3E, 0x01, 0x00, 0x00, 0x00,
                0xC6, 0x84, 0x24, 0x3F, 0x01, 0x00, 0x00, 0x00, 0xC6, 0x84, 0x24, 0x40,
                0x01, 0x00, 0x00, 0x00, 0xC6, 0x84, 0x24, 0x41, 0x01, 0x00, 0x00, 0x00,
                0xC6, 0x84, 0x24, 0x42, 0x01, 0x00, 0x00, 0x00, 0xC6, 0x84, 0x24, 0x43,
                0x01, 0x00, 0x00, 0x4C, 0xC6, 0x84, 0x24, 0x44, 0x01, 0x00, 0x00, 0x8B,
                0xC6, 0x84, 0x24, 0x45, 0x01, 0x00, 0x00, 0xEA, 0xC6, 0x84, 0x24, 0x46,
                0x01, 0x00, 0x00, 0x8B, 0xC6, 0x84, 0x24, 0x47, 0x01, 0x00, 0x00, 0x05,
                0xC6, 0x84, 0x24, 0x48, 0x01, 0x00, 0x00, 0x00, 0xC6, 0x84, 0x24, 0x49,
                0x01, 0x00, 0x00, 0x00, 0xC6, 0x84, 0x24, 0x4A, 0x01, 0x00, 0x00, 0x00,
                0xC6, 0x84, 0x24, 0x4B, 0x01, 0x00, 0x00, 0x00, 0xC6, 0x84, 0x24, 0x4C,
                0x01, 0x00, 0x00, 0x8B, 0xC6, 0x84, 0x24, 0x4D, 0x01, 0x00, 0x00, 0xE9,
                0xC6, 0x84, 0x24, 0x4E, 0x01, 0x00, 0x00, 0xA8, 0xC6, 0x84, 0x24, 0x4F,
                0x01, 0x00, 0x00, 0x00, 0xC6, 0x84, 0x24, 0x50, 0x01, 0x00, 0x00, 0x74,
                0xC6, 0x84, 0x24, 0x51, 0x01, 0x00, 0x00, 0x00, 0xC7, 0x44, 0x24, 0x38,
                0x42, 0x00, 0x00, 0x00, 0x48, 0x8D, 0x84, 0x24, 0x10, 0x01, 0x00, 0x00,
                0x48, 0x89, 0x44, 0x24, 0x30, 0xC7, 0x44, 0x24, 0x28, 0x3C, 0x00, 0x00,
                0x00, 0x48, 0x8D, 0x44, 0x24, 0x78, 0x48, 0x89, 0x44, 0x24, 0x20, 0x41,
                0xB9, 0x41, 0x00, 0x00, 0x00, 0x4C, 0x8D, 0x84, 0x24, 0xC0, 0x00, 0x00,
                0x00, 0xBA, 0x37, 0x00, 0x00, 0x00, 0x48, 0x8D, 0x4C, 0x24, 0x40, 0xE8,
                0x84, 0x12, 0x00, 0x00, 0x48, 0x8B, 0x8C, 0x24, 0x60, 0x01, 0x00, 0x00,
                0x48, 0x33, 0xCC, 0xE8, 0x48, 0x95, 0x00, 0x00, 0x48, 0x81, 0xC4, 0x78,
                0x01, 0x00, 0x00, 0xC3, 0x48, 0x81, 0xEC, 0x88, 0x02, 0x00, 0x00, 0x48,
                0x8B, 0x05, 0x82, 0xB3, 0x00, 0x00, 0x48, 0x33, 0xC4, 0x48, 0x89, 0x84,
                0x24, 0x70, 0x02, 0x00, 0x00, 0xC6, 0x44, 0x24, 0x40, 0x48, 0xC6, 0x44,
                0x24, 0x41, 0x8B, 0xC6, 0x44, 0x24, 0x42, 0xC4, 0xC6, 0x44, 0x24, 0x43,
                0x4C, 0xC6, 0x44, 0x24, 0x44, 0x89, 0xC6, 0x44, 0x24, 0x45, 0x48, 0xC6,
                0x44, 0x24, 0x46, 0x00, 0xC6, 0x44, 0x24, 0x47, 0x44, 0xC6, 0x44, 0x24,
                0x48, 0x89, 0xC6, 0x44, 0x24, 0x49, 0x40, 0xC6, 0x44, 0x24, 0x4A, 0x00,
                0xC6, 0x44, 0x24, 0x4B, 0x66, 0xC6, 0x44, 0x24, 0x4C, 0x89, 0xC6, 0x44,
                0x24, 0x4D, 0x50, 0xC6, 0x44, 0x24, 0x4E, 0x00, 0xC6, 0x44, 0x24, 0x4F,
                0x55, 0xC6, 0x44, 0x24, 0x50, 0x53, 0xC6, 0x44, 0x24, 0x51, 0x56, 0xC6,
                0x44, 0x24, 0x52, 0x57, 0xC6, 0x44, 0x24, 0x53, 0x41, 0xC6, 0x44, 0x24,
                0x54, 0x54, 0xC6, 0x44, 0x24, 0x55, 0x41, 0xC6, 0x44, 0x24, 0x56, 0x55,
                0xC6, 0x44, 0x24, 0x57, 0x41, 0xC6, 0x44, 0x24, 0x58, 0x56, 0xC6, 0x44,
                0x24, 0x59, 0x41, 0xC6, 0x44, 0x24, 0x5A, 0x57, 0xC6, 0x44, 0x24, 0x5B,
                0x48, 0xC6, 0x44, 0x24, 0x5C, 0x8D, 0xC6, 0x44, 0x24, 0x5D, 0x68, 0xC6,
                0x44, 0x24, 0x5E, 0x00, 0xC6, 0x44, 0x24, 0x5F, 0x48, 0xC6, 0x44, 0x24,
                0x60, 0x81, 0xC6, 0x44, 0x24, 0x61, 0xEC, 0xC6, 0x44, 0x24, 0x62, 0x00,
                0xC6, 0x44, 0x24, 0x63, 0x00, 0xC6, 0x44, 0x24, 0x64, 0x00, 0xC6, 0x44,
                0x24, 0x65, 0x00, 0xC6, 0x44, 0x24, 0x66, 0x48, 0xC6, 0x44, 0x24, 0x67,
                0x8B, 0xC6, 0x44, 0x24, 0x68, 0x41, 0xC6, 0x44, 0x24, 0x69, 0x00, 0xC6,
                0x44, 0x24, 0x6A, 0x4C, 0xC6, 0x44, 0x24, 0x6B, 0x8B, 0xC6, 0x44, 0x24,
                0x6C, 0xE1, 0xC6, 0x44, 0x24, 0x6D, 0x49, 0xC6, 0x44, 0x24, 0x6E, 0x8B,
                0xC6, 0x44, 0x24, 0x6F, 0x74, 0xC6, 0x44, 0x24, 0x70, 0x24, 0xC6, 0x44,
                0x24, 0x71, 0x00, 0xC6, 0x44, 0x24, 0x72, 0x4D, 0xC6, 0x44, 0x24, 0x73,
                0x8D, 0xC6, 0x44, 0x24, 0x74, 0x5C, 0xC6, 0x44, 0x24, 0x75, 0x24, 0xC6,
                0x44, 0x24, 0x76, 0x00, 0xC6, 0x44, 0x24, 0x77, 0x48, 0xC6, 0x44, 0x24,
                0x78, 0x89, 0xC6, 0x44, 0x24, 0x79, 0x45, 0xC6, 0x44, 0x24, 0x7A, 0x00,
                0xC6, 0x44, 0x24, 0x7B, 0x45, 0xC6, 0x44, 0x24, 0x7C, 0x8A, 0xC6, 0x44,
                0x24, 0x7D, 0x73, 0xC6, 0x44, 0x24, 0x7E, 0x00, 0xC6, 0x44, 0x24, 0x7F,
                0x33, 0xC6, 0x84, 0x24, 0x80, 0x00, 0x00, 0x00, 0xC0, 0xC6, 0x84, 0x24,
                0x81, 0x00, 0x00, 0x00, 0x41, 0xC6, 0x84, 0x24, 0x82, 0x00, 0x00, 0x00,
                0x80, 0xC6, 0x84, 0x24, 0x83, 0x00, 0x00, 0x00, 0xE6, 0xC6, 0x84, 0x24,
                0x84, 0x00, 0x00, 0x00, 0x01, 0xC6, 0x84, 0x24, 0x85, 0x00, 0x00, 0x00,
                0x8B, 0xC6, 0x84, 0x24, 0x86, 0x00, 0x00, 0x00, 0xC8, 0xC6, 0x84, 0x24,
                0x87, 0x00, 0x00, 0x00, 0x48, 0xC6, 0x84, 0x24, 0x88, 0x00, 0x00, 0x00,
                0x89, 0xC6, 0x84, 0x24, 0x89, 0x00, 0x00, 0x00, 0x45, 0xC6, 0x84, 0x24,
                0x8A, 0x00, 0x00, 0x00, 0x00, 0xC6, 0x84, 0x24, 0x8B, 0x00, 0x00, 0x00,
                0x44, 0xC6, 0x84, 0x24, 0x8C, 0x00, 0x00, 0x00, 0x8B, 0xC6, 0x84, 0x24,
                0x8D, 0x00, 0x00, 0x00, 0xC0, 0xC6, 0x84, 0x24, 0x8E, 0x00, 0x00, 0x00,
                0x89, 0xC6, 0x84, 0x24, 0x8F, 0x00, 0x00, 0x00, 0x45, 0xC6, 0x84, 0x24,
                0x90, 0x00, 0x00, 0x00, 0x00, 0xC6, 0x84, 0x24, 0x91, 0x00, 0x00, 0x00,
                0x48, 0xC6, 0x84, 0x24, 0x92, 0x00, 0x00, 0x00, 0x89, 0xC6, 0x84, 0x24,
                0x93, 0x00, 0x00, 0x00, 0x45, 0xC6, 0x84, 0x24, 0x94, 0x00, 0x00, 0x00,
                0x00, 0xC6, 0x84, 0x24, 0x95, 0x00, 0x00, 0x00, 0x89, 0xC6, 0x84, 0x24,
                0x96, 0x00, 0x00, 0x00, 0x45, 0xC6, 0x84, 0x24, 0x97, 0x00, 0x00, 0x00,
                0x00, 0xC6, 0x84, 0x24, 0x98, 0x00, 0x00, 0x00, 0x89, 0xC6, 0x84, 0x24,
                0x99, 0x00, 0x00, 0x00, 0x45, 0xC6, 0x84, 0x24, 0x9A, 0x00, 0x00, 0x00,
                0x00, 0xC6, 0x84, 0x24, 0x9B, 0x00, 0x00, 0x00, 0x8B, 0xC6, 0x84, 0x24,
                0x9C, 0x00, 0x00, 0x00, 0xD8, 0xC6, 0x84, 0x24, 0x9D, 0x00, 0x00, 0x00,
                0x48, 0xC6, 0x84, 0x24, 0x9E, 0x00, 0x00, 0x00, 0x89, 0xC6, 0x84, 0x24,
                0x9F, 0x00, 0x00, 0x00, 0x45, 0xC6, 0x84, 0x24, 0xA0, 0x00, 0x00, 0x00,
                0x00, 0xC6, 0x84, 0x24, 0xA1, 0x00, 0x00, 0x00, 0x44, 0xC6, 0x84, 0x24,
                0xA2, 0x00, 0x00, 0x00, 0x8B, 0xC6, 0x84, 0x24, 0xA3, 0x00, 0x00, 0x00,
                0xF8, 0xC6, 0x84, 0x24, 0xA4, 0x00, 0x00, 0x00, 0x48, 0xC6, 0x84, 0x24,
                0xA5, 0x00, 0x00, 0x00, 0x89, 0xC6, 0x84, 0x24, 0xA6, 0x00, 0x00, 0x00,
                0x45, 0xC6, 0x84, 0x24, 0xA7, 0x00, 0x00, 0x00, 0x00, 0xC6, 0x84, 0x24,
                0xA8, 0x00, 0x00, 0x00, 0x88, 0xC6, 0x84, 0x24, 0xA9, 0x00, 0x00, 0x00,
                0x45, 0xC6, 0x84, 0x24, 0xAA, 0x00, 0x00, 0x00, 0x00, 0xC6, 0x84, 0x24,
                0xAB, 0x00, 0x00, 0x00, 0x8B, 0xC6, 0x84, 0x24, 0xAC, 0x00, 0x00, 0x00,
                0xF8, 0xC6, 0x84, 0x24, 0xAD, 0x00, 0x00, 0x00, 0x44, 0xC6, 0x84, 0x24,
                0xAE, 0x00, 0x00, 0x00, 0x8B, 0xC6, 0x84, 0x24, 0xAF, 0x00, 0x00, 0x00,
                0xE8, 0xC6, 0x84, 0x24, 0xB0, 0x00, 0x00, 0x00, 0x89, 0xC6, 0x84, 0x24,
                0xB1, 0x00, 0x00, 0x00, 0x45, 0xC6, 0x84, 0x24, 0xB2, 0x00, 0x00, 0x00,
                0x00, 0xC6, 0x84, 0x24, 0xB3, 0x00, 0x00, 0x00, 0x66, 0xC6, 0x84, 0x24,
                0xB4, 0x00, 0x00, 0x00, 0x83, 0xC6, 0x84, 0x24, 0xB5, 0x00, 0x00, 0x00,
                0xFA, 0xC6, 0x84, 0x24, 0xB6, 0x00, 0x00, 0x00, 0x00, 0xC6, 0x84, 0x24,
                0xB7, 0x00, 0x00, 0x00, 0x72, 0xC6, 0x84, 0x24, 0xB8, 0x00, 0x00, 0x00,
                0x00, 0xC6, 0x84, 0x24, 0x50, 0x01, 0x00, 0x00, 0x48, 0xC6, 0x84, 0x24,
                0x51, 0x01, 0x00, 0x00, 0x8B, 0xC6, 0x84, 0x24, 0x52, 0x01, 0x00, 0x00,
                0xC4, 0xC6, 0x84, 0x24, 0x53, 0x01, 0x00, 0x00, 0x4C, 0xC6, 0x84, 0x24,
                0x54, 0x01, 0x00, 0x00, 0x89, 0xC6, 0x84, 0x24, 0x55, 0x01, 0x00, 0x00,
                0x48, 0xC6, 0x84, 0x24, 0x56, 0x01, 0x00, 0x00, 0x00, 0xC6, 0x84, 0x24,
                0x57, 0x01, 0x00, 0x00, 0x44, 0xC6, 0x84, 0x24, 0x58, 0x01, 0x00, 0x00,
                0x89, 0xC6, 0x84, 0x24, 0x59, 0x01, 0x00, 0x00, 0x40, 0xC6, 0x84, 0x24,
                0x5A, 0x01, 0x00, 0x00, 0x00, 0xC6, 0x84, 0x24, 0x5B, 0x01, 0x00, 0x00,
                0x66, 0xC6, 0x84, 0x24, 0x5C, 0x01, 0x00, 0x00, 0x89, 0xC6, 0x84, 0x24,
                0x5D, 0x01, 0x00, 0x00, 0x50, 0xC6, 0x84, 0x24, 0x5E, 0x01, 0x00, 0x00,
                0x00, 0xC6, 0x84, 0x24, 0x5F, 0x01, 0x00, 0x00, 0x48, 0xC6, 0x84, 0x24,
                0x60, 0x01, 0x00, 0x00, 0x89, 0xC6, 0x84, 0x24, 0x61, 0x01, 0x00, 0x00,
                0x48, 0xC6, 0x84, 0x24, 0x62, 0x01, 0x00, 0x00, 0x00, 0xC6, 0x84, 0x24,
                0x63, 0x01, 0x00, 0x00, 0x55, 0xC6, 0x84, 0x24, 0x64, 0x01, 0x00, 0x00,
                0x53, 0xC6, 0x84, 0x24, 0x65, 0x01, 0x00, 0x00, 0x56, 0xC6, 0x84, 0x24,
                0x66, 0x01, 0x00, 0x00, 0x57, 0xC6, 0x84, 0x24, 0x67, 0x01, 0x00, 0x00,
                0x41, 0xC6, 0x84, 0x24, 0x68, 0x01, 0x00, 0x00, 0x54, 0xC6, 0x84, 0x24,
                0x69, 0x01, 0x00, 0x00, 0x41, 0xC6, 0x84, 0x24, 0x6A, 0x01, 0x00, 0x00,
                0x55, 0xC6, 0x84, 0x24, 0x6B, 0x01, 0x00, 0x00, 0x41, 0xC6, 0x84, 0x24,
                0x6C, 0x01, 0x00, 0x00, 0x56, 0xC6, 0x84, 0x24, 0x6D, 0x01, 0x00, 0x00,
                0x41, 0xC6, 0x84, 0x24, 0x6E, 0x01, 0x00, 0x00, 0x57, 0xC6, 0x84, 0x24,
                0x6F, 0x01, 0x00, 0x00, 0x48, 0xC6, 0x84, 0x24, 0x70, 0x01, 0x00, 0x00,
                0x8D, 0xC6, 0x84, 0x24, 0x71, 0x01, 0x00, 0x00, 0x68, 0xC6, 0x84, 0x24,
                0x72, 0x01, 0x00, 0x00, 0x00, 0xC6, 0x84, 0x24, 0x73, 0x01, 0x00, 0x00,
                0x48, 0xC6, 0x84, 0x24, 0x74, 0x01, 0x00, 0x00, 0x81, 0xC6, 0x84, 0x24,
                0x75, 0x01, 0x00, 0x00, 0xEC, 0xC6, 0x84, 0x24, 0x76, 0x01, 0x00, 0x00,
                0x00, 0xC6, 0x84, 0x24, 0x77, 0x01, 0x00, 0x00, 0x00, 0xC6, 0x84, 0x24,
                0x78, 0x01, 0x00, 0x00, 0x00, 0xC6, 0x84, 0x24, 0x79, 0x01, 0x00, 0x00,
                0x00, 0xC6, 0x84, 0x24, 0x7A, 0x01, 0x00, 0x00, 0x48, 0xC6, 0x84, 0x24,
                0x7B, 0x01, 0x00, 0x00, 0x83, 0xC6, 0x84, 0x24, 0x7C, 0x01, 0x00, 0x00,
                0x65, 0xC6, 0x84, 0x24, 0x7D, 0x01, 0x00, 0x00, 0x00, 0xC6, 0x84, 0x24,
                0x7E, 0x01, 0x00, 0x00, 0x00, 0xC6, 0x84, 0x24, 0x7F, 0x01, 0x00, 0x00,
                0x48, 0xC6, 0x84, 0x24, 0x80, 0x01, 0x00, 0x00, 0x8B, 0xC6, 0x84, 0x24,
                0x81, 0x01, 0x00, 0x00, 0xC1, 0xC6, 0x84, 0x24, 0x82, 0x01, 0x00, 0x00,
                0x48, 0xC6, 0x84, 0x24, 0x83, 0x01, 0x00, 0x00, 0x8B, 0xC6, 0x84, 0x24,
                0x84, 0x01, 0x00, 0x00, 0x49, 0xC6, 0x84, 0x24, 0x85, 0x01, 0x00, 0x00,
                0x00, 0xC6, 0x84, 0x24, 0x86, 0x01, 0x00, 0x00, 0x45, 0xC6, 0x84, 0x24,
                0x87, 0x01, 0x00, 0x00, 0x33, 0xC6, 0x84, 0x24, 0x88, 0x01, 0x00, 0x00,
                0xC9, 0xC6, 0x84, 0x24, 0x89, 0x01, 0x00, 0x00, 0x33, 0xC6, 0x84, 0x24,
                0x8A, 0x01, 0x00, 0x00, 0xDB, 0xC6, 0x84, 0x24, 0x8B, 0x01, 0x00, 0x00,
                0x48, 0xC6, 0x84, 0x24, 0x8C, 0x01, 0x00, 0x00, 0x89, 0xC6, 0x84, 0x24,
                0x8D, 0x01, 0x00, 0x00, 0x4D, 0xC6, 0x84, 0x24, 0x8E, 0x01, 0x00, 0x00,
                0x00, 0xC6, 0x84, 0x24, 0x8F, 0x01, 0x00, 0x00, 0x33, 0xC6, 0x84, 0x24,
                0x90, 0x01, 0x00, 0x00, 0xC9, 0xC6, 0x84, 0x24, 0x91, 0x01, 0x00, 0x00,
                0x44, 0xC6, 0x84, 0x24, 0x92, 0x01, 0x00, 0x00, 0x89, 0xC6, 0x84, 0x24,
                0x93, 0x01, 0x00, 0x00, 0x4D, 0xC6, 0x84, 0x24, 0x94, 0x01, 0x00, 0x00,
                0x00, 0xC6, 0x84, 0x24, 0x95, 0x01, 0x00, 0x00, 0x21, 0xC6, 0x84, 0x24,
                0x96, 0x01, 0x00, 0x00, 0x4D, 0xC6, 0x84, 0x24, 0x97, 0x01, 0x00, 0x00,
                0x00, 0xC6, 0x84, 0x24, 0x98, 0x01, 0x00, 0x00, 0x4C, 0xC6, 0x84, 0x24,
                0x99, 0x01, 0x00, 0x00, 0x8D, 0xC6, 0x84, 0x24, 0x9A, 0x01, 0x00, 0x00,
                0x40, 0xC6, 0x84, 0x24, 0x9B, 0x01, 0x00, 0x00, 0x00, 0xC6, 0x84, 0x24,
                0x9C, 0x01, 0x00, 0x00, 0x45, 0xC6, 0x84, 0x24, 0x9D, 0x01, 0x00, 0x00,
                0x8A, 0xC6, 0x84, 0x24, 0x9E, 0x01, 0x00, 0x00, 0x78, 0xC6, 0x84, 0x24,
                0x9F, 0x01, 0x00, 0x00, 0x00, 0xC6, 0x84, 0x24, 0xA0, 0x01, 0x00, 0x00,
                0x45, 0xC6, 0x84, 0x24, 0xA1, 0x01, 0x00, 0x00, 0x33, 0xC6, 0x84, 0x24,
                0xA2, 0x01, 0x00, 0x00, 0xE4, 0xC6, 0x84, 0x24, 0xA3, 0x01, 0x00, 0x00,
                0x21, 0xC6, 0x84, 0x24, 0xA4, 0x01, 0x00, 0x00, 0x4D, 0xC6, 0x84, 0x24,
                0xA5, 0x01, 0x00, 0x00, 0x00, 0xC6, 0x84, 0x24, 0xA6, 0x01, 0x00, 0x00,
                0x41, 0xC6, 0x84, 0x24, 0xA7, 0x01, 0x00, 0x00, 0x80, 0xC6, 0x84, 0x24,
                0xA8, 0x01, 0x00, 0x00, 0xE7, 0xC6, 0x84, 0x24, 0xA9, 0x01, 0x00, 0x00,
                0x00, 0xC6, 0x84, 0x24, 0xAA, 0x01, 0x00, 0x00, 0x21, 0xC6, 0x84, 0x24,
                0xAB, 0x01, 0x00, 0x00, 0x4D, 0xC6, 0x84, 0x24, 0xAC, 0x01, 0x00, 0x00,
                0x00, 0xC6, 0x84, 0x24, 0xAD, 0x01, 0x00, 0x00, 0x45, 0xC6, 0x84, 0x24,
                0xAE, 0x01, 0x00, 0x00, 0x33, 0xC6, 0x84, 0x24, 0xAF, 0x01, 0x00, 0x00,
                0xED, 0xC6, 0x84, 0x24, 0xB0, 0x01, 0x00, 0x00, 0x21, 0xC6, 0x84, 0x24,
                0xB1, 0x01, 0x00, 0x00, 0x4D, 0xC6, 0x84, 0x24, 0xB2, 0x01, 0x00, 0x00,
                0x00, 0xC6, 0x84, 0x24, 0xB3, 0x01, 0x00, 0x00, 0x33, 0xC6, 0x84, 0x24,
                0xB4, 0x01, 0x00, 0x00, 0xFF, 0xC6, 0x84, 0x24, 0xB5, 0x01, 0x00, 0x00,
                0x48, 0xC6, 0x84, 0x24, 0xB6, 0x01, 0x00, 0x00, 0x8B, 0xC6, 0x84, 0x24,
                0xB7, 0x01, 0x00, 0x00, 0x70, 0xC6, 0x84, 0x24, 0xB8, 0x01, 0x00, 0x00,
                0x00, 0xC6, 0x84, 0x24, 0xB9, 0x01, 0x00, 0x00, 0x45, 0xC6, 0x84, 0x24,
                0xBA, 0x01, 0x00, 0x00, 0x8A, 0xC6, 0x84, 0x24, 0xBB, 0x01, 0x00, 0x00,
                0xF7, 0xC6, 0x84, 0x24, 0xBC, 0x01, 0x00, 0x00, 0x48, 0xC6, 0x84, 0x24,
                0xBD, 0x01, 0x00, 0x00, 0x89, 0xC6, 0x84, 0x24, 0xBE, 0x01, 0x00, 0x00,
                0x4D, 0xC6, 0x84, 0x24, 0xBF, 0x01, 0x00, 0x00, 0x00, 0xC6, 0x84, 0x24,
                0xC0, 0x01, 0x00, 0x00, 0x48, 0xC6, 0x84, 0x24, 0xC1, 0x01, 0x00, 0x00,
                0x89, 0xC6, 0x84, 0x24, 0xC2, 0x01, 0x00, 0x00, 0x5D, 0xC6, 0x84, 0x24,
                0xC3, 0x01, 0x00, 0x00, 0x00, 0xC6, 0x84, 0x24, 0xC4, 0x01, 0x00, 0x00,
                0x4C, 0xC6, 0x84, 0x24, 0xC5, 0x01, 0x00, 0x00, 0x89, 0xC6, 0x84, 0x24,
                0xC6, 0x01, 0x00, 0x00, 0x65, 0xC6, 0x84, 0x24, 0xC7, 0x01, 0x00, 0x00,
                0x00, 0xC6, 0x84, 0x24, 0xC8, 0x01, 0x00, 0x00, 0x88, 0xC6, 0x84, 0x24,
                0xC9, 0x01, 0x00, 0x00, 0x4D, 0xC6, 0x84, 0x24, 0xCA, 0x01, 0x00, 0x00,
                0x00, 0xC6, 0x84, 0x24, 0xCB, 0x01, 0x00, 0x00, 0x4C, 0xC6, 0x84, 0x24,
                0xCC, 0x01, 0x00, 0x00, 0x89, 0xC6, 0x84, 0x24, 0xCD, 0x01, 0x00, 0x00,
                0x45, 0xC6, 0x84, 0x24, 0xCE, 0x01, 0x00, 0x00, 0x00, 0xC6, 0x84, 0x24,
                0xCF, 0x01, 0x00, 0x00, 0x44, 0xC6, 0x84, 0x24, 0xD0, 0x01, 0x00, 0x00,
                0x89, 0xC6, 0x84, 0x24, 0xD1, 0x01, 0x00, 0x00, 0x6D, 0xC6, 0x84, 0x24,
                0xD2, 0x01, 0x00, 0x00, 0x00, 0xC6, 0x84, 0x24, 0xD3, 0x01, 0x00, 0x00,
                0x66, 0xC6, 0x84, 0x24, 0xD4, 0x01, 0x00, 0x00, 0x83, 0xC6, 0x84, 0x24,
                0xD5, 0x01, 0x00, 0x00, 0xFA, 0xC6, 0x84, 0x24, 0xD6, 0x01, 0x00, 0x00,
                0x00, 0xC6, 0x84, 0x24, 0xD7, 0x01, 0x00, 0x00, 0x72, 0xC6, 0x84, 0x24,
                0xD8, 0x01, 0x00, 0x00, 0x00, 0xC6, 0x84, 0x24, 0xE0, 0x01, 0x00, 0x00,
                0x48, 0xC6, 0x84, 0x24, 0xE1, 0x01, 0x00, 0x00, 0x8B, 0xC6, 0x84, 0x24,
                0xE2, 0x01, 0x00, 0x00, 0xC4, 0xC6, 0x84, 0x24, 0xE3, 0x01, 0x00, 0x00,
                0x4C, 0xC6, 0x84, 0x24, 0xE4, 0x01, 0x00, 0x00, 0x89, 0xC6, 0x84, 0x24,
                0xE5, 0x01, 0x00, 0x00, 0x48, 0xC6, 0x84, 0x24, 0xE6, 0x01, 0x00, 0x00,
                0x00, 0xC6, 0x84, 0x24, 0xE7, 0x01, 0x00, 0x00, 0x44, 0xC6, 0x84, 0x24,
                0xE8, 0x01, 0x00, 0x00, 0x89, 0xC6, 0x84, 0x24, 0xE9, 0x01, 0x00, 0x00,
                0x40, 0xC6, 0x84, 0x24, 0xEA, 0x01, 0x00, 0x00, 0x00, 0xC6, 0x84, 0x24,
                0xEB, 0x01, 0x00, 0x00, 0x66, 0xC6, 0x84, 0x24, 0xEC, 0x01, 0x00, 0x00,
                0x89, 0xC6, 0x84, 0x24, 0xED, 0x01, 0x00, 0x00, 0x50, 0xC6, 0x84, 0x24,
                0xEE, 0x01, 0x00, 0x00, 0x00, 0xC6, 0x84, 0x24, 0xEF, 0x01, 0x00, 0x00,
                0x55, 0xC6, 0x84, 0x24, 0xF0, 0x01, 0x00, 0x00, 0x53, 0xC6, 0x84, 0x24,
                0xF1, 0x01, 0x00, 0x00, 0x56, 0xC6, 0x84, 0x24, 0xF2, 0x01, 0x00, 0x00,
                0x57, 0xC6, 0x84, 0x24, 0xF3, 0x01, 0x00, 0x00, 0x41, 0xC6, 0x84, 0x24,
                0xF4, 0x01, 0x00, 0x00, 0x54, 0xC6, 0x84, 0x24, 0xF5, 0x01, 0x00, 0x00,
                0x41, 0xC6, 0x84, 0x24, 0xF6, 0x01, 0x00, 0x00, 0x55, 0xC6, 0x84, 0x24,
                0xF7, 0x01, 0x00, 0x00, 0x41, 0xC6, 0x84, 0x24, 0xF8, 0x01, 0x00, 0x00,
                0x56, 0xC6, 0x84, 0x24, 0xF9, 0x01, 0x00, 0x00, 0x41, 0xC6, 0x84, 0x24,
                0xFA, 0x01, 0x00, 0x00, 0x57, 0xC6, 0x84, 0x24, 0xFB, 0x01, 0x00, 0x00,
                0x48, 0xC6, 0x84, 0x24, 0xFC, 0x01, 0x00, 0x00, 0x8D, 0xC6, 0x84, 0x24,
                0xFD, 0x01, 0x00, 0x00, 0x68, 0xC6, 0x84, 0x24, 0xFE, 0x01, 0x00, 0x00,
                0x00, 0xC6, 0x84, 0x24, 0xFF, 0x01, 0x00, 0x00, 0x48, 0xC6, 0x84, 0x24,
                0x00, 0x02, 0x00, 0x00, 0x81, 0xC6, 0x84, 0x24, 0x01, 0x02, 0x00, 0x00,
                0xEC, 0xC6, 0x84, 0x24, 0x02, 0x02, 0x00, 0x00, 0x00, 0xC6, 0x84, 0x24,
                0x03, 0x02, 0x00, 0x00, 0x00, 0xC6, 0x84, 0x24, 0x04, 0x02, 0x00, 0x00,
                0x00, 0xC6, 0x84, 0x24, 0x05, 0x02, 0x00, 0x00, 0x00, 0xC6, 0x84, 0x24,
                0x06, 0x02, 0x00, 0x00, 0x48, 0xC6, 0x84, 0x24, 0x07, 0x02, 0x00, 0x00,
                0x8B, 0xC6, 0x84, 0x24, 0x08, 0x02, 0x00, 0x00, 0x41, 0xC6, 0x84, 0x24,
                0x09, 0x02, 0x00, 0x00, 0x00, 0xC6, 0x84, 0x24, 0x0A, 0x02, 0x00, 0x00,
                0x45, 0xC6, 0x84, 0x24, 0x0B, 0x02, 0x00, 0x00, 0x33, 0xC6, 0x84, 0x24,
                0x0C, 0x02, 0x00, 0x00, 0xF6, 0xC6, 0x84, 0x24, 0x0D, 0x02, 0x00, 0x00,
                0x4C, 0xC6, 0x84, 0x24, 0x0E, 0x02, 0x00, 0x00, 0x8B, 0xC6, 0x84, 0x24,
                0x0F, 0x02, 0x00, 0x00, 0xE9, 0xC6, 0x84, 0x24, 0x10, 0x02, 0x00, 0x00,
                0x48, 0xC6, 0x84, 0x24, 0x11, 0x02, 0x00, 0x00, 0x89, 0xC6, 0x84, 0x24,
                0x12, 0x02, 0x00, 0x00, 0x45, 0xC6, 0x84, 0x24, 0x13, 0x02, 0x00, 0x00,
                0x00, 0xC6, 0x84, 0x24, 0x14, 0x02, 0x00, 0x00, 0x41, 0xC6, 0x84, 0x24,
                0x15, 0x02, 0x00, 0x00, 0x8B, 0xC6, 0x84, 0x24, 0x16, 0x02, 0x00, 0x00,
                0xCE, 0xC6, 0x84, 0x24, 0x17, 0x02, 0x00, 0x00, 0x4C, 0xC6, 0x84, 0x24,
                0x18, 0x02, 0x00, 0x00, 0x89, 0xC6, 0x84, 0x24, 0x19, 0x02, 0x00, 0x00,
                0x75, 0xC6, 0x84, 0x24, 0x1A, 0x02, 0x00, 0x00, 0x00, 0xC6, 0x84, 0x24,
                0x1B, 0x02, 0x00, 0x00, 0x41, 0xC6, 0x84, 0x24, 0x1C, 0x02, 0x00, 0x00,
                0x8B, 0xC6, 0x84, 0x24, 0x1D, 0x02, 0x00, 0x00, 0xDE, 0xC6, 0x84, 0x24,
                0x1E, 0x02, 0x00, 0x00, 0x44, 0xC6, 0x84, 0x24, 0x1F, 0x02, 0x00, 0x00,
                0x89, 0xC6, 0x84, 0x24, 0x20, 0x02, 0x00, 0x00, 0x75, 0xC6, 0x84, 0x24,
                0x21, 0x02, 0x00, 0x00, 0x00, 0xC6, 0x84, 0x24, 0x22, 0x02, 0x00, 0x00,
                0x41, 0xC6, 0x84, 0x24, 0x23, 0x02, 0x00, 0x00, 0x8B, 0xC6, 0x84, 0x24,
                0x24, 0x02, 0x00, 0x00, 0xC6, 0xC6, 0x84, 0x24, 0x25, 0x02, 0x00, 0x00,
                0x4C, 0xC6, 0x84, 0x24, 0x26, 0x02, 0x00, 0x00, 0x89, 0xC6, 0x84, 0x24,
                0x27, 0x02, 0x00, 0x00, 0x75, 0xC6, 0x84, 0x24, 0x28, 0x02, 0x00, 0x00,
                0x00, 0xC6, 0x84, 0x24, 0x29, 0x02, 0x00, 0x00, 0x49, 0xC6, 0x84, 0x24,
                0x2A, 0x02, 0x00, 0x00, 0x8B, 0xC6, 0x84, 0x24, 0x2B, 0x02, 0x00, 0x00,
                0x7D, 0xC6, 0x84, 0x24, 0x2C, 0x02, 0x00, 0x00, 0x00, 0xC6, 0x84, 0x24,
                0x2D, 0x02, 0x00, 0x00, 0x4D, 0xC6, 0x84, 0x24, 0x2E, 0x02, 0x00, 0x00,
                0x8D, 0xC6, 0x84, 0x24, 0x2F, 0x02, 0x00, 0x00, 0x45, 0xC6, 0x84, 0x24,
                0x30, 0x02, 0x00, 0x00, 0x00, 0xC6, 0x84, 0x24, 0x31, 0x02, 0x00, 0x00,
                0x45, 0xC6, 0x84, 0x24, 0x32, 0x02, 0x00, 0x00, 0x8A, 0xC6, 0x84, 0x24,
                0x33, 0x02, 0x00, 0x00, 0x78, 0xC6, 0x84, 0x24, 0x34, 0x02, 0x00, 0x00,
                0x00, 0xC6, 0x84, 0x24, 0x35, 0x02, 0x00, 0x00, 0x45, 0xC6, 0x84, 0x24,
                0x36, 0x02, 0x00, 0x00, 0x8B, 0xC6, 0x84, 0x24, 0x37, 0x02, 0x00, 0x00,
                0xCE, 0xC6, 0x84, 0x24, 0x38, 0x02, 0x00, 0x00, 0x41, 0xC6, 0x84, 0x24,
                0x39, 0x02, 0x00, 0x00, 0x80, 0xC6, 0x84, 0x24, 0x3A, 0x02, 0x00, 0x00,
                0xE7, 0xC6, 0x84, 0x24, 0x3B, 0x02, 0x00, 0x00, 0x00, 0xC6, 0x84, 0x24,
                0x3C, 0x02, 0x00, 0x00, 0x44, 0xC6, 0x84, 0x24, 0x3D, 0x02, 0x00, 0x00,
                0x89, 0xC6, 0x84, 0x24, 0x3E, 0x02, 0x00, 0x00, 0x75, 0xC6, 0x84, 0x24,
                0x3F, 0x02, 0x00, 0x00, 0x00, 0xC6, 0x84, 0x24, 0x40, 0x02, 0x00, 0x00,
                0x44, 0xC6, 0x84, 0x24, 0x41, 0x02, 0x00, 0x00, 0x89, 0xC6, 0x84, 0x24,
                0x42, 0x02, 0x00, 0x00, 0x75, 0xC6, 0x84, 0x24, 0x43, 0x02, 0x00, 0x00,
                0x00, 0xC6, 0x84, 0x24, 0x44, 0x02, 0x00, 0x00, 0x45, 0xC6, 0x84, 0x24,
                0x45, 0x02, 0x00, 0x00, 0x8B, 0xC6, 0x84, 0x24, 0x46, 0x02, 0x00, 0x00,
                0xE6, 0xC6, 0x84, 0x24, 0x47, 0x02, 0x00, 0x00, 0x4C, 0xC6, 0x84, 0x24,
                0x48, 0x02, 0x00, 0x00, 0x89, 0xC6, 0x84, 0x24, 0x49, 0x02, 0x00, 0x00,
                0x75, 0xC6, 0x84, 0x24, 0x4A, 0x02, 0x00, 0x00, 0x00, 0xC6, 0x84, 0x24,
                0x4B, 0x02, 0x00, 0x00, 0x41, 0xC6, 0x84, 0x24, 0x4C, 0x02, 0x00, 0x00,
                0x8B, 0xC6, 0x84, 0x24, 0x4D, 0x02, 0x00, 0x00, 0xF6, 0xC6, 0x84, 0x24,
                0x4E, 0x02, 0x00, 0x00, 0x44, 0xC6, 0x84, 0x24, 0x4F, 0x02, 0x00, 0x00,
                0x88, 0xC6, 0x84, 0x24, 0x50, 0x02, 0x00, 0x00, 0x75, 0xC6, 0x84, 0x24,
                0x51, 0x02, 0x00, 0x00, 0x00, 0xC6, 0x84, 0x24, 0x52, 0x02, 0x00, 0x00,
                0x45, 0xC6, 0x84, 0x24, 0x53, 0x02, 0x00, 0x00, 0x8A, 0xC6, 0x84, 0x24,
                0x54, 0x02, 0x00, 0x00, 0xF7, 0xC6, 0x84, 0x24, 0x55, 0x02, 0x00, 0x00,
                0x48, 0xC6, 0x84, 0x24, 0x56, 0x02, 0x00, 0x00, 0x89, 0xC6, 0x84, 0x24,
                0x57, 0x02, 0x00, 0x00, 0x4D, 0xC6, 0x84, 0x24, 0x58, 0x02, 0x00, 0x00,
                0x00, 0xC6, 0x84, 0x24, 0x59, 0x02, 0x00, 0x00, 0x48, 0xC6, 0x84, 0x24,
                0x5A, 0x02, 0x00, 0x00, 0x89, 0xC6, 0x84, 0x24, 0x5B, 0x02, 0x00, 0x00,
                0x5D, 0xC6, 0x84, 0x24, 0x5C, 0x02, 0x00, 0x00, 0x00, 0xC6, 0x84, 0x24,
                0x5D, 0x02, 0x00, 0x00, 0x89, 0xC6, 0x84, 0x24, 0x5E, 0x02, 0x00, 0x00,
                0x45, 0xC6, 0x84, 0x24, 0x5F, 0x02, 0x00, 0x00, 0x00, 0xC6, 0x84, 0x24,
                0x60, 0x02, 0x00, 0x00, 0x66, 0xC6, 0x84, 0x24, 0x61, 0x02, 0x00, 0x00,
                0x83, 0xC6, 0x84, 0x24, 0x62, 0x02, 0x00, 0x00, 0xFA, 0xC6, 0x84, 0x24,
                0x63, 0x02, 0x00, 0x00, 0x00, 0xC6, 0x84, 0x24, 0x64, 0x02, 0x00, 0x00,
                0x0F, 0xC6, 0x84, 0x24, 0x65, 0x02, 0x00, 0x00, 0x82, 0xC6, 0x84, 0x24,
                0x66, 0x02, 0x00, 0x00, 0x00, 0xC6, 0x84, 0x24, 0x67, 0x02, 0x00, 0x00,
                0x00, 0xC6, 0x84, 0x24, 0x68, 0x02, 0x00, 0x00, 0x00, 0xC6, 0x84, 0x24,
                0x69, 0x02, 0x00, 0x00, 0x00, 0xC6, 0x84, 0x24, 0xC0, 0x00, 0x00, 0x00,
                0x48, 0xC6, 0x84, 0x24, 0xC1, 0x00, 0x00, 0x00, 0x8B, 0xC6, 0x84, 0x24,
                0xC2, 0x00, 0x00, 0x00, 0xC4, 0xC6, 0x84, 0x24, 0xC3, 0x00, 0x00, 0x00,
                0x4C, 0xC6, 0x84, 0x24, 0xC4, 0x00, 0x00, 0x00, 0x89, 0xC6, 0x84, 0x24,
                0xC5, 0x00, 0x00, 0x00, 0x48, 0xC6, 0x84, 0x24, 0xC6, 0x00, 0x00, 0x00,
                0x00, 0xC6, 0x84, 0x24, 0xC7, 0x00, 0x00, 0x00, 0x44, 0xC6, 0x84, 0x24,
                0xC8, 0x00, 0x00, 0x00, 0x89, 0xC6, 0x84, 0x24, 0xC9, 0x00, 0x00, 0x00,
                0x40, 0xC6, 0x84, 0x24, 0xCA, 0x00, 0x00, 0x00, 0x00, 0xC6, 0x84, 0x24,
                0xCB, 0x00, 0x00, 0x00, 0x66, 0xC6, 0x84, 0x24, 0xCC, 0x00, 0x00, 0x00,
                0x89, 0xC6, 0x84, 0x24, 0xCD, 0x00, 0x00, 0x00, 0x50, 0xC6, 0x84, 0x24,
                0xCE, 0x00, 0x00, 0x00, 0x00, 0xC6, 0x84, 0x24, 0xCF, 0x00, 0x00, 0x00,
                0x48, 0xC6, 0x84, 0x24, 0xD0, 0x00, 0x00, 0x00, 0x89, 0xC6, 0x84, 0x24,
                0xD1, 0x00, 0x00, 0x00, 0x48, 0xC6, 0x84, 0x24, 0xD2, 0x00, 0x00, 0x00,
                0x00, 0xC6, 0x84, 0x24, 0xD3, 0x00, 0x00, 0x00, 0x55, 0xC6, 0x84, 0x24,
                0xD4, 0x00, 0x00, 0x00, 0x53, 0xC6, 0x84, 0x24, 0xD5, 0x00, 0x00, 0x00,
                0x56, 0xC6, 0x84, 0x24, 0xD6, 0x00, 0x00, 0x00, 0x57, 0xC6, 0x84, 0x24,
                0xD7, 0x00, 0x00, 0x00, 0x41, 0xC6, 0x84, 0x24, 0xD8, 0x00, 0x00, 0x00,
                0x54, 0xC6, 0x84, 0x24, 0xD9, 0x00, 0x00, 0x00, 0x41, 0xC6, 0x84, 0x24,
                0xDA, 0x00, 0x00, 0x00, 0x55, 0xC6, 0x84, 0x24, 0xDB, 0x00, 0x00, 0x00,
                0x41, 0xC6, 0x84, 0x24, 0xDC, 0x00, 0x00, 0x00, 0x56, 0xC6, 0x84, 0x24,
                0xDD, 0x00, 0x00, 0x00, 0x41, 0xC6, 0x84, 0x24, 0xDE, 0x00, 0x00, 0x00,
                0x57, 0xC6, 0x84, 0x24, 0xDF, 0x00, 0x00, 0x00, 0x48, 0xC6, 0x84, 0x24,
                0xE0, 0x00, 0x00, 0x00, 0x8D, 0xC6, 0x84, 0x24, 0xE1, 0x00, 0x00, 0x00,
                0x68, 0xC6, 0x84, 0x24, 0xE2, 0x00, 0x00, 0x00, 0x00, 0xC6, 0x84, 0x24,
                0xE3, 0x00, 0x00, 0x00, 0x48, 0xC6, 0x84, 0x24, 0xE4, 0x00, 0x00, 0x00,
                0x81, 0xC6, 0x84, 0x24, 0xE5, 0x00, 0x00, 0x00, 0xEC, 0xC6, 0x84, 0x24,
                0xE6, 0x00, 0x00, 0x00, 0x00, 0xC6, 0x84, 0x24, 0xE7, 0x00, 0x00, 0x00,
                0x00, 0xC6, 0x84, 0x24, 0xE8, 0x00, 0x00, 0x00, 0x00, 0xC6, 0x84, 0x24,
                0xE9, 0x00, 0x00, 0x00, 0x00, 0xC6, 0x84, 0x24, 0xEA, 0x00, 0x00, 0x00,
                0x48, 0xC6, 0x84, 0x24, 0xEB, 0x00, 0x00, 0x00, 0x8B, 0xC6, 0x84, 0x24,
                0xEC, 0x00, 0x00, 0x00, 0xC1, 0xC6, 0x84, 0x24, 0xED, 0x00, 0x00, 0x00,
                0x48, 0xC6, 0x84, 0x24, 0xEE, 0x00, 0x00, 0x00, 0xC7, 0xC6, 0x84, 0x24,
                0xEF, 0x00, 0x00, 0x00, 0x45, 0xC6, 0x84, 0x24, 0xF0, 0x00, 0x00, 0x00,
                0x00, 0xC6, 0x84, 0x24, 0xF1, 0x00, 0x00, 0x00, 0x00, 0xC6, 0x84, 0x24,
                0xF2, 0x00, 0x00, 0x00, 0x00, 0xC6, 0x84, 0x24, 0xF3, 0x00, 0x00, 0x00,
                0x00, 0xC6, 0x84, 0x24, 0xF4, 0x00, 0x00, 0x00, 0x00, 0xC6, 0x84, 0x24,
                0xF5, 0x00, 0x00, 0x00, 0x48, 0xC6, 0x84, 0x24, 0xF6, 0x00, 0x00, 0x00,
                0x8B, 0xC6, 0x84, 0x24, 0xF7, 0x00, 0x00, 0x00, 0x49, 0xC6, 0x84, 0x24,
                0xF8, 0x00, 0x00, 0x00, 0x00, 0xC6, 0x84, 0x24, 0xF9, 0x00, 0x00, 0x00,
                0x45, 0xC6, 0x84, 0x24, 0xFA, 0x00, 0x00, 0x00, 0x33, 0xC6, 0x84, 0x24,
                0xFB, 0x00, 0x00, 0x00, 0xC0, 0xC6, 0x84, 0x24, 0xFC, 0x00, 0x00, 0x00,
                0x33, 0xC6, 0x84, 0x24, 0xFD, 0x00, 0x00, 0x00, 0xDB, 0xC6, 0x84, 0x24,
                0xFE, 0x00, 0x00, 0x00, 0x48, 0xC6, 0x84, 0x24, 0xFF, 0x00, 0x00, 0x00,
                0x89, 0xC6, 0x84, 0x24, 0x00, 0x01, 0x00, 0x00, 0x4D, 0xC6, 0x84, 0x24,
                0x01, 0x01, 0x00, 0x00, 0x00, 0xC6, 0x84, 0x24, 0x02, 0x01, 0x00, 0x00,
                0x33, 0xC6, 0x84, 0x24, 0x03, 0x01, 0x00, 0x00, 0xC9, 0xC6, 0x84, 0x24,
                0x04, 0x01, 0x00, 0x00, 0x44, 0xC6, 0x84, 0x24, 0x05, 0x01, 0x00, 0x00,
                0x89, 0xC6, 0x84, 0x24, 0x06, 0x01, 0x00, 0x00, 0x45, 0xC6, 0x84, 0x24,
                0x07, 0x01, 0x00, 0x00, 0x00, 0xC6, 0x84, 0x24, 0x08, 0x01, 0x00, 0x00,
                0x4C, 0xC6, 0x84, 0x24, 0x09, 0x01, 0x00, 0x00, 0x8B, 0xC6, 0x84, 0x24,
                0x0A, 0x01, 0x00, 0x00, 0x70, 0xC6, 0x84, 0x24, 0x0B, 0x01, 0x00, 0x00,
                0x00, 0xC6, 0x84, 0x24, 0x0C, 0x01, 0x00, 0x00, 0x4C, 0xC6, 0x84, 0x24,
                0x0D, 0x01, 0x00, 0x00, 0x8D, 0xC6, 0x84, 0x24, 0x0E, 0x01, 0x00, 0x00,
                0x68, 0xC6, 0x84, 0x24, 0x0F, 0x01, 0x00, 0x00, 0x00, 0xC6, 0x84, 0x24,
                0x10, 0x01, 0x00, 0x00, 0x45, 0xC6, 0x84, 0x24, 0x11, 0x01, 0x00, 0x00,
                0x8A, 0xC6, 0x84, 0x24, 0x12, 0x01, 0x00, 0x00, 0x7D, 0xC6, 0x84, 0x24,
                0x13, 0x01, 0x00, 0x00, 0x00, 0xC6, 0x84, 0x24, 0x14, 0x01, 0x00, 0x00,
                0x45, 0xC6, 0x84, 0x24, 0x15, 0x01, 0x00, 0x00, 0x33, 0xC6, 0x84, 0x24,
                0x16, 0x01, 0x00, 0x00, 0xE4, 0xC6, 0x84, 0x24, 0x17, 0x01, 0x00, 0x00,
                0x41, 0xC6, 0x84, 0x24, 0x18, 0x01, 0x00, 0x00, 0x80, 0xC6, 0x84, 0x24,
                0x19, 0x01, 0x00, 0x00, 0xE7, 0xC6, 0x84, 0x24, 0x1A, 0x01, 0x00, 0x00,
                0x01, 0xC6, 0x84, 0x24, 0x1B, 0x01, 0x00, 0x00, 0x48, 0xC6, 0x84, 0x24,
                0x1C, 0x01, 0x00, 0x00, 0x89, 0xC6, 0x84, 0x24, 0x1D, 0x01, 0x00, 0x00,
                0x4D, 0xC6, 0x84, 0x24, 0x1E, 0x01, 0x00, 0x00, 0x00, 0xC6, 0x84, 0x24,
                0x1F, 0x01, 0x00, 0x00, 0x33, 0xC6, 0x84, 0x24, 0x20, 0x01, 0x00, 0x00,
                0xC0, 0xC6, 0x84, 0x24, 0x21, 0x01, 0x00, 0x00, 0x48, 0xC6, 0x84, 0x24,
                0x22, 0x01, 0x00, 0x00, 0x89, 0xC6, 0x84, 0x24, 0x23, 0x01, 0x00, 0x00,
                0x4D, 0xC6, 0x84, 0x24, 0x24, 0x01, 0x00, 0x00, 0x00, 0xC6, 0x84, 0x24,
                0x25, 0x01, 0x00, 0x00, 0x33, 0xC6, 0x84, 0x24, 0x26, 0x01, 0x00, 0x00,
                0xF6, 0xC6, 0x84, 0x24, 0x27, 0x01, 0x00, 0x00, 0x89, 0xC6, 0x84, 0x24,
                0x28, 0x01, 0x00, 0x00, 0x4D, 0xC6, 0x84, 0x24, 0x29, 0x01, 0x00, 0x00,
                0x00, 0xC6, 0x84, 0x24, 0x2A, 0x01, 0x00, 0x00, 0x89, 0xC6, 0x84, 0x24,
                0x2B, 0x01, 0x00, 0x00, 0x4D, 0xC6, 0x84, 0x24, 0x2C, 0x01, 0x00, 0x00,
                0x00, 0xC6, 0x84, 0x24, 0x2D, 0x01, 0x00, 0x00, 0x41, 0xC6, 0x84, 0x24,
                0x2E, 0x01, 0x00, 0x00, 0x8A, 0xC6, 0x84, 0x24, 0x2F, 0x01, 0x00, 0x00,
                0xFF, 0xC6, 0x84, 0x24, 0x30, 0x01, 0x00, 0x00, 0x48, 0xC6, 0x84, 0x24,
                0x31, 0x01, 0x00, 0x00, 0x89, 0xC6, 0x84, 0x24, 0x32, 0x01, 0x00, 0x00,
                0x5D, 0xC6, 0x84, 0x24, 0x33, 0x01, 0x00, 0x00, 0x00, 0xC6, 0x84, 0x24,
                0x34, 0x01, 0x00, 0x00, 0x4C, 0xC6, 0x84, 0x24, 0x35, 0x01, 0x00, 0x00,
                0x89, 0xC6, 0x84, 0x24, 0x36, 0x01, 0x00, 0x00, 0x65, 0xC6, 0x84, 0x24,
                0x37, 0x01, 0x00, 0x00, 0x00, 0xC6, 0x84, 0x24, 0x38, 0x01, 0x00, 0x00,
                0x88, 0xC6, 0x84, 0x24, 0x39, 0x01, 0x00, 0x00, 0x4D, 0xC6, 0x84, 0x24,
                0x3A, 0x01, 0x00, 0x00, 0x00, 0xC6, 0x84, 0x24, 0x3B, 0x01, 0x00, 0x00,
                0x89, 0xC6, 0x84, 0x24, 0x3C, 0x01, 0x00, 0x00, 0x45, 0xC6, 0x84, 0x24,
                0x3D, 0x01, 0x00, 0x00, 0x00, 0xC6, 0x84, 0x24, 0x3E, 0x01, 0x00, 0x00,
                0x66, 0xC6, 0x84, 0x24, 0x3F, 0x01, 0x00, 0x00, 0x83, 0xC6, 0x84, 0x24,
                0x40, 0x01, 0x00, 0x00, 0xFA, 0xC6, 0x84, 0x24, 0x41, 0x01, 0x00, 0x00,
                0x00, 0xC6, 0x84, 0x24, 0x42, 0x01, 0x00, 0x00, 0x0F, 0xC6, 0x84, 0x24,
                0x43, 0x01, 0x00, 0x00, 0x82, 0xC6, 0x84, 0x24, 0x44, 0x01, 0x00, 0x00,
                0x00, 0xC6, 0x84, 0x24, 0x45, 0x01, 0x00, 0x00, 0x00, 0xC6, 0x84, 0x24,
                0x46, 0x01, 0x00, 0x00, 0x00, 0xC6, 0x84, 0x24, 0x47, 0x01, 0x00, 0x00,
                0x00, 0xC7, 0x44, 0x24, 0x38, 0x88, 0x00, 0x00, 0x00, 0x48, 0x8D, 0x84,
                0x24, 0xC0, 0x00, 0x00, 0x00, 0x48, 0x89, 0x44, 0x24, 0x30, 0xC7, 0x44,
                0x24, 0x28, 0x8A, 0x00, 0x00, 0x00, 0x48, 0x8D, 0x84, 0x24, 0xE0, 0x01,
                0x00, 0x00, 0x48, 0x89, 0x44, 0x24, 0x20, 0x41, 0xB9, 0x89, 0x00, 0x00,
                0x00, 0x4C, 0x8D, 0x84, 0x24, 0x50, 0x01, 0x00, 0x00, 0xBA, 0x79, 0x00,
                0x00, 0x00, 0x48, 0x8D, 0x4C, 0x24, 0x40, 0xE8, 0x2C, 0x02, 0x00, 0x00,
                0x48, 0x8B, 0x8C, 0x24, 0x70, 0x02, 0x00, 0x00, 0x48, 0x33, 0xCC, 0xE8,
                0xF0, 0x84, 0x00, 0x00, 0x48, 0x81, 0xC4, 0x88, 0x02, 0x00, 0x00, 0xC3,
                0x48, 0x83, 0xEC, 0x78, 0xE8, 0x7F, 0x06, 0x00, 0x00, 0x48, 0x89, 0x44,
                0x24, 0x38, 0x48, 0x83, 0x7C, 0x24, 0x38, 0x00, 0x75, 0x07, 0x33, 0xC0,
                0xE9, 0xF1, 0x01, 0x00, 0x00, 0xC7, 0x44, 0x24, 0x30, 0x00, 0x00, 0x00,
                0x00, 0xE8, 0x6A, 0xC7, 0xFF, 0xFF, 0x89, 0x44, 0x24, 0x2C, 0x83, 0x7C,
                0x24, 0x2C, 0x08, 0x7D, 0x07, 0x33, 0xC0, 0xE9, 0xD2, 0x01, 0x00, 0x00,
                0x83, 0x7C, 0x24, 0x2C, 0x08, 0x75, 0x0A, 0xC7, 0x44, 0x24, 0x30, 0x2D,
                0x02, 0x00, 0x00, 0xEB, 0x0F, 0x83, 0x7C, 0x24, 0x2C, 0x09, 0x75, 0x08,
                0xC7, 0x44, 0x24, 0x30, 0x29, 0x02, 0x00, 0x00, 0x8B, 0x44, 0x24, 0x30,
                0x48, 0x8B, 0x4C, 0x24, 0x38, 0x48, 0x03, 0xC8, 0x48, 0x8B, 0xC1, 0x48,
                0x89, 0x44, 0x24, 0x38, 0x48, 0x8B, 0x44, 0x24, 0x38, 0x48, 0x89, 0x44,
                0x24, 0x48, 0x48, 0x8B, 0x44, 0x24, 0x38, 0x48, 0x89, 0x44, 0x24, 0x58,
                0xC6, 0x44, 0x24, 0x23, 0x00, 0xC6, 0x44, 0x24, 0x25, 0x00, 0x48, 0xC7,
                0x44, 0x24, 0x40, 0x00, 0x00, 0x00, 0x00, 0xC6, 0x44, 0x24, 0x20, 0x00,
                0xB8, 0x01, 0x00, 0x00, 0x00, 0x48, 0x6B, 0xC0, 0x00, 0x48, 0x8B, 0x4C,
                0x24, 0x48, 0x8A, 0x04, 0x01, 0x88, 0x44, 0x24, 0x20, 0xEB, 0x07, 0x33,
                0xC0, 0xE9, 0x54, 0x01, 0x00, 0x00, 0x0F, 0xB6, 0x44, 0x24, 0x20, 0x83,
                0xF8, 0x40, 0x7C, 0x20, 0x0F, 0xB6, 0x44, 0x24, 0x20, 0x83, 0xF8, 0x4F,
                0x7F, 0x16, 0x8A, 0x44, 0x24, 0x20, 0x88, 0x44, 0x24, 0x23, 0xC6, 0x44,
                0x24, 0x25, 0x01, 0x48, 0xC7, 0x44, 0x24, 0x40, 0x01, 0x00, 0x00, 0x00,
                0xC6, 0x44, 0x24, 0x22, 0x00, 0x48, 0x8B, 0x44, 0x24, 0x40, 0x48, 0x8B,
                0x4C, 0x24, 0x48, 0x48, 0x03, 0xC8, 0x48, 0x8B, 0xC1, 0x8A, 0x00, 0x88,
                0x44, 0x24, 0x22, 0xEB, 0x07, 0x33, 0xC0, 0xE9, 0x06, 0x01, 0x00, 0x00,
                0x0F, 0xB6, 0x44, 0x24, 0x22, 0x83, 0xF8, 0x38, 0x74, 0x07, 0x33, 0xC0,
                0xE9, 0xF5, 0x00, 0x00, 0x00, 0xC6, 0x44, 0x24, 0x21, 0x00, 0x48, 0x8B,
                0x44, 0x24, 0x40, 0x48, 0x8B, 0x4C, 0x24, 0x48, 0x48, 0x03, 0xC8, 0x48,
                0x8B, 0xC1, 0x8A, 0x40, 0x01, 0x88, 0x44, 0x24, 0x21, 0xEB, 0x07, 0x33,
                0xC0, 0xE9, 0xD0, 0x00, 0x00, 0x00, 0x0F, 0xB6, 0x44, 0x24, 0x21, 0xC1,
                0xF8, 0x06, 0x83, 0xE0, 0x03, 0x88, 0x44, 0x24, 0x28, 0x0F, 0xB6, 0x44,
                0x24, 0x21, 0xC1, 0xF8, 0x03, 0x83, 0xE0, 0x07, 0x88, 0x44, 0x24, 0x27,
                0x0F, 0xB6, 0x44, 0x24, 0x21, 0x83, 0xE0, 0x07, 0x88, 0x44, 0x24, 0x29,
                0x0F, 0xB6, 0x44, 0x24, 0x23, 0xC1, 0xF8, 0x02, 0x83, 0xE0, 0x01, 0x88,
                0x44, 0x24, 0x26, 0x0F, 0xB6, 0x44, 0x24, 0x26, 0xC1, 0xE0, 0x03, 0x0F,
                0xB6, 0x4C, 0x24, 0x27, 0x0B, 0xC1, 0x88, 0x44, 0x24, 0x24, 0x0F, 0xB6,
                0x44, 0x24, 0x24, 0x83, 0xF8, 0x0C, 0x74, 0x0E, 0x0F, 0xB6, 0x44, 0x24,
                0x24, 0x83, 0xF8, 0x0F, 0x74, 0x04, 0x33, 0xC0, 0xEB, 0x6C, 0x0F, 0xB6,
                0x44, 0x24, 0x28, 0x85, 0xC0, 0x75, 0x0A, 0x0F, 0xB6, 0x44, 0x24, 0x29,
                0x83, 0xF8, 0x05, 0x74, 0x04, 0x33, 0xC0, 0xEB, 0x55, 0x48, 0x8B, 0x44,
                0x24, 0x40, 0x48, 0x83, 0xC0, 0x06, 0x48, 0x89, 0x44, 0x24, 0x50, 0xC7,
                0x44, 0x24, 0x34, 0x00, 0x00, 0x00, 0x00, 0x48, 0x8B, 0x44, 0x24, 0x40,
                0x48, 0x8B, 0x4C, 0x24, 0x48, 0x48, 0x03, 0xC8, 0x48, 0x8B, 0xC1, 0x8B,
                0x40, 0x02, 0x89, 0x44, 0x24, 0x34, 0xEB, 0x04, 0x33, 0xC0, 0xEB, 0x22,
                0x48, 0x8B, 0x44, 0x24, 0x50, 0x48, 0x8B, 0x4C, 0x24, 0x58, 0x48, 0x03,
                0xC8, 0x48, 0x8B, 0xC1, 0x48, 0x63, 0x4C, 0x24, 0x34, 0x48, 0x03, 0xC1,
                0x48, 0x89, 0x44, 0x24, 0x60, 0x48, 0x8B, 0x44, 0x24, 0x60, 0x48, 0x83,
                0xC4, 0x78, 0xC3, 0xCC, 0x44, 0x89, 0x4C, 0x24, 0x20, 0x4C, 0x89, 0x44,
                0x24, 0x18, 0x89, 0x54, 0x24, 0x10, 0x48, 0x89, 0x4C, 0x24, 0x08, 0x57,
                0x48, 0x83, 0xEC, 0x50, 0x48, 0x8D, 0x44, 0x24, 0x40, 0x48, 0x8B, 0xF8,
                0x33, 0xC0, 0xB9, 0x10, 0x00, 0x00, 0x00, 0xF3, 0xAA, 0x48, 0x8D, 0x4C,
                0x24, 0x40, 0xE8, 0x85, 0x07, 0x00, 0x00, 0x0F, 0xB6, 0xC0, 0x85, 0xC0,
                0x75, 0x07, 0x33, 0xC0, 0xE9, 0x7E, 0x01, 0x00, 0x00, 0x48, 0x83, 0x7C,
                0x24, 0x40, 0x00, 0x75, 0x07, 0x33, 0xC0, 0xE9, 0x6F, 0x01, 0x00, 0x00,
                0x8B, 0x44, 0x24, 0x68, 0x48, 0x39, 0x44, 0x24, 0x48, 0x73, 0x07, 0x33,
                0xC0, 0xE9, 0x5D, 0x01, 0x00, 0x00, 0x48, 0x83, 0x7C, 0x24, 0x70, 0x00,
                0x74, 0x12, 0x8B, 0x44, 0x24, 0x78, 0x48, 0x39, 0x44, 0x24, 0x48, 0x73,
                0x07, 0x33, 0xC0, 0xE9, 0x43, 0x01, 0x00, 0x00, 0x48, 0x83, 0xBC, 0x24,
                0x80, 0x00, 0x00, 0x00, 0x00, 0x74, 0x15, 0x8B, 0x84, 0x24, 0x88, 0x00,
                0x00, 0x00, 0x48, 0x39, 0x44, 0x24, 0x48, 0x73, 0x07, 0x33, 0xC0, 0xE9,
                0x23, 0x01, 0x00, 0x00, 0x48, 0x83, 0xBC, 0x24, 0x90, 0x00, 0x00, 0x00,
                0x00, 0x74, 0x15, 0x8B, 0x84, 0x24, 0x98, 0x00, 0x00, 0x00, 0x48, 0x39,
                0x44, 0x24, 0x48, 0x73, 0x07, 0x33, 0xC0, 0xE9, 0x03, 0x01, 0x00, 0x00,
                0x8B, 0x44, 0x24, 0x68, 0x44, 0x8B, 0xC8, 0x4C, 0x8B, 0x44, 0x24, 0x48,
                0x48, 0x8B, 0x54, 0x24, 0x60, 0x48, 0x8B, 0x4C, 0x24, 0x40, 0xE8, 0x49,
                0xCC, 0xFF, 0xFF, 0x48, 0x89, 0x44, 0x24, 0x38, 0x48, 0xC7, 0x44, 0x24,
                0x20, 0x00, 0x00, 0x00, 0x00, 0x48, 0xC7, 0x44, 0x24, 0x28, 0x00, 0x00,
                0x00, 0x00, 0x48, 0xC7, 0x44, 0x24, 0x30, 0x00, 0x00, 0x00, 0x00, 0x48,
                0x83, 0x7C, 0x24, 0x70, 0x00, 0x74, 0x20, 0x8B, 0x44, 0x24, 0x78, 0x44,
                0x8B, 0xC8, 0x4C, 0x8B, 0x44, 0x24, 0x48, 0x48, 0x8B, 0x54, 0x24, 0x70,
                0x48, 0x8B, 0x4C, 0x24, 0x40, 0xE8, 0x06, 0xCC, 0xFF, 0xFF, 0x48, 0x89,
                0x44, 0x24, 0x20, 0x48, 0x83, 0xBC, 0x24, 0x80, 0x00, 0x00, 0x00, 0x00,
                0x74, 0x26, 0x8B, 0x84, 0x24, 0x88, 0x00, 0x00, 0x00, 0x44, 0x8B, 0xC8,
                0x4C, 0x8B, 0x44, 0x24, 0x48, 0x48, 0x8B, 0x94, 0x24, 0x80, 0x00, 0x00,
                0x00, 0x48, 0x8B, 0x4C, 0x24, 0x40, 0xE8, 0xD5, 0xCB, 0xFF, 0xFF, 0x48,
                0x89, 0x44, 0x24, 0x28, 0x48, 0x83, 0xBC, 0x24, 0x90, 0x00, 0x00, 0x00,
                0x00, 0x74, 0x26, 0x8B, 0x84, 0x24, 0x98, 0x00, 0x00, 0x00, 0x44, 0x8B,
                0xC8, 0x4C, 0x8B, 0x44, 0x24, 0x48, 0x48, 0x8B, 0x94, 0x24, 0x90, 0x00,
                0x00, 0x00, 0x48, 0x8B, 0x4C, 0x24, 0x40, 0xE8, 0xA4, 0xCB, 0xFF, 0xFF,
                0x48, 0x89, 0x44, 0x24, 0x30, 0x48, 0x83, 0x7C, 0x24, 0x38, 0x00, 0x74,
                0x07, 0x48, 0x8B, 0x44, 0x24, 0x38, 0xEB, 0x2F, 0x48, 0x83, 0x7C, 0x24,
                0x20, 0x00, 0x74, 0x07, 0x48, 0x8B, 0x44, 0x24, 0x20, 0xEB, 0x20, 0x48,
                0x83, 0x7C, 0x24, 0x28, 0x00, 0x74, 0x07, 0x48, 0x8B, 0x44, 0x24, 0x28,
                0xEB, 0x11, 0x48, 0x83, 0x7C, 0x24, 0x30, 0x00, 0x74, 0x07, 0x48, 0x8B,
                0x44, 0x24, 0x30, 0xEB, 0x02, 0x33, 0xC0, 0x48, 0x83, 0xC4, 0x50, 0x5F,
                0xC3, 0xCC, 0xCC, 0xCC, 0x48, 0x81, 0xEC, 0xB8, 0x00, 0x00, 0x00, 0x48,
                0x8B, 0x05, 0x4E, 0x9F, 0x00, 0x00, 0x48, 0x33, 0xC4, 0x48, 0x89, 0x84,
                0x24, 0xA8, 0x00, 0x00, 0x00, 0xC6, 0x44, 0x24, 0x60, 0x48, 0xC6, 0x44,
                0x24, 0x61, 0x89, 0xC6, 0x44, 0x24, 0x62, 0x5C, 0xC6, 0x44, 0x24, 0x63,
                0x24, 0xC6, 0x44, 0x24, 0x64, 0x08, 0xC6, 0x44, 0x24, 0x65, 0x57, 0xC6,
                0x44, 0x24, 0x66, 0x48, 0xC6, 0x44, 0x24, 0x67, 0x83, 0xC6, 0x44, 0x24,
                0x68, 0xEC, 0xC6, 0x44, 0x24, 0x69, 0x40, 0xC6, 0x44, 0x24, 0x6A, 0x8B,
                0xC6, 0x44, 0x24, 0x6B, 0xF9, 0xC6, 0x44, 0x24, 0x6C, 0x33, 0xC6, 0x44,
                0x24, 0x6D, 0xDB, 0xC6, 0x44, 0x24, 0x6E, 0x88, 0xC6, 0x44, 0x24, 0x6F,
                0x5C, 0xC6, 0x44, 0x24, 0x70, 0x24, 0xC6, 0x44, 0x24, 0x71, 0x20, 0xC6,
                0x44, 0x24, 0x72, 0x48, 0xC6, 0x44, 0x24, 0x73, 0x39, 0xC6, 0x44, 0x24,
                0x74, 0x1D, 0xC6, 0x44, 0x24, 0x75, 0x00, 0xC6, 0x44, 0x24, 0x76, 0x00,
                0xC6, 0x44, 0x24, 0x77, 0x00, 0xC6, 0x44, 0x24, 0x78, 0x00, 0xC6, 0x44,
                0x24, 0x79, 0x0F, 0xC6, 0x44, 0x24, 0x7A, 0x84, 0xC6, 0x44, 0x24, 0x7B,
                0x00, 0xC6, 0x44, 0x24, 0x7C, 0x00, 0xC6, 0x44, 0x24, 0x7D, 0x00, 0xC6,
                0x44, 0x24, 0x7E, 0x00, 0xC6, 0x44, 0x24, 0x40, 0x48, 0xC6, 0x44, 0x24,
                0x41, 0x83, 0xC6, 0x44, 0x24, 0x42, 0xEC, 0xC6, 0x44, 0x24, 0x43, 0x28,
                0xC6, 0x44, 0x24, 0x44, 0x44, 0xC6, 0x44, 0x24, 0x45, 0x8B, 0xC6, 0x44,
                0x24, 0x46, 0xD1, 0xC6, 0x44, 0x24, 0x47, 0x45, 0xC6, 0x44, 0x24, 0x48,
                0x33, 0xC6, 0x44, 0x24, 0x49, 0xC9, 0xC6, 0x44, 0x24, 0x4A, 0x44, 0xC6,
                0x44, 0x24, 0x4B, 0x88, 0xC6, 0x44, 0x24, 0x4C, 0x0C, 0xC6, 0x44, 0x24,
                0x4D, 0x24, 0xC6, 0x44, 0x24, 0x4E, 0x4C, 0xC6, 0x44, 0x24, 0x4F, 0x8B,
                0xC6, 0x44, 0x24, 0x50, 0x05, 0xC6, 0x44, 0x24, 0x51, 0x00, 0xC6, 0x44,
                0x24, 0x52, 0x00, 0xC6, 0x44, 0x24, 0x53, 0x00, 0xC6, 0x44, 0x24, 0x54,
                0x00, 0xC6, 0x44, 0x24, 0x55, 0x4D, 0xC6, 0x44, 0x24, 0x56, 0x85, 0xC6,
                0x44, 0x24, 0x57, 0xC0, 0xC6, 0x44, 0x24, 0x58, 0x0F, 0xC6, 0x44, 0x24,
                0x59, 0x84, 0xC6, 0x44, 0x24, 0x5A, 0x00, 0xC6, 0x44, 0x24, 0x5B, 0x00,
                0xC6, 0x44, 0x24, 0x5C, 0x00, 0xC6, 0x44, 0x24, 0x5D, 0x00, 0xC6, 0x84,
                0x24, 0x80, 0x00, 0x00, 0x00, 0x48, 0xC6, 0x84, 0x24, 0x81, 0x00, 0x00,
                0x00, 0x83, 0xC6, 0x84, 0x24, 0x82, 0x00, 0x00, 0x00, 0xEC, 0xC6, 0x84,
                0x24, 0x83, 0x00, 0x00, 0x00, 0x28, 0xC6, 0x84, 0x24, 0x84, 0x00, 0x00,
                0x00, 0x4C, 0xC6, 0x84, 0x24, 0x85, 0x00, 0x00, 0x00, 0x8B, 0xC6, 0x84,
                0x24, 0x86, 0x00, 0x00, 0x00, 0xDA, 0xC6, 0x84, 0x24, 0x87, 0x00, 0x00,
                0x00, 0x44, 0xC6, 0x84, 0x24, 0x88, 0x00, 0x00, 0x00, 0x8B, 0xC6, 0x84,
                0x24, 0x89, 0x00, 0x00, 0x00, 0xD1, 0xC6, 0x84, 0x24, 0x8A, 0x00, 0x00,
                0x00, 0x45, 0xC6, 0x84, 0x24, 0x8B, 0x00, 0x00, 0x00, 0x33, 0xC6, 0x84,
                0x24, 0x8C, 0x00, 0x00, 0x00, 0xC0, 0xC6, 0x84, 0x24, 0x8D, 0x00, 0x00,
                0x00, 0x44, 0xC6, 0x84, 0x24, 0x8E, 0x00, 0x00, 0x00, 0x88, 0xC6, 0x84,
                0x24, 0x8F, 0x00, 0x00, 0x00, 0x04, 0xC6, 0x84, 0x24, 0x90, 0x00, 0x00,
                0x00, 0x24, 0xC6, 0x84, 0x24, 0x91, 0x00, 0x00, 0x00, 0x4C, 0xC6, 0x84,
                0x24, 0x92, 0x00, 0x00, 0x00, 0x8B, 0xC6, 0x84, 0x24, 0x93, 0x00, 0x00,
                0x00, 0x0D, 0xC6, 0x84, 0x24, 0x94, 0x00, 0x00, 0x00, 0x00, 0xC6, 0x84,
                0x24, 0x95, 0x00, 0x00, 0x00, 0x00, 0xC6, 0x84, 0x24, 0x96, 0x00, 0x00,
                0x00, 0x00, 0xC6, 0x84, 0x24, 0x97, 0x00, 0x00, 0x00, 0x00, 0xC6, 0x84,
                0x24, 0x98, 0x00, 0x00, 0x00, 0x4D, 0xC6, 0x84, 0x24, 0x99, 0x00, 0x00,
                0x00, 0x85, 0xC6, 0x84, 0x24, 0x9A, 0x00, 0x00, 0x00, 0xC9, 0xC6, 0x84,
                0x24, 0x9B, 0x00, 0x00, 0x00, 0x0F, 0xC6, 0x84, 0x24, 0x9C, 0x00, 0x00,
                0x00, 0x84, 0xC6, 0x84, 0x24, 0x9D, 0x00, 0x00, 0x00, 0x00, 0xC6, 0x84,
                0x24, 0x9E, 0x00, 0x00, 0x00, 0x00, 0xC6, 0x84, 0x24, 0x9F, 0x00, 0x00,
                0x00, 0x00, 0xC6, 0x84, 0x24, 0xA0, 0x00, 0x00, 0x00, 0x00, 0xC7, 0x44,
                0x24, 0x38, 0x00, 0x00, 0x00, 0x00, 0x48, 0xC7, 0x44, 0x24, 0x30, 0x00,
                0x00, 0x00, 0x00, 0xC7, 0x44, 0x24, 0x28, 0x21, 0x00, 0x00, 0x00, 0x48,
                0x8D, 0x84, 0x24, 0x80, 0x00, 0x00, 0x00, 0x48, 0x89, 0x44, 0x24, 0x20,
                0x41, 0xB9, 0x1E, 0x00, 0x00, 0x00, 0x4C, 0x8D, 0x44, 0x24, 0x40, 0xBA,
                0x1F, 0x00, 0x00, 0x00, 0x48, 0x8D, 0x4C, 0x24, 0x60, 0xE8, 0xA6, 0xFB,
                0xFF, 0xFF, 0x48, 0x8B, 0x8C, 0x24, 0xA8, 0x00, 0x00, 0x00, 0x48, 0x33,
                0xCC, 0xE8, 0x6A, 0x7E, 0x00, 0x00, 0x48, 0x81, 0xC4, 0xB8, 0x00, 0x00,
                0x00, 0xC3, 0xCC, 0xCC, 0x40, 0x57, 0x48, 0x83, 0xEC, 0x70, 0x48, 0x8D,
                0x44, 0x24, 0x58, 0x48, 0x8B, 0xF8, 0x33, 0xC0, 0xB9, 0x10, 0x00, 0x00,
                0x00, 0xF3, 0xAA, 0x48, 0x8D, 0x4C, 0x24, 0x58, 0xE8, 0x23, 0x03, 0x00,
                0x00, 0x0F, 0xB6, 0xC0, 0x85, 0xC0, 0x75, 0x07, 0x33, 0xC0, 0xE9, 0x54,
                0x01, 0x00, 0x00, 0x48, 0x83, 0x7C, 0x24, 0x58, 0x00, 0x74, 0x08, 0x48,
                0x83, 0x7C, 0x24, 0x60, 0x00, 0x75, 0x07, 0x33, 0xC0, 0xE9, 0x3D, 0x01,
                0x00, 0x00, 0x48, 0x8B, 0x05, 0xBB, 0x8C, 0x00, 0x00, 0x48, 0x89, 0x44,
                0x24, 0x40, 0x4C, 0x8B, 0x4C, 0x24, 0x60, 0x4C, 0x8B, 0x44, 0x24, 0x58,
                0xBA, 0x01, 0x00, 0x00, 0x00, 0x48, 0x8B, 0x4C, 0x24, 0x40, 0xE8, 0x99,
                0x42, 0x00, 0x00, 0x0F, 0xB6, 0xC0, 0x85, 0xC0, 0x75, 0x07, 0x33, 0xC0,
                0xE9, 0x0A, 0x01, 0x00, 0x00, 0x48, 0x8B, 0x44, 0x24, 0x40, 0x48, 0x89,
                0x44, 0x24, 0x50, 0x48, 0xC7, 0x44, 0x24, 0x28, 0x00, 0x00, 0x00, 0x00,
                0xEB, 0x0D, 0x48, 0x8B, 0x44, 0x24, 0x28, 0x48, 0xFF, 0xC0, 0x48, 0x89,
                0x44, 0x24, 0x28, 0x48, 0x81, 0x7C, 0x24, 0x28, 0x00, 0x03, 0x00, 0x00,
                0x0F, 0x83, 0xD7, 0x00, 0x00, 0x00, 0xC6, 0x44, 0x24, 0x20, 0x00, 0x48,
                0x8B, 0x44, 0x24, 0x28, 0x48, 0x8B, 0x4C, 0x24, 0x50, 0x48, 0x03, 0xC8,
                0x48, 0x8B, 0xC1, 0x48, 0x89, 0x44, 0x24, 0x30, 0x4C, 0x8B, 0x4C, 0x24,
                0x60, 0x4C, 0x8B, 0x44, 0x24, 0x58, 0xBA, 0x05, 0x00, 0x00, 0x00, 0x48,
                0x8B, 0x4C, 0x24, 0x30, 0xE8, 0x27, 0x42, 0x00, 0x00, 0x0F, 0xB6, 0xC0,
                0x85, 0xC0, 0x75, 0x05, 0xE9, 0x98, 0x00, 0x00, 0x00, 0x41, 0xB8, 0x01,
                0x00, 0x00, 0x00, 0x48, 0x8D, 0x54, 0x24, 0x20, 0x48, 0x8B, 0x4C, 0x24,
                0x30, 0xE8, 0x86, 0x48, 0x00, 0x00, 0x0F, 0xB6, 0xC0, 0x85, 0xC0, 0x75,
                0x02, 0xEB, 0x87, 0x0F, 0xB6, 0x44, 0x24, 0x20, 0x3D, 0xE8, 0x00, 0x00,
                0x00, 0x74, 0x05, 0xE9, 0x76, 0xFF, 0xFF, 0xFF, 0x48, 0x8B, 0x4C, 0x24,
                0x30, 0xE8, 0xD6, 0x47, 0x00, 0x00, 0x48, 0x89, 0x44, 0x24, 0x38, 0x48,
                0x83, 0x7C, 0x24, 0x38, 0x00, 0x75, 0x05, 0xE9, 0x5A, 0xFF, 0xFF, 0xFF,
                0x4C, 0x8B, 0x4C, 0x24, 0x60, 0x4C, 0x8B, 0x44, 0x24, 0x58, 0xBA, 0x01,
                0x00, 0x00, 0x00, 0x48, 0x8B, 0x4C, 0x24, 0x38, 0xE8, 0xB7, 0x41, 0x00,
                0x00, 0x0F, 0xB6, 0xC0, 0x85, 0xC0, 0x75, 0x05, 0xE9, 0x35, 0xFF, 0xFF,
                0xFF, 0x48, 0x8D, 0x54, 0x24, 0x58, 0x48, 0x8B, 0x4C, 0x24, 0x38, 0xE8,
                0x24, 0x00, 0x00, 0x00, 0x48, 0x89, 0x44, 0x24, 0x48, 0x48, 0x83, 0x7C,
                0x24, 0x48, 0x00, 0x74, 0x07, 0x48, 0x8B, 0x44, 0x24, 0x48, 0xEB, 0x07,
                0xE9, 0x0D, 0xFF, 0xFF, 0xFF, 0x33, 0xC0, 0x48, 0x83, 0xC4, 0x70, 0x5F,
                0xC3, 0xCC, 0xCC, 0xCC, 0x48, 0x89, 0x54, 0x24, 0x10, 0x48, 0x89, 0x4C,
                0x24, 0x08, 0x48, 0x83, 0xEC, 0x58, 0x48, 0x8B, 0x44, 0x24, 0x60, 0x48,
                0x89, 0x44, 0x24, 0x40, 0x48, 0x83, 0x7C, 0x24, 0x60, 0x00, 0x74, 0x08,
                0x48, 0x83, 0x7C, 0x24, 0x68, 0x00, 0x75, 0x07, 0x33, 0xC0, 0xE9, 0x36,
                0x01, 0x00, 0x00, 0x48, 0x8B, 0x44, 0x24, 0x68, 0x4C, 0x8B, 0x48, 0x08,
                0x48, 0x8B, 0x44, 0x24, 0x68, 0x4C, 0x8B, 0x00, 0xBA, 0x01, 0x00, 0x00,
                0x00, 0x48, 0x8B, 0x4C, 0x24, 0x60, 0xE8, 0x29, 0x41, 0x00, 0x00, 0x0F,
                0xB6, 0xC0, 0x85, 0xC0, 0x75, 0x07, 0x33, 0xC0, 0xE9, 0x08, 0x01, 0x00,
                0x00, 0x48, 0xC7, 0x44, 0x24, 0x28, 0x00, 0x00, 0x00, 0x00, 0xEB, 0x0D,
                0x48, 0x8B, 0x44, 0x24, 0x28, 0x48, 0xFF, 0xC0, 0x48, 0x89, 0x44, 0x24,
                0x28, 0x48, 0x81, 0x7C, 0x24, 0x28, 0x00, 0x60, 0x00, 0x00, 0x0F, 0x83,
                0xDF, 0x00, 0x00, 0x00, 0xC6, 0x44, 0x24, 0x20, 0x00, 0x48, 0x8B, 0x44,
                0x24, 0x28, 0x48, 0x8B, 0x4C, 0x24, 0x40, 0x48, 0x03, 0xC8, 0x48, 0x8B,
                0xC1, 0x48, 0x89, 0x44, 0x24, 0x38, 0x48, 0x8B, 0x44, 0x24, 0x68, 0x4C,
                0x8B, 0x48, 0x08, 0x48, 0x8B, 0x44, 0x24, 0x68, 0x4C, 0x8B, 0x00, 0xBA,
                0x05, 0x00, 0x00, 0x00, 0x48, 0x8B, 0x4C, 0x24, 0x38, 0xE8, 0xBA, 0x40,
                0x00, 0x00, 0x0F, 0xB6, 0xC0, 0x85, 0xC0, 0x75, 0x05, 0xE9, 0x99, 0x00,
                0x00, 0x00, 0x41, 0xB8, 0x01, 0x00, 0x00, 0x00, 0x48, 0x8D, 0x54, 0x24,
                0x20, 0x48, 0x8B, 0x4C, 0x24, 0x38, 0xE8, 0x19, 0x47, 0x00, 0x00, 0x0F,
                0xB6, 0xC0, 0x85, 0xC0, 0x75, 0x02, 0xEB, 0x80, 0x0F, 0xB6, 0x44, 0x24,
                0x20, 0x3D, 0xE8, 0x00, 0x00, 0x00, 0x74, 0x05, 0xE9, 0x6F, 0xFF, 0xFF,
                0xFF, 0x48, 0x8B, 0x4C, 0x24, 0x38, 0xE8, 0x69, 0x46, 0x00, 0x00, 0x48,
                0x89, 0x44, 0x24, 0x30, 0x48, 0x83, 0x7C, 0x24, 0x30, 0x00, 0x75, 0x05,
                0xE9, 0x53, 0xFF, 0xFF, 0xFF, 0x48, 0x8B, 0x44, 0x24, 0x68, 0x4C, 0x8B,
                0x48, 0x08, 0x48, 0x8B, 0x44, 0x24, 0x68, 0x4C, 0x8B, 0x00, 0xBA, 0x01,
                0x00, 0x00, 0x00, 0x48, 0x8B, 0x4C, 0x24, 0x30, 0xE8, 0x43, 0x40, 0x00,
                0x00, 0x0F, 0xB6, 0xC0, 0x85, 0xC0, 0x75, 0x05, 0xE9, 0x27, 0xFF, 0xFF,
                0xFF, 0x48, 0x8B, 0x54, 0x24, 0x68, 0x48, 0x8B, 0x4C, 0x24, 0x30, 0xE8,
                0xE4, 0x39, 0x00, 0x00, 0x0F, 0xB6, 0xC0, 0x85, 0xC0, 0x74, 0x07, 0x48,
                0x8B, 0x44, 0x24, 0x30, 0xEB, 0x07, 0xE9, 0x05, 0xFF, 0xFF, 0xFF, 0x33,
                0xC0, 0x48, 0x83, 0xC4, 0x58, 0xC3, 0xCC, 0xCC, 0xCC, 0xCC, 0xCC, 0xCC,
                0xCC, 0xCC, 0xCC, 0xCC, 0x48, 0x89, 0x4C, 0x24, 0x08, 0x48, 0x83, 0xEC,
                0x38, 0xFA, 0xB1, 0x0F, 0xE8, 0xF3, 0x77, 0x00, 0x00, 0x88, 0x44, 0x24,
                0x20, 0xC6, 0x44, 0x24, 0x24, 0xEB, 0xC6, 0x44, 0x24, 0x25, 0xFE, 0xC6,
                0x44, 0x24, 0x26, 0xC3, 0x41, 0xB8, 0x03, 0x00, 0x00, 0x00, 0x48, 0x8D,
                0x54, 0x24, 0x24, 0x48, 0x8B, 0x0D, 0xD2, 0x89, 0x00, 0x00, 0xE8, 0xC5,
                0x73, 0x00, 0x00, 0x33, 0xC0, 0x48, 0x83, 0xC4, 0x38, 0xC3, 0xCC, 0xCC,
                0x48, 0x89, 0x4C, 0x24, 0x08, 0x57, 0x48, 0x81, 0xEC, 0xD0, 0x01, 0x00,
                0x00, 0x48, 0x8B, 0x05, 0x58, 0x99, 0x00, 0x00, 0x48, 0x33, 0xC4, 0x48,
                0x89, 0x84, 0x24, 0xC0, 0x01, 0x00, 0x00, 0x48, 0xC7, 0x44, 0x24, 0x28,
                0x00, 0x00, 0x00, 0x00, 0x48, 0x83, 0xBC, 0x24, 0xE0, 0x01, 0x00, 0x00,
                0x00, 0x75, 0x07, 0x32, 0xC0, 0xE9, 0x44, 0x02, 0x00, 0x00, 0x41, 0xB8,
                0x10, 0x00, 0x00, 0x00, 0x33, 0xD2, 0x48, 0x8B, 0x8C, 0x24, 0xE0, 0x01,
                0x00, 0x00, 0xE8, 0x1D, 0x7E, 0x00, 0x00, 0x90, 0x48, 0x8D, 0x54, 0x24,
                0x28, 0x48, 0x8B, 0x0D, 0x68, 0x89, 0x00, 0x00, 0xFF, 0x15, 0xF2, 0x89,
                0x00, 0x00, 0x48, 0x85, 0xC0, 0x75, 0x07, 0x32, 0xC0, 0xE9, 0x10, 0x02,
                0x00, 0x00, 0x48, 0x83, 0x7C, 0x24, 0x28, 0x00, 0x75, 0x07, 0x32, 0xC0,
                0xE9, 0x01, 0x02, 0x00, 0x00, 0x48, 0x8D, 0x44, 0x24, 0x70, 0x48, 0x8B,
                0xF8, 0x33, 0xC0, 0xB9, 0x40, 0x00, 0x00, 0x00, 0xF3, 0xAA, 0x41, 0xB8,
                0x40, 0x00, 0x00, 0x00, 0x48, 0x8D, 0x54, 0x24, 0x70, 0x48, 0x8B, 0x4C,
                0x24, 0x28, 0xE8, 0x9D, 0x45, 0x00, 0x00, 0x0F, 0xB6, 0xC0, 0x85, 0xC0,
                0x75, 0x07, 0x32, 0xC0, 0xE9, 0xCD, 0x01, 0x00, 0x00, 0x0F, 0xB7, 0x44,
                0x24, 0x70, 0x3D, 0x4D, 0x5A, 0x00, 0x00, 0x74, 0x07, 0x32, 0xC0, 0xE9,
                0xBA, 0x01, 0x00, 0x00, 0x48, 0x8D, 0x84, 0x24, 0xB0, 0x00, 0x00, 0x00,
                0x48, 0x8B, 0xF8, 0x33, 0xC0, 0xB9, 0x08, 0x01, 0x00, 0x00, 0xF3, 0xAA,
                0x48, 0x63, 0x84, 0x24, 0xAC, 0x00, 0x00, 0x00, 0x48, 0x8B, 0x4C, 0x24,
                0x28, 0x48, 0x03, 0xC8, 0x48, 0x8B, 0xC1, 0x48, 0x89, 0x44, 0x24, 0x30,
                0x41, 0xB8, 0x08, 0x01, 0x00, 0x00, 0x48, 0x8D, 0x94, 0x24, 0xB0, 0x00,
                0x00, 0x00, 0x48, 0x8B, 0x4C, 0x24, 0x30, 0xE8, 0x38, 0x45, 0x00, 0x00,
                0x0F, 0xB6, 0xC0, 0x85, 0xC0, 0x75, 0x07, 0x32, 0xC0, 0xE9, 0x68, 0x01,
                0x00, 0x00, 0x81, 0xBC, 0x24, 0xB0, 0x00, 0x00, 0x00, 0x50, 0x45, 0x00,
                0x00, 0x74, 0x07, 0x32, 0xC0, 0xE9, 0x54, 0x01, 0x00, 0x00, 0x0F, 0xB7,
                0x84, 0x24, 0xC8, 0x00, 0x00, 0x00, 0x3D, 0x0B, 0x02, 0x00, 0x00, 0x74,
                0x07, 0x32, 0xC0, 0xE9, 0x3E, 0x01, 0x00, 0x00, 0x0F, 0xB7, 0x84, 0x24,
                0xC4, 0x00, 0x00, 0x00, 0x48, 0x8B, 0x4C, 0x24, 0x30, 0x48, 0x8D, 0x44,
                0x01, 0x18, 0x48, 0x89, 0x44, 0x24, 0x38, 0x33, 0xC0, 0x66, 0x89, 0x44,
                0x24, 0x20, 0xEB, 0x0D, 0x0F, 0xB7, 0x44, 0x24, 0x20, 0x66, 0xFF, 0xC0,
                0x66, 0x89, 0x44, 0x24, 0x20, 0x0F, 0xB7, 0x44, 0x24, 0x20, 0x0F, 0xB7,
                0x8C, 0x24, 0xB6, 0x00, 0x00, 0x00, 0x3B, 0xC1, 0x0F, 0x8D, 0xFA, 0x00,
                0x00, 0x00, 0x48, 0x8D, 0x44, 0x24, 0x40, 0x48, 0x8B, 0xF8, 0x33, 0xC0,
                0xB9, 0x28, 0x00, 0x00, 0x00, 0xF3, 0xAA, 0x0F, 0xB7, 0x44, 0x24, 0x20,
                0x48, 0x6B, 0xC0, 0x28, 0x48, 0x8B, 0x4C, 0x24, 0x38, 0x48, 0x03, 0xC8,
                0x48, 0x8B, 0xC1, 0x41, 0xB8, 0x28, 0x00, 0x00, 0x00, 0x48, 0x8D, 0x54,
                0x24, 0x40, 0x48, 0x8B, 0xC8, 0xE8, 0x86, 0x44, 0x00, 0x00, 0x0F, 0xB6,
                0xC0, 0x85, 0xC0, 0x75, 0x02, 0xEB, 0x9D, 0xB8, 0x01, 0x00, 0x00, 0x00,
                0x48, 0x6B, 0xC0, 0x00, 0x0F, 0xB6, 0x44, 0x04, 0x40, 0x83, 0xF8, 0x2E,
                0x0F, 0x85, 0x9D, 0x00, 0x00, 0x00, 0xB8, 0x01, 0x00, 0x00, 0x00, 0x48,
                0x6B, 0xC0, 0x01, 0x0F, 0xB6, 0x44, 0x04, 0x40, 0x83, 0xF8, 0x74, 0x0F,
                0x85, 0x86, 0x00, 0x00, 0x00, 0xB8, 0x01, 0x00, 0x00, 0x00, 0x48, 0x6B,
                0xC0, 0x02, 0x0F, 0xB6, 0x44, 0x04, 0x40, 0x83, 0xF8, 0x65, 0x75, 0x73,
                0xB8, 0x01, 0x00, 0x00, 0x00, 0x48, 0x6B, 0xC0, 0x03, 0x0F, 0xB6, 0x44,
                0x04, 0x40, 0x83, 0xF8, 0x78, 0x75, 0x60, 0xB8, 0x01, 0x00, 0x00, 0x00,
                0x48, 0x6B, 0xC0, 0x04, 0x0F, 0xB6, 0x44, 0x04, 0x40, 0x83, 0xF8, 0x74,
                0x75, 0x4D, 0x8B, 0x44, 0x24, 0x4C, 0x48, 0x8B, 0x4C, 0x24, 0x28, 0x48,
                0x03, 0xC8, 0x48, 0x8B, 0xC1, 0x48, 0x8B, 0x8C, 0x24, 0xE0, 0x01, 0x00,
                0x00, 0x48, 0x89, 0x01, 0x8B, 0x44, 0x24, 0x48, 0x48, 0x8B, 0x8C, 0x24,
                0xE0, 0x01, 0x00, 0x00, 0x48, 0x89, 0x41, 0x08, 0x48, 0x8B, 0x84, 0x24,
                0xE0, 0x01, 0x00, 0x00, 0x48, 0x83, 0x78, 0x08, 0x00, 0x75, 0x10, 0x8B,
                0x44, 0x24, 0x50, 0x48, 0x8B, 0x8C, 0x24, 0xE0, 0x01, 0x00, 0x00, 0x48,
                0x89, 0x41, 0x08, 0xB0, 0x01, 0xEB, 0x07, 0xE9, 0xE4, 0xFE, 0xFF, 0xFF,
                0x32, 0xC0, 0x48, 0x8B, 0x8C, 0x24, 0xC0, 0x01, 0x00, 0x00, 0x48, 0x33,
                0xCC, 0xE8, 0x8E, 0x78, 0x00, 0x00, 0x48, 0x81, 0xC4, 0xD0, 0x01, 0x00,
                0x00, 0x5F, 0xC3, 0xCC, 0x4C, 0x89, 0x44, 0x24, 0x18, 0x48, 0x89, 0x54,
                0x24, 0x10, 0x48, 0x89, 0x4C, 0x24, 0x08, 0x48, 0x81, 0xEC, 0x68, 0x01,
                0x00, 0x00, 0x48, 0x8B, 0x05, 0xB7, 0x96, 0x00, 0x00, 0x48, 0x33, 0xC4,
                0x48, 0x89, 0x84, 0x24, 0x50, 0x01, 0x00, 0x00, 0xC6, 0x84, 0x24, 0xC0,
                0x00, 0x00, 0x00, 0x49, 0xC6, 0x84, 0x24, 0xC1, 0x00, 0x00, 0x00, 0xBA,
                0xC6, 0x84, 0x24, 0xC2, 0x00, 0x00, 0x00, 0x00, 0xC6, 0x84, 0x24, 0xC3,
                0x00, 0x00, 0x00, 0x00, 0xC6, 0x84, 0x24, 0xC4, 0x00, 0x00, 0x00, 0x00,
                0xC6, 0x84, 0x24, 0xC5, 0x00, 0x00, 0x00, 0x00, 0xC6, 0x84, 0x24, 0xC6,
                0x00, 0x00, 0x00, 0x00, 0xC6, 0x84, 0x24, 0xC7, 0x00, 0x00, 0x00, 0x00,
                0xC6, 0x84, 0x24, 0xC8, 0x00, 0x00, 0x00, 0x00, 0xC6, 0x84, 0x24, 0xC9,
                0x00, 0x00, 0x00, 0x00, 0xC6, 0x84, 0x24, 0xCA, 0x00, 0x00, 0x00, 0x4D,
                0xC6, 0x84, 0x24, 0xCB, 0x00, 0x00, 0x00, 0x8B, 0xC6, 0x84, 0x24, 0xCC,
                0x00, 0x00, 0x00, 0x1A, 0xC6, 0x84, 0x24, 0xCD, 0x00, 0x00, 0x00, 0x4C,
                0xC6, 0x84, 0x24, 0xCE, 0x00, 0x00, 0x00, 0x89, 0xC6, 0x84, 0x24, 0xCF,
                0x00, 0x00, 0x00, 0x19, 0xC6, 0x84, 0x24, 0xD0, 0x00, 0x00, 0x00, 0x4D,
                0xC6, 0x84, 0x24, 0xD1, 0x00, 0x00, 0x00, 0x8B, 0xC6, 0x84, 0x24, 0xD2,
                0x00, 0x00, 0x00, 0x5A, 0xC6, 0x84, 0x24, 0xD3, 0x00, 0x00, 0x00, 0x08,
                0xC6, 0x84, 0x24, 0xD4, 0x00, 0x00, 0x00, 0x4C, 0xC6, 0x84, 0x24, 0xD5,
                0x00, 0x00, 0x00, 0x89, 0xC6, 0x84, 0x24, 0xD6, 0x00, 0x00, 0x00, 0x59,
                0xC6, 0x84, 0x24, 0xD7, 0x00, 0x00, 0x00, 0x08, 0xC6, 0x84, 0x24, 0xD8,
                0x00, 0x00, 0x00, 0x4D, 0xC6, 0x84, 0x24, 0xD9, 0x00, 0x00, 0x00, 0x8B,
                0xC6, 0x84, 0x24, 0xDA, 0x00, 0x00, 0x00, 0x5A, 0xC6, 0x84, 0x24, 0xDB,
                0x00, 0x00, 0x00, 0x10, 0xC6, 0x84, 0x24, 0xDC, 0x00, 0x00, 0x00, 0x4C,
                0xC6, 0x84, 0x24, 0xDD, 0x00, 0x00, 0x00, 0x89, 0xC6, 0x84, 0x24, 0xDE,
                0x00, 0x00, 0x00, 0x59, 0xC6, 0x84, 0x24, 0xDF, 0x00, 0x00, 0x00, 0x10,
                0xC6, 0x84, 0x24, 0xE0, 0x00, 0x00, 0x00, 0x4D, 0xC6, 0x84, 0x24, 0xE1,
                0x00, 0x00, 0x00, 0x8B, 0xC6, 0x84, 0x24, 0xE2, 0x00, 0x00, 0x00, 0x5A,
                0xC6, 0x84, 0x24, 0xE3, 0x00, 0x00, 0x00, 0x18, 0xC6, 0x84, 0x24, 0xE4,
                0x00, 0x00, 0x00, 0x4C, 0xC6, 0x84, 0x24, 0xE5, 0x00, 0x00, 0x00, 0x89,
                0xC6, 0x84, 0x24, 0xE6, 0x00, 0x00, 0x00, 0x59, 0xC6, 0x84, 0x24, 0xE7,
                0x00, 0x00, 0x00, 0x18, 0xC6, 0x84, 0x24, 0xE8, 0x00, 0x00, 0x00, 0x48,
                0xC6, 0x84, 0x24, 0xE9, 0x00, 0x00, 0x00, 0xB8, 0xC6, 0x84, 0x24, 0xEA,
                0x00, 0x00, 0x00, 0x00, 0xC6, 0x84, 0x24, 0xEB, 0x00, 0x00, 0x00, 0x00,
                0xC6, 0x84, 0x24, 0xEC, 0x00, 0x00, 0x00, 0x00, 0xC6, 0x84, 0x24, 0xED,
                0x00, 0x00, 0x00, 0x00, 0xC6, 0x84, 0x24, 0xEE, 0x00, 0x00, 0x00, 0x00,
                0xC6, 0x84, 0x24, 0xEF, 0x00, 0x00, 0x00, 0x00, 0xC6, 0x84, 0x24, 0xF0,
                0x00, 0x00, 0x00, 0x00, 0xC6, 0x84, 0x24, 0xF1, 0x00, 0x00, 0x00, 0x00,
                0xC6, 0x84, 0x24, 0xF2, 0x00, 0x00, 0x00, 0xFF, 0xC6, 0x84, 0x24, 0xF3,
                0x00, 0x00, 0x00, 0xD0, 0xC6, 0x84, 0x24, 0xF4, 0x00, 0x00, 0x00, 0xB9,
                0xC6, 0x84, 0x24, 0xF5, 0x00, 0x00, 0x00, 0x86, 0xC6, 0x84, 0x24, 0xF6,
                0x00, 0x00, 0x00, 0x00, 0xC6, 0x84, 0x24, 0xF7, 0x00, 0x00, 0x00, 0x00,
                0xC6, 0x84, 0x24, 0xF8, 0x00, 0x00, 0x00, 0x00, 0xC6, 0x84, 0x24, 0xF9,
                0x00, 0x00, 0x00, 0x48, 0xC6, 0x84, 0x24, 0xFA, 0x00, 0x00, 0x00, 0xB8,
                0xC6, 0x84, 0x24, 0xFB, 0x00, 0x00, 0x00, 0x00, 0xC6, 0x84, 0x24, 0xFC,
                0x00, 0x00, 0x00, 0x00, 0xC6, 0x84, 0x24, 0xFD, 0x00, 0x00, 0x00, 0x00,
                0xC6, 0x84, 0x24, 0xFE, 0x00, 0x00, 0x00, 0x00, 0xC6, 0x84, 0x24, 0xFF,
                0x00, 0x00, 0x00, 0x00, 0xC6, 0x84, 0x24, 0x00, 0x01, 0x00, 0x00, 0x00,
                0xC6, 0x84, 0x24, 0x01, 0x01, 0x00, 0x00, 0x00, 0xC6, 0x84, 0x24, 0x02,
                0x01, 0x00, 0x00, 0x00, 0xC6, 0x84, 0x24, 0x03, 0x01, 0x00, 0x00, 0xFF,
                0xC6, 0x84, 0x24, 0x04, 0x01, 0x00, 0x00, 0xD0, 0xC6, 0x84, 0x24, 0x05,
                0x01, 0x00, 0x00, 0xFF, 0xC6, 0x84, 0x24, 0x06, 0x01, 0x00, 0x00, 0x25,
                0xC6, 0x84, 0x24, 0x07, 0x01, 0x00, 0x00, 0x00, 0xC6, 0x84, 0x24, 0x08,
                0x01, 0x00, 0x00, 0x00, 0xC6, 0x84, 0x24, 0x09, 0x01, 0x00, 0x00, 0x00,
                0xC6, 0x84, 0x24, 0x0A, 0x01, 0x00, 0x00, 0x00, 0xC6, 0x84, 0x24, 0x0B,
                0x01, 0x00, 0x00, 0x00, 0xC6, 0x84, 0x24, 0x0C, 0x01, 0x00, 0x00, 0x00,
                0xC6, 0x84, 0x24, 0x0D, 0x01, 0x00, 0x00, 0x00, 0xC6, 0x84, 0x24, 0x0E,
                0x01, 0x00, 0x00, 0x00, 0xC6, 0x84, 0x24, 0x0F, 0x01, 0x00, 0x00, 0x00,
                0xC6, 0x84, 0x24, 0x10, 0x01, 0x00, 0x00, 0x00, 0xC6, 0x84, 0x24, 0x11,
                0x01, 0x00, 0x00, 0x00, 0xC6, 0x84, 0x24, 0x12, 0x01, 0x00, 0x00, 0x00,
                0x48, 0x83, 0xBC, 0x24, 0x70, 0x01, 0x00, 0x00, 0x00, 0x74, 0x19, 0x48,
                0x83, 0xBC, 0x24, 0x78, 0x01, 0x00, 0x00, 0x00, 0x74, 0x0E, 0x48, 0x81,
                0xBC, 0x24, 0x80, 0x01, 0x00, 0x00, 0xA8, 0xCE, 0x00, 0x00, 0x76, 0x0A,
                0xB8, 0x0D, 0x00, 0x00, 0xC0, 0xE9, 0xD8, 0x06, 0x00, 0x00, 0x0F, 0xB6,
                0x05, 0x27, 0x96, 0x00, 0x00, 0x85, 0xC0, 0x74, 0x27, 0xE8, 0xE2, 0x45,
                0x00, 0x00, 0x4C, 0x8B, 0x84, 0x24, 0x80, 0x01, 0x00, 0x00, 0x48, 0x8B,
                0x94, 0x24, 0x78, 0x01, 0x00, 0x00, 0x48, 0x8B, 0x8C, 0x24, 0x70, 0x01,
                0x00, 0x00, 0xE8, 0xE5, 0xFC, 0xFF, 0xFF, 0xE9, 0xA6, 0x06, 0x00, 0x00,
                0x41, 0xB8, 0x20, 0x00, 0x00, 0x00, 0x48, 0x8B, 0x94, 0x24, 0x78, 0x01,
                0x00, 0x00, 0x48, 0x8D, 0x8C, 0x24, 0x90, 0x00, 0x00, 0x00, 0xE8, 0xD9,
                0x75, 0x00, 0x00, 0x90, 0xEB, 0x0A, 0xB8, 0x0D, 0x00, 0x00, 0xC0, 0xE9,
                0x7E, 0x06, 0x00, 0x00, 0x8B, 0x84, 0x24, 0x90, 0x00, 0x00, 0x00, 0x8B,
                0x8C, 0x24, 0x94, 0x00, 0x00, 0x00, 0x48, 0x0F, 0xAF, 0xC1, 0x48, 0x3D,
                0xA9, 0x33, 0x00, 0x00, 0x75, 0x21, 0x83, 0xBC, 0x24, 0x98, 0x00, 0x00,
                0x00, 0x20, 0x75, 0x17, 0x81, 0xBC, 0x24, 0x9C, 0x00, 0x00, 0x00, 0xA4,
                0xCE, 0x00, 0x00, 0x75, 0x0A, 0x83, 0xBC, 0x24, 0xA0, 0x00, 0x00, 0x00,
                0x00, 0x74, 0x0A, 0xB8, 0x0D, 0x00, 0x00, 0xC0, 0xE9, 0x39, 0x06, 0x00,
                0x00, 0x48, 0x83, 0xBC, 0x24, 0x80, 0x01, 0x00, 0x00, 0x00, 0x74, 0x2E,
                0x48, 0x83, 0xBC, 0x24, 0xA8, 0x00, 0x00, 0x00, 0x00, 0x74, 0x19, 0x48,
                0xC7, 0xC0, 0xFF, 0xFF, 0xFF, 0xFF, 0x48, 0x2B, 0x84, 0x24, 0x80, 0x01,
                0x00, 0x00, 0x48, 0x39, 0x84, 0x24, 0xA8, 0x00, 0x00, 0x00, 0x76, 0x0A,
                0xB8, 0x0D, 0x00, 0x00, 0xC0, 0xE9, 0x00, 0x06, 0x00, 0x00, 0xE8, 0x65,
                0xB7, 0xFF, 0xFF, 0x83, 0xF8, 0x03, 0x75, 0x0A, 0xC7, 0x44, 0x24, 0x3C,
                0xA7, 0x02, 0x00, 0x00, 0xEB, 0x08, 0xC7, 0x44, 0x24, 0x3C, 0x79, 0x02,
                0x00, 0x00, 0x48, 0x63, 0x44, 0x24, 0x3C, 0x48, 0x8B, 0x8C, 0x24, 0x70,
                0x01, 0x00, 0x00, 0x48, 0x03, 0xC8, 0x48, 0x8B, 0xC1, 0x48, 0x89, 0x44,
                0x24, 0x30, 0x41, 0xB8, 0x0D, 0x00, 0x00, 0x00, 0x48, 0x8D, 0x94, 0x24,
                0x20, 0x01, 0x00, 0x00, 0x48, 0x8B, 0x4C, 0x24, 0x30, 0xE8, 0xAE, 0x3E,
                0x00, 0x00, 0x90, 0xB8, 0x01, 0x00, 0x00, 0x00, 0x48, 0x6B, 0xC0, 0x00,
                0x0F, 0xB6, 0x84, 0x04, 0x20, 0x01, 0x00, 0x00, 0x3D, 0xE8, 0x00, 0x00,
                0x00, 0x0F, 0x84, 0xF0, 0x00, 0x00, 0x00, 0xB8, 0x01, 0x00, 0x00, 0x00,
                0x48, 0x6B, 0xC0, 0x00, 0x0F, 0xB6, 0x84, 0x04, 0x20, 0x01, 0x00, 0x00,
                0x83, 0xF8, 0x48, 0x0F, 0x85, 0xBE, 0x00, 0x00, 0x00, 0xB8, 0x01, 0x00,
                0x00, 0x00, 0x48, 0x6B, 0xC0, 0x01, 0x0F, 0xB6, 0x84, 0x04, 0x20, 0x01,
                0x00, 0x00, 0x3D, 0x8B, 0x00, 0x00, 0x00, 0x0F, 0x85, 0xA2, 0x00, 0x00,
                0x00, 0xB8, 0x01, 0x00, 0x00, 0x00, 0x48, 0x6B, 0xC0, 0x02, 0x0F, 0xB6,
                0x84, 0x04, 0x20, 0x01, 0x00, 0x00, 0x83, 0xF8, 0x0D, 0x0F, 0x85, 0x88,
                0x00, 0x00, 0x00, 0xB8, 0x01, 0x00, 0x00, 0x00, 0x48, 0x6B, 0xC0, 0x07,
                0x0F, 0xB6, 0x84, 0x04, 0x20, 0x01, 0x00, 0x00, 0x83, 0xF8, 0x48, 0x75,
                0x72, 0xB8, 0x01, 0x00, 0x00, 0x00, 0x48, 0x6B, 0xC0, 0x08, 0x0F, 0xB6,
                0x84, 0x04, 0x20, 0x01, 0x00, 0x00, 0x3D, 0x8D, 0x00, 0x00, 0x00, 0x75,
                0x5A, 0xB8, 0x01, 0x00, 0x00, 0x00, 0x48, 0x6B, 0xC0, 0x09, 0x0F, 0xB6,
                0x84, 0x04, 0x20, 0x01, 0x00, 0x00, 0x83, 0xF8, 0x54, 0x75, 0x44, 0xB8,
                0x01, 0x00, 0x00, 0x00, 0x48, 0x6B, 0xC0, 0x0A, 0x0F, 0xB6, 0x84, 0x04,
                0x20, 0x01, 0x00, 0x00, 0x83, 0xF8, 0x24, 0x75, 0x2E, 0xB8, 0x01, 0x00,
                0x00, 0x00, 0x48, 0x6B, 0xC0, 0x0B, 0x0F, 0xB6, 0x84, 0x04, 0x20, 0x01,
                0x00, 0x00, 0x83, 0xF8, 0x38, 0x75, 0x18, 0xB8, 0x01, 0x00, 0x00, 0x00,
                0x48, 0x6B, 0xC0, 0x0C, 0x0F, 0xB6, 0x84, 0x04, 0x20, 0x01, 0x00, 0x00,
                0x3D, 0xE8, 0x00, 0x00, 0x00, 0x74, 0x0A, 0xB8, 0xBB, 0x00, 0x00, 0xC0,
                0xE9, 0xB5, 0x04, 0x00, 0x00, 0x48, 0x8B, 0x44, 0x24, 0x30, 0x48, 0x83,
                0xC0, 0x0C, 0x48, 0x89, 0x44, 0x24, 0x30, 0x41, 0xB8, 0x0F, 0x00, 0x00,
                0x00, 0x48, 0x8D, 0x94, 0x24, 0x30, 0x01, 0x00, 0x00, 0x48, 0x8B, 0x4C,
                0x24, 0x30, 0xE8, 0x89, 0x3D, 0x00, 0x00, 0x90, 0xB8, 0x01, 0x00, 0x00,
                0x00, 0x48, 0x6B, 0xC0, 0x00, 0x0F, 0xB6, 0x84, 0x04, 0x30, 0x01, 0x00,
                0x00, 0x3D, 0xE8, 0x00, 0x00, 0x00, 0x0F, 0x85, 0x87, 0x00, 0x00, 0x00,
                0xB8, 0x01, 0x00, 0x00, 0x00, 0x48, 0x6B, 0xC0, 0x05, 0x0F, 0xB6, 0x84,
                0x04, 0x30, 0x01, 0x00, 0x00, 0x3D, 0xB9, 0x00, 0x00, 0x00, 0x75, 0x6F,
                0xB8, 0x01, 0x00, 0x00, 0x00, 0x48, 0x6B, 0xC0, 0x06, 0x0F, 0xB6, 0x84,
                0x04, 0x30, 0x01, 0x00, 0x00, 0x3D, 0x86, 0x00, 0x00, 0x00, 0x75, 0x57,
                0xB8, 0x01, 0x00, 0x00, 0x00, 0x48, 0x6B, 0xC0, 0x07, 0x0F, 0xB6, 0x84,
                0x04, 0x30, 0x01, 0x00, 0x00, 0x85, 0xC0, 0x75, 0x42, 0xB8, 0x01, 0x00,
                0x00, 0x00, 0x48, 0x6B, 0xC0, 0x08, 0x0F, 0xB6, 0x84, 0x04, 0x30, 0x01,
                0x00, 0x00, 0x85, 0xC0, 0x75, 0x2D, 0xB8, 0x01, 0x00, 0x00, 0x00, 0x48,
                0x6B, 0xC0, 0x09, 0x0F, 0xB6, 0x84, 0x04, 0x30, 0x01, 0x00, 0x00, 0x85,
                0xC0, 0x75, 0x18, 0xB8, 0x01, 0x00, 0x00, 0x00, 0x48, 0x6B, 0xC0, 0x0A,
                0x0F, 0xB6, 0x84, 0x04, 0x30, 0x01, 0x00, 0x00, 0x3D, 0xE8, 0x00, 0x00,
                0x00, 0x74, 0x0A, 0xB8, 0xBB, 0x00, 0x00, 0xC0, 0xE9, 0xE1, 0x03, 0x00,
                0x00, 0x48, 0x8D, 0x84, 0x24, 0x31, 0x01, 0x00, 0x00, 0x41, 0xB8, 0x04,
                0x00, 0x00, 0x00, 0x48, 0x8B, 0xD0, 0x48, 0x8D, 0x4C, 0x24, 0x38, 0xE8,
                0x14, 0x73, 0x00, 0x00, 0x48, 0x63, 0x44, 0x24, 0x38, 0x48, 0x8B, 0x4C,
                0x24, 0x30, 0x48, 0x8D, 0x44, 0x01, 0x05, 0x48, 0x89, 0x84, 0x24, 0xB0,
                0x00, 0x00, 0x00, 0x48, 0x8D, 0x84, 0x24, 0x3B, 0x01, 0x00, 0x00, 0x41,
                0xB8, 0x04, 0x00, 0x00, 0x00, 0x48, 0x8B, 0xD0, 0x48, 0x8D, 0x4C, 0x24,
                0x38, 0xE8, 0xE2, 0x72, 0x00, 0x00, 0x48, 0x63, 0x44, 0x24, 0x38, 0x48,
                0x8B, 0x4C, 0x24, 0x30, 0x48, 0x8D, 0x44, 0x01, 0x0F, 0x48, 0x89, 0x84,
                0x24, 0xB8, 0x00, 0x00, 0x00, 0x48, 0xC7, 0x44, 0x24, 0x60, 0x58, 0x00,
                0x00, 0x00, 0x48, 0x8B, 0x44, 0x24, 0x60, 0x48, 0x83, 0xC0, 0x27, 0x48,
                0x83, 0xE0, 0xF8, 0x48, 0x89, 0x44, 0x24, 0x68, 0x48, 0x8B, 0x44, 0x24,
                0x68, 0x48, 0x05, 0xA8, 0xCE, 0x00, 0x00, 0x48, 0x89, 0x44, 0x24, 0x58,
                0x48, 0x8B, 0x54, 0x24, 0x58, 0x33, 0xC9, 0xFF, 0x15, 0xB3, 0x80, 0x00,
                0x00, 0x48, 0x89, 0x44, 0x24, 0x20, 0x48, 0x83, 0x7C, 0x24, 0x20, 0x00,
                0x75, 0x0A, 0xB8, 0x9A, 0x00, 0x00, 0xC0, 0xE9, 0x2E, 0x03, 0x00, 0x00,
                0x4C, 0x8B, 0x44, 0x24, 0x58, 0x33, 0xD2, 0x48, 0x8B, 0x4C, 0x24, 0x20,
                0xE8, 0x2B, 0x75, 0x00, 0x00, 0x48, 0x8B, 0x44, 0x24, 0x60, 0x48, 0x8B,
                0x4C, 0x24, 0x20, 0x48, 0x03, 0xC8, 0x48, 0x8B, 0xC1, 0x48, 0x89, 0x44,
                0x24, 0x48, 0x41, 0xB8, 0x20, 0x00, 0x00, 0x00, 0x48, 0x8D, 0x94, 0x24,
                0x90, 0x00, 0x00, 0x00, 0x48, 0x8B, 0x4C, 0x24, 0x48, 0xE8, 0x3E, 0x72,
                0x00, 0x00, 0x48, 0x8B, 0x44, 0x24, 0x68, 0x48, 0x8B, 0x4C, 0x24, 0x20,
                0x48, 0x03, 0xC8, 0x48, 0x8B, 0xC1, 0x48, 0x8B, 0x4C, 0x24, 0x48, 0x48,
                0x89, 0x41, 0x18, 0x48, 0x83, 0xBC, 0x24, 0x80, 0x01, 0x00, 0x00, 0x00,
                0x74, 0x1F, 0x4C, 0x8B, 0x84, 0x24, 0x80, 0x01, 0x00, 0x00, 0x48, 0x8B,
                0x94, 0x24, 0xA8, 0x00, 0x00, 0x00, 0x48, 0x8B, 0x44, 0x24, 0x48, 0x48,
                0x8B, 0x48, 0x18, 0xE8, 0xFC, 0x71, 0x00, 0x00, 0x90, 0xEB, 0x17, 0x33,
                0xD2, 0x48, 0x8B, 0x4C, 0x24, 0x20, 0xFF, 0x15, 0x1C, 0x80, 0x00, 0x00,
                0xB8, 0x0D, 0x00, 0x00, 0xC0, 0xE9, 0x94, 0x02, 0x00, 0x00, 0x48, 0x8B,
                0x44, 0x24, 0x48, 0x48, 0x89, 0x44, 0x24, 0x28, 0x48, 0x8D, 0x84, 0x24,
                0xC2, 0x00, 0x00, 0x00, 0x41, 0xB8, 0x08, 0x00, 0x00, 0x00, 0x48, 0x8D,
                0x54, 0x24, 0x28, 0x48, 0x8B, 0xC8, 0xE8, 0xBD, 0x71, 0x00, 0x00, 0x48,
                0x8B, 0x84, 0x24, 0xB0, 0x00, 0x00, 0x00, 0x48, 0x89, 0x44, 0x24, 0x28,
                0x48, 0x8D, 0x84, 0x24, 0xEA, 0x00, 0x00, 0x00, 0x41, 0xB8, 0x08, 0x00,
                0x00, 0x00, 0x48, 0x8D, 0x54, 0x24, 0x28, 0x48, 0x8B, 0xC8, 0xE8, 0x95,
                0x71, 0x00, 0x00, 0x48, 0x8B, 0x84, 0x24, 0xB8, 0x00, 0x00, 0x00, 0x48,
                0x89, 0x44, 0x24, 0x28, 0x48, 0x8D, 0x84, 0x24, 0xFB, 0x00, 0x00, 0x00,
                0x41, 0xB8, 0x08, 0x00, 0x00, 0x00, 0x48, 0x8D, 0x54, 0x24, 0x28, 0x48,
                0x8B, 0xC8, 0xE8, 0x6D, 0x71, 0x00, 0x00, 0x48, 0x8B, 0x44, 0x24, 0x30,
                0x48, 0x83, 0xC0, 0x0F, 0x48, 0x89, 0x44, 0x24, 0x28, 0x48, 0x8D, 0x84,
                0x24, 0x0B, 0x01, 0x00, 0x00, 0x41, 0xB8, 0x08, 0x00, 0x00, 0x00, 0x48,
                0x8D, 0x54, 0x24, 0x28, 0x48, 0x8B, 0xC8, 0xE8, 0x44, 0x71, 0x00, 0x00,
                0x41, 0xB8, 0x53, 0x00, 0x00, 0x00, 0x48, 0x8D, 0x94, 0x24, 0xC0, 0x00,
                0x00, 0x00, 0x48, 0x8B, 0x4C, 0x24, 0x20, 0xE8, 0x2C, 0x71, 0x00, 0x00,
                0x41, 0xB8, 0x0F, 0x00, 0x00, 0x00, 0xBA, 0x90, 0x00, 0x00, 0x00, 0x48,
                0x8D, 0x8C, 0x24, 0x40, 0x01, 0x00, 0x00, 0xE8, 0xD4, 0x73, 0x00, 0x00,
                0xB8, 0x01, 0x00, 0x00, 0x00, 0x48, 0x6B, 0xC0, 0x00, 0xC6, 0x84, 0x04,
                0x40, 0x01, 0x00, 0x00, 0xFF, 0xB8, 0x01, 0x00, 0x00, 0x00, 0x48, 0x6B,
                0xC0, 0x01, 0xC6, 0x84, 0x04, 0x40, 0x01, 0x00, 0x00, 0x25, 0xB8, 0x01,
                0x00, 0x00, 0x00, 0x48, 0x6B, 0xC0, 0x02, 0x48, 0x89, 0x44, 0x24, 0x70,
                0x48, 0x83, 0x7C, 0x24, 0x70, 0x0F, 0x73, 0x02, 0xEB, 0x06, 0xE8, 0xC5,
                0x6D, 0x00, 0x00, 0x90, 0x48, 0x8B, 0x44, 0x24, 0x70, 0xC6, 0x84, 0x04,
                0x40, 0x01, 0x00, 0x00, 0x00, 0xB8, 0x01, 0x00, 0x00, 0x00, 0x48, 0x6B,
                0xC0, 0x03, 0x48, 0x89, 0x44, 0x24, 0x78, 0x48, 0x83, 0x7C, 0x24, 0x78,
                0x0F, 0x73, 0x02, 0xEB, 0x06, 0xE8, 0x9A, 0x6D, 0x00, 0x00, 0x90, 0x48,
                0x8B, 0x44, 0x24, 0x78, 0xC6, 0x84, 0x04, 0x40, 0x01, 0x00, 0x00, 0x00,
                0xB8, 0x01, 0x00, 0x00, 0x00, 0x48, 0x6B, 0xC0, 0x04, 0x48, 0x89, 0x84,
                0x24, 0x80, 0x00, 0x00, 0x00, 0x48, 0x83, 0xBC, 0x24, 0x80, 0x00, 0x00,
                0x00, 0x0F, 0x73, 0x02, 0xEB, 0x06, 0xE8, 0x69, 0x6D, 0x00, 0x00, 0x90,
                0x48, 0x8B, 0x84, 0x24, 0x80, 0x00, 0x00, 0x00, 0xC6, 0x84, 0x04, 0x40,
                0x01, 0x00, 0x00, 0x00, 0xB8, 0x01, 0x00, 0x00, 0x00, 0x48, 0x6B, 0xC0,
                0x05, 0x48, 0x89, 0x84, 0x24, 0x88, 0x00, 0x00, 0x00, 0x48, 0x83, 0xBC,
                0x24, 0x88, 0x00, 0x00, 0x00, 0x0F, 0x73, 0x02, 0xEB, 0x06, 0xE8, 0x35,
                0x6D, 0x00, 0x00, 0x90, 0x48, 0x8B, 0x84, 0x24, 0x88, 0x00, 0x00, 0x00,
                0xC6, 0x84, 0x04, 0x40, 0x01, 0x00, 0x00, 0x00, 0x48, 0x8B, 0x44, 0x24,
                0x20, 0x48, 0x89, 0x44, 0x24, 0x28, 0x48, 0x8D, 0x84, 0x24, 0x46, 0x01,
                0x00, 0x00, 0x41, 0xB8, 0x08, 0x00, 0x00, 0x00, 0x48, 0x8D, 0x54, 0x24,
                0x28, 0x48, 0x8B, 0xC8, 0xE8, 0x0F, 0x70, 0x00, 0x00, 0xE8, 0x06, 0x6C,
                0x00, 0x00, 0x41, 0xB8, 0x0F, 0x00, 0x00, 0x00, 0x48, 0x8D, 0x94, 0x24,
                0x40, 0x01, 0x00, 0x00, 0x48, 0x8B, 0x4C, 0x24, 0x30, 0xE8, 0x02, 0x68,
                0x00, 0x00, 0x89, 0x44, 0x24, 0x40, 0x83, 0x7C, 0x24, 0x40, 0x00, 0x7D,
                0x16, 0x33, 0xD2, 0x48, 0x8B, 0x4C, 0x24, 0x20, 0xFF, 0x15, 0x0A, 0x7E,
                0x00, 0x00, 0x8B, 0x44, 0x24, 0x40, 0xE9, 0x83, 0x00, 0x00, 0x00, 0xBA,
                0x0F, 0x00, 0x00, 0x00, 0x33, 0xC9, 0xFF, 0x15, 0xE4, 0x7D, 0x00, 0x00,
                0x48, 0x89, 0x44, 0x24, 0x50, 0x48, 0x83, 0x7C, 0x24, 0x50, 0x00, 0x75,
                0x14, 0x33, 0xD2, 0x48, 0x8B, 0x4C, 0x24, 0x20, 0xFF, 0x15, 0xDA, 0x7D,
                0x00, 0x00, 0xB8, 0x9A, 0x00, 0x00, 0xC0, 0xEB, 0x55, 0x41, 0xB8, 0x0F,
                0x00, 0x00, 0x00, 0x48, 0x8D, 0x94, 0x24, 0x30, 0x01, 0x00, 0x00, 0x48,
                0x8B, 0x4C, 0x24, 0x50, 0xE8, 0x8B, 0x6F, 0x00, 0x00, 0x48, 0x8B, 0x44,
                0x24, 0x30, 0x48, 0x89, 0x05, 0x67, 0x8F, 0x00, 0x00, 0x48, 0x8B, 0x44,
                0x24, 0x50, 0x48, 0x89, 0x05, 0x63, 0x8F, 0x00, 0x00, 0x48, 0xC7, 0x05,
                0x60, 0x8F, 0x00, 0x00, 0x0F, 0x00, 0x00, 0x00, 0x48, 0x8B, 0x44, 0x24,
                0x20, 0x48, 0x89, 0x05, 0x5C, 0x8F, 0x00, 0x00, 0xC6, 0x05, 0x5D, 0x8F,
                0x00, 0x00, 0x01, 0xE8, 0x4C, 0x6B, 0x00, 0x00, 0x33, 0xC0, 0x48, 0x8B,
                0x8C, 0x24, 0x50, 0x01, 0x00, 0x00, 0x48, 0x33, 0xCC, 0xE8, 0xAE, 0x6E,
                0x00, 0x00, 0x48, 0x81, 0xC4, 0x68, 0x01, 0x00, 0x00, 0xC3, 0xCC, 0xCC,
                0x4C, 0x89, 0x4C, 0x24, 0x20, 0x4C, 0x89, 0x44, 0x24, 0x18, 0x88, 0x54,
                0x24, 0x10, 0x48, 0x89, 0x4C, 0x24, 0x08, 0x48, 0x81, 0xEC, 0xE8, 0x01,
                0x00, 0x00, 0x48, 0x8B, 0x05, 0xD3, 0x8C, 0x00, 0x00, 0x48, 0x33, 0xC4,
                0x48, 0x89, 0x84, 0x24, 0xD8, 0x01, 0x00, 0x00, 0xC6, 0x84, 0x24, 0x60,
                0x01, 0x00, 0x00, 0x44, 0xC6, 0x84, 0x24, 0x61, 0x01, 0x00, 0x00, 0x89,
                0xC6, 0x84, 0x24, 0x62, 0x01, 0x00, 0x00, 0x44, 0xC6, 0x84, 0x24, 0x63,
                0x01, 0x00, 0x00, 0x24, 0xC6, 0x84, 0x24, 0x64, 0x01, 0x00, 0x00, 0x18,
                0xC6, 0x84, 0x24, 0x65, 0x01, 0x00, 0x00, 0x55, 0xC6, 0x84, 0x24, 0x66,
                0x01, 0x00, 0x00, 0x53, 0xC6, 0x84, 0x24, 0x67, 0x01, 0x00, 0x00, 0x56,
                0xC6, 0x84, 0x24, 0x68, 0x01, 0x00, 0x00, 0x57, 0xC6, 0x84, 0x24, 0x69,
                0x01, 0x00, 0x00, 0x41, 0xC6, 0x84, 0x24, 0x6A, 0x01, 0x00, 0x00, 0x54,
                0xC6, 0x84, 0x24, 0x6B, 0x01, 0x00, 0x00, 0x41, 0xC6, 0x84, 0x24, 0x6C,
                0x01, 0x00, 0x00, 0x55, 0xC6, 0x84, 0x24, 0x6D, 0x01, 0x00, 0x00, 0x41,
                0xC6, 0x84, 0x24, 0x6E, 0x01, 0x00, 0x00, 0x56, 0xC6, 0x84, 0x24, 0x6F,
                0x01, 0x00, 0x00, 0x41, 0xC6, 0x84, 0x24, 0x70, 0x01, 0x00, 0x00, 0x57,
                0xC6, 0x84, 0x24, 0x71, 0x01, 0x00, 0x00, 0x48, 0xC6, 0x84, 0x24, 0x72,
                0x01, 0x00, 0x00, 0x8B, 0xC6, 0x84, 0x24, 0x73, 0x01, 0x00, 0x00, 0xEC,
                0xC6, 0x84, 0x24, 0x50, 0x01, 0x00, 0x00, 0x44, 0xC6, 0x84, 0x24, 0x51,
                0x01, 0x00, 0x00, 0x89, 0xC6, 0x84, 0x24, 0x52, 0x01, 0x00, 0x00, 0x44,
                0xC6, 0x84, 0x24, 0x53, 0x01, 0x00, 0x00, 0x24, 0xC6, 0x84, 0x24, 0x54,
                0x01, 0x00, 0x00, 0x18, 0xC6, 0x84, 0x24, 0x55, 0x01, 0x00, 0x00, 0x48,
                0xC6, 0x84, 0x24, 0x56, 0x01, 0x00, 0x00, 0x89, 0xC6, 0x84, 0x24, 0x57,
                0x01, 0x00, 0x00, 0x4C, 0xC6, 0x84, 0x24, 0x58, 0x01, 0x00, 0x00, 0x24,
                0xC6, 0x84, 0x24, 0x59, 0x01, 0x00, 0x00, 0x08, 0xC6, 0x84, 0x24, 0x5A,
                0x01, 0x00, 0x00, 0x55, 0xC6, 0x84, 0x24, 0x5B, 0x01, 0x00, 0x00, 0x53,
                0xC6, 0x84, 0x24, 0x5C, 0x01, 0x00, 0x00, 0x56, 0xC6, 0x84, 0x24, 0x5D,
                0x01, 0x00, 0x00, 0x57, 0xC6, 0x84, 0x24, 0x5E, 0x01, 0x00, 0x00, 0x41,
                0xC6, 0x84, 0x24, 0x5F, 0x01, 0x00, 0x00, 0x54, 0xC6, 0x84, 0x24, 0x78,
                0x01, 0x00, 0x00, 0x44, 0xC6, 0x84, 0x24, 0x79, 0x01, 0x00, 0x00, 0x89,
                0xC6, 0x84, 0x24, 0x7A, 0x01, 0x00, 0x00, 0x44, 0xC6, 0x84, 0x24, 0x7B,
                0x01, 0x00, 0x00, 0x24, 0xC6, 0x84, 0x24, 0x7C, 0x01, 0x00, 0x00, 0x18,
                0xC6, 0x84, 0x24, 0x7D, 0x01, 0x00, 0x00, 0x48, 0xC6, 0x84, 0x24, 0x7E,
                0x01, 0x00, 0x00, 0x89, 0xC6, 0x84, 0x24, 0x7F, 0x01, 0x00, 0x00, 0x4C,
                0xC6, 0x84, 0x24, 0x80, 0x01, 0x00, 0x00, 0x24, 0xC6, 0x84, 0x24, 0x81,
                0x01, 0x00, 0x00, 0x08, 0xC6, 0x84, 0x24, 0x82, 0x01, 0x00, 0x00, 0x55,
                0xC6, 0x84, 0x24, 0x83, 0x01, 0x00, 0x00, 0x53, 0xC6, 0x84, 0x24, 0x84,
                0x01, 0x00, 0x00, 0x56, 0xC6, 0x84, 0x24, 0x85, 0x01, 0x00, 0x00, 0x57,
                0xC6, 0x84, 0x24, 0x86, 0x01, 0x00, 0x00, 0x41, 0xC6, 0x84, 0x24, 0x87,
                0x01, 0x00, 0x00, 0x54, 0xC6, 0x84, 0x24, 0x88, 0x01, 0x00, 0x00, 0x41,
                0xC6, 0x84, 0x24, 0x89, 0x01, 0x00, 0x00, 0x55, 0xC6, 0x84, 0x24, 0x8A,
                0x01, 0x00, 0x00, 0x41, 0xC6, 0x84, 0x24, 0x8B, 0x01, 0x00, 0x00, 0x56,
                0xC6, 0x84, 0x24, 0x8C, 0x01, 0x00, 0x00, 0x41, 0xC6, 0x84, 0x24, 0x8D,
                0x01, 0x00, 0x00, 0x57, 0xC6, 0x84, 0x24, 0x8E, 0x01, 0x00, 0x00, 0x48,
                0xC6, 0x84, 0x24, 0x8F, 0x01, 0x00, 0x00, 0x8B, 0xC6, 0x84, 0x24, 0x90,
                0x01, 0x00, 0x00, 0xEC, 0xC6, 0x84, 0x24, 0x98, 0x01, 0x00, 0x00, 0x44,
                0xC6, 0x84, 0x24, 0x99, 0x01, 0x00, 0x00, 0x89, 0xC6, 0x84, 0x24, 0x9A,
                0x01, 0x00, 0x00, 0x44, 0xC6, 0x84, 0x24, 0x9B, 0x01, 0x00, 0x00, 0x24,
                0xC6, 0x84, 0x24, 0x9C, 0x01, 0x00, 0x00, 0x18, 0xC6, 0x84, 0x24, 0x9D,
                0x01, 0x00, 0x00, 0x48, 0xC6, 0x84, 0x24, 0x9E, 0x01, 0x00, 0x00, 0x89,
                0xC6, 0x84, 0x24, 0x9F, 0x01, 0x00, 0x00, 0x4C, 0xC6, 0x84, 0x24, 0xA0,
                0x01, 0x00, 0x00, 0x24, 0xC6, 0x84, 0x24, 0xA1, 0x01, 0x00, 0x00, 0x08,
                0xC6, 0x84, 0x24, 0xA2, 0x01, 0x00, 0x00, 0x55, 0xC6, 0x84, 0x24, 0xA3,
                0x01, 0x00, 0x00, 0x53, 0xC6, 0x84, 0x24, 0xA4, 0x01, 0x00, 0x00, 0x56,
                0xC6, 0x84, 0x24, 0xA5, 0x01, 0x00, 0x00, 0x57, 0xC6, 0x84, 0x24, 0xA6,
                0x01, 0x00, 0x00, 0x41, 0xC6, 0x84, 0x24, 0xA7, 0x01, 0x00, 0x00, 0x54,
                0xC6, 0x84, 0x24, 0xA8, 0x01, 0x00, 0x00, 0x41, 0xC6, 0x84, 0x24, 0xA9,
                0x01, 0x00, 0x00, 0x55, 0xC6, 0x84, 0x24, 0xAA, 0x01, 0x00, 0x00, 0x41,
                0xC6, 0x84, 0x24, 0xAB, 0x01, 0x00, 0x00, 0x56, 0xC6, 0x84, 0x24, 0xAC,
                0x01, 0x00, 0x00, 0x41, 0xC6, 0x84, 0x24, 0xAD, 0x01, 0x00, 0x00, 0x57,
                0xC6, 0x84, 0x24, 0xAE, 0x01, 0x00, 0x00, 0x48, 0xC6, 0x84, 0x24, 0xAF,
                0x01, 0x00, 0x00, 0x8D, 0xC6, 0x84, 0x24, 0xB0, 0x01, 0x00, 0x00, 0x6C,
                0xC6, 0x84, 0x24, 0xB1, 0x01, 0x00, 0x00, 0x24, 0xC6, 0x84, 0x24, 0xB2,
                0x01, 0x00, 0x00, 0xE1, 0xC7, 0x84, 0x24, 0xA0, 0x00, 0x00, 0x00, 0x00,
                0x04, 0x00, 0x00, 0x48, 0x83, 0xBC, 0x24, 0xF0, 0x01, 0x00, 0x00, 0x00,
                0x74, 0x0B, 0x48, 0x83, 0xBC, 0x24, 0x00, 0x02, 0x00, 0x00, 0x00, 0x75,
                0x0A, 0xB8, 0x0D, 0x00, 0x00, 0xC0, 0xE9, 0x4F, 0x16, 0x00, 0x00, 0xE8,
                0x34, 0xAE, 0xFF, 0xFF, 0x89, 0x44, 0x24, 0x50, 0x83, 0x7C, 0x24, 0x50,
                0x07, 0x76, 0x1B, 0x48, 0x8B, 0x05, 0xEE, 0x8A, 0x00, 0x00, 0x48, 0x39,
                0x84, 0x24, 0xF0, 0x01, 0x00, 0x00, 0x75, 0x0A, 0xB8, 0x0D, 0x00, 0x00,
                0xC0, 0xE9, 0x24, 0x16, 0x00, 0x00, 0x83, 0x7C, 0x24, 0x50, 0x02, 0x75,
                0x26, 0x48, 0x8D, 0x84, 0x24, 0x60, 0x01, 0x00, 0x00, 0x48, 0x89, 0x44,
                0x24, 0x78, 0x48, 0xC7, 0x84, 0x24, 0x80, 0x00, 0x00, 0x00, 0x14, 0x00,
                0x00, 0x00, 0xC7, 0x44, 0x24, 0x2C, 0x14, 0x00, 0x00, 0x00, 0xE9, 0x83,
                0x00, 0x00, 0x00, 0x83, 0x7C, 0x24, 0x50, 0x03, 0x76, 0x2A, 0x83, 0x7C,
                0x24, 0x50, 0x07, 0x77, 0x23, 0x48, 0x8D, 0x84, 0x24, 0x78, 0x01, 0x00,
                0x00, 0x48, 0x89, 0x44, 0x24, 0x78, 0x48, 0xC7, 0x84, 0x24, 0x80, 0x00,
                0x00, 0x00, 0x19, 0x00, 0x00, 0x00, 0xC7, 0x44, 0x24, 0x2C, 0x19, 0x00,
                0x00, 0x00, 0xEB, 0x52, 0x83, 0x7C, 0x24, 0x50, 0x08, 0x72, 0x2A, 0x83,
                0x7C, 0x24, 0x50, 0x09, 0x77, 0x23, 0x48, 0x8D, 0x84, 0x24, 0x98, 0x01,
                0x00, 0x00, 0x48, 0x89, 0x44, 0x24, 0x78, 0x48, 0xC7, 0x84, 0x24, 0x80,
                0x00, 0x00, 0x00, 0x1B, 0x00, 0x00, 0x00, 0xC7, 0x44, 0x24, 0x2C, 0x1B,
                0x00, 0x00, 0x00, 0xEB, 0x21, 0x48, 0x8D, 0x84, 0x24, 0x50, 0x01, 0x00,
                0x00, 0x48, 0x89, 0x44, 0x24, 0x78, 0x48, 0xC7, 0x84, 0x24, 0x80, 0x00,
                0x00, 0x00, 0x10, 0x00, 0x00, 0x00, 0xC7, 0x44, 0x24, 0x2C, 0x10, 0x00,
                0x00, 0x00, 0x0F, 0xB6, 0x84, 0x24, 0xF8, 0x01, 0x00, 0x00, 0x85, 0xC0,
                0x74, 0x0A, 0xC7, 0x44, 0x24, 0x70, 0x17, 0x00, 0x00, 0x00, 0xEB, 0x08,
                0xC7, 0x44, 0x24, 0x70, 0x00, 0x00, 0x00, 0x00, 0x8B, 0x44, 0x24, 0x2C,
                0x8B, 0x4C, 0x24, 0x70, 0x8D, 0x44, 0x08, 0x79, 0x8B, 0xC0, 0x48, 0x89,
                0x84, 0x24, 0x20, 0x01, 0x00, 0x00, 0x48, 0x83, 0x3D, 0x46, 0x8A, 0x00,
                0x00, 0x00, 0x74, 0x66, 0xE8, 0xAF, 0x39, 0x00, 0x00, 0x4C, 0x8B, 0x8C,
                0x24, 0x08, 0x02, 0x00, 0x00, 0x4C, 0x8B, 0x84, 0x24, 0x00, 0x02, 0x00,
                0x00, 0x8A, 0x94, 0x24, 0xF8, 0x01, 0x00, 0x00, 0x48, 0x8B, 0x0D, 0xC9,
                0x89, 0x00, 0x00, 0xE8, 0xA8, 0xFB, 0xFF, 0xFF, 0x89, 0x44, 0x24, 0x54,
                0x81, 0x7C, 0x24, 0x54, 0x0D, 0x00, 0x00, 0xC0, 0x75, 0x27, 0x4C, 0x8B,
                0x8C, 0x24, 0x08, 0x02, 0x00, 0x00, 0x4C, 0x8B, 0x84, 0x24, 0x00, 0x02,
                0x00, 0x00, 0x8A, 0x94, 0x24, 0xF8, 0x01, 0x00, 0x00, 0x48, 0x8B, 0x0D,
                0xA0, 0x89, 0x00, 0x00, 0xE8, 0x77, 0xFB, 0xFF, 0xFF, 0x89, 0x44, 0x24,
                0x54, 0x8B, 0x44, 0x24, 0x54, 0xE9, 0xD0, 0x14, 0x00, 0x00, 0x4C, 0x8B,
                0x84, 0x24, 0x80, 0x00, 0x00, 0x00, 0x48, 0x8B, 0x54, 0x24, 0x78, 0x48,
                0x8B, 0x8C, 0x24, 0xF0, 0x01, 0x00, 0x00, 0xFF, 0x15, 0xDB, 0x78, 0x00,
                0x00, 0x48, 0x3B, 0x84, 0x24, 0x80, 0x00, 0x00, 0x00, 0x74, 0x0A, 0xB8,
                0xBB, 0x00, 0x00, 0xC0, 0xE9, 0xA1, 0x14, 0x00, 0x00, 0xC7, 0x44, 0x24,
                0x40, 0x01, 0x00, 0x00, 0x00, 0xC7, 0x44, 0x24, 0x28, 0x00, 0x00, 0x00,
                0x00, 0xEB, 0x0A, 0x8B, 0x44, 0x24, 0x28, 0xFF, 0xC0, 0x89, 0x44, 0x24,
                0x28, 0x48, 0x83, 0xBC, 0x24, 0x08, 0x02, 0x00, 0x00, 0x00, 0x74, 0x36,
                0x8B, 0x44, 0x24, 0x28, 0x48, 0x8B, 0x8C, 0x24, 0x08, 0x02, 0x00, 0x00,
                0x48, 0x83, 0x3C, 0xC1, 0x00, 0x74, 0x23, 0x8B, 0x84, 0x24, 0xA0, 0x00,
                0x00, 0x00, 0x39, 0x44, 0x24, 0x40, 0x75, 0x0A, 0xB8, 0x05, 0x00, 0x00,
                0x80, 0xE9, 0x50, 0x14, 0x00, 0x00, 0x8B, 0x44, 0x24, 0x40, 0xFF, 0xC0,
                0x89, 0x44, 0x24, 0x40, 0xEB, 0xB5, 0x48, 0xC7, 0x84, 0x24, 0xA8, 0x00,
                0x00, 0x00, 0x00, 0x00, 0x00, 0x00, 0xC7, 0x44, 0x24, 0x28, 0x00, 0x00,
                0x00, 0x00, 0xEB, 0x0A, 0x8B, 0x44, 0x24, 0x28, 0xFF, 0xC0, 0x89, 0x44,
                0x24, 0x28, 0x8B, 0x44, 0x24, 0x40, 0x39, 0x44, 0x24, 0x28, 0x0F, 0x83,
                0xC6, 0x00, 0x00, 0x00, 0x83, 0x7C, 0x24, 0x28, 0x00, 0x75, 0x12, 0x48,
                0x8B, 0x84, 0x24, 0x00, 0x02, 0x00, 0x00, 0x48, 0x89, 0x84, 0x24, 0xF0,
                0x00, 0x00, 0x00, 0xEB, 0x1C, 0x8B, 0x44, 0x24, 0x28, 0xFF, 0xC8, 0x8B,
                0xC0, 0x48, 0x8B, 0x8C, 0x24, 0x08, 0x02, 0x00, 0x00, 0x48, 0x8B, 0x04,
                0xC1, 0x48, 0x89, 0x84, 0x24, 0xF0, 0x00, 0x00, 0x00, 0x48, 0x8B, 0x84,
                0x24, 0xF0, 0x00, 0x00, 0x00, 0x48, 0x89, 0x84, 0x24, 0x88, 0x00, 0x00,
                0x00, 0x48, 0x83, 0xBC, 0x24, 0x88, 0x00, 0x00, 0x00, 0x00, 0x75, 0x0A,
                0xB8, 0x0D, 0x00, 0x00, 0xC0, 0xE9, 0xBC, 0x13, 0x00, 0x00, 0x48, 0xC7,
                0x44, 0x24, 0x58, 0x00, 0x00, 0x00, 0x00, 0x48, 0x81, 0x7C, 0x24, 0x58,
                0xFF, 0x7F, 0x00, 0x00, 0x77, 0x24, 0x48, 0x8B, 0x84, 0x24, 0x88, 0x00,
                0x00, 0x00, 0x48, 0x8B, 0x4C, 0x24, 0x58, 0x0F, 0xB7, 0x04, 0x48, 0x85,
                0xC0, 0x74, 0x0F, 0x48, 0x8B, 0x44, 0x24, 0x58, 0x48, 0xFF, 0xC0, 0x48,
                0x89, 0x44, 0x24, 0x58, 0xEB, 0xD1, 0x48, 0x81, 0x7C, 0x24, 0x58, 0xFF,
                0x7F, 0x00, 0x00, 0x76, 0x0A, 0xB8, 0x06, 0x01, 0x00, 0xC0, 0xE9, 0x6F,
                0x13, 0x00, 0x00, 0x48, 0x8B, 0x84, 0x24, 0xA8, 0x00, 0x00, 0x00, 0x48,
                0x8B, 0x4C, 0x24, 0x58, 0x48, 0x8D, 0x44, 0x48, 0x02, 0x48, 0x89, 0x84,
                0x24, 0xA8, 0x00, 0x00, 0x00, 0xE9, 0x22, 0xFF, 0xFF, 0xFF, 0x48, 0x8B,
                0x84, 0x24, 0x20, 0x01, 0x00, 0x00, 0x48, 0x83, 0xC0, 0x07, 0x48, 0x83,
                0xE0, 0xF8, 0x48, 0x89, 0x84, 0x24, 0x00, 0x01, 0x00, 0x00, 0x48, 0x8B,
                0x84, 0x24, 0x00, 0x01, 0x00, 0x00, 0x48, 0x83, 0xC0, 0x0F, 0x48, 0x83,
                0xE0, 0xF8, 0x48, 0x89, 0x84, 0x24, 0xB0, 0x00, 0x00, 0x00, 0x8B, 0x44,
                0x24, 0x40, 0x48, 0x6B, 0xC0, 0x10, 0x48, 0x8B, 0x8C, 0x24, 0xB0, 0x00,
                0x00, 0x00, 0x48, 0x03, 0xC8, 0x48, 0x8B, 0xC1, 0x48, 0x03, 0x84, 0x24,
                0xA8, 0x00, 0x00, 0x00, 0x48, 0x89, 0x84, 0x24, 0xF8, 0x00, 0x00, 0x00,
                0x48, 0x8B, 0x94, 0x24, 0xF8, 0x00, 0x00, 0x00, 0x33, 0xC9, 0xFF, 0x15,
                0xD8, 0x76, 0x00, 0x00, 0x48, 0x89, 0x44, 0x24, 0x48, 0x48, 0x83, 0x7C,
                0x24, 0x48, 0x00, 0x75, 0x0A, 0xB8, 0x9A, 0x00, 0x00, 0xC0, 0xE9, 0xD3,
                0x12, 0x00, 0x00, 0x8B, 0x44, 0x24, 0x2C, 0x41, 0xB8, 0x42, 0x6E, 0x67,
                0x4F, 0x8B, 0xD0, 0x33, 0xC9, 0xFF, 0x15, 0xB5, 0x76, 0x00, 0x00, 0x48,
                0x89, 0x44, 0x24, 0x68, 0x48, 0x83, 0x7C, 0x24, 0x68, 0x00, 0x75, 0x17,
                0x33, 0xD2, 0x48, 0x8B, 0x4C, 0x24, 0x48, 0xFF, 0x15, 0xA3, 0x76, 0x00,
                0x00, 0xB8, 0x9A, 0x00, 0x00, 0xC0, 0xE9, 0x9B, 0x12, 0x00, 0x00, 0x8B,
                0x44, 0x24, 0x2C, 0x44, 0x8B, 0xC0, 0x48, 0x8B, 0x54, 0x24, 0x68, 0x48,
                0x8B, 0x8C, 0x24, 0xF0, 0x01, 0x00, 0x00, 0xE8, 0xFC, 0x31, 0x00, 0x00,
                0x4C, 0x8B, 0x84, 0x24, 0xF8, 0x00, 0x00, 0x00, 0x33, 0xD2, 0x48, 0x8B,
                0x4C, 0x24, 0x48, 0xE8, 0xFC, 0x6A, 0x00, 0x00, 0x48, 0x8B, 0x84, 0x24,
                0x00, 0x01, 0x00, 0x00, 0x48, 0x8B, 0x4C, 0x24, 0x48, 0x48, 0x03, 0xC8,
                0x48, 0x8B, 0xC1, 0x48, 0x89, 0x84, 0x24, 0x10, 0x01, 0x00, 0x00, 0x48,
                0x8B, 0x84, 0x24, 0xB0, 0x00, 0x00, 0x00, 0x48, 0x8B, 0x4C, 0x24, 0x48,
                0x48, 0x03, 0xC8, 0x48, 0x8B, 0xC1, 0x48, 0x89, 0x84, 0x24, 0x90, 0x00,
                0x00, 0x00, 0x48, 0x8B, 0x84, 0x24, 0xB0, 0x00, 0x00, 0x00, 0x48, 0x8B,
                0x4C, 0x24, 0x48, 0x48, 0x03, 0xC8, 0x48, 0x8B, 0xC1, 0x8B, 0x4C, 0x24,
                0x40, 0x48, 0x6B, 0xC9, 0x10, 0x48, 0x03, 0xC1, 0x48, 0x89, 0x84, 0x24,
                0x98, 0x00, 0x00, 0x00, 0xC7, 0x44, 0x24, 0x28, 0x00, 0x00, 0x00, 0x00,
                0xEB, 0x0A, 0x8B, 0x44, 0x24, 0x28, 0xFF, 0xC0, 0x89, 0x44, 0x24, 0x28,
                0x8B, 0x44, 0x24, 0x40, 0x39, 0x44, 0x24, 0x28, 0x0F, 0x83, 0x64, 0x01,
                0x00, 0x00, 0x83, 0x7C, 0x24, 0x28, 0x00, 0x75, 0x12, 0x48, 0x8B, 0x84,
                0x24, 0x00, 0x02, 0x00, 0x00, 0x48, 0x89, 0x84, 0x24, 0x08, 0x01, 0x00,
                0x00, 0xEB, 0x1C, 0x8B, 0x44, 0x24, 0x28, 0xFF, 0xC8, 0x8B, 0xC0, 0x48,
                0x8B, 0x8C, 0x24, 0x08, 0x02, 0x00, 0x00, 0x48, 0x8B, 0x04, 0xC1, 0x48,
                0x89, 0x84, 0x24, 0x08, 0x01, 0x00, 0x00, 0x48, 0x8B, 0x84, 0x24, 0x08,
                0x01, 0x00, 0x00, 0x48, 0x89, 0x84, 0x24, 0x88, 0x00, 0x00, 0x00, 0x48,
                0xC7, 0x44, 0x24, 0x60, 0x00, 0x00, 0x00, 0x00, 0x48, 0x81, 0x7C, 0x24,
                0x60, 0xFF, 0x7F, 0x00, 0x00, 0x77, 0x24, 0x48, 0x8B, 0x84, 0x24, 0x88,
                0x00, 0x00, 0x00, 0x48, 0x8B, 0x4C, 0x24, 0x60, 0x0F, 0xB7, 0x04, 0x48,
                0x85, 0xC0, 0x74, 0x0F, 0x48, 0x8B, 0x44, 0x24, 0x60, 0x48, 0xFF, 0xC0,
                0x48, 0x89, 0x44, 0x24, 0x60, 0xEB, 0xD1, 0x48, 0x81, 0x7C, 0x24, 0x60,
                0xFF, 0x7F, 0x00, 0x00, 0x76, 0x27, 0xBA, 0x42, 0x6E, 0x67, 0x4F, 0x48,
                0x8B, 0x4C, 0x24, 0x68, 0xFF, 0x15, 0x56, 0x75, 0x00, 0x00, 0x33, 0xD2,
                0x48, 0x8B, 0x4C, 0x24, 0x48, 0xFF, 0x15, 0x49, 0x75, 0x00, 0x00, 0xB8,
                0x06, 0x01, 0x00, 0xC0, 0xE9, 0x41, 0x11, 0x00, 0x00, 0x48, 0x8B, 0x44,
                0x24, 0x60, 0x48, 0xD1, 0xE0, 0x66, 0x89, 0x44, 0x24, 0x30, 0x8B, 0x44,
                0x24, 0x28, 0x48, 0x6B, 0xC0, 0x10, 0x48, 0x8B, 0x8C, 0x24, 0x90, 0x00,
                0x00, 0x00, 0x0F, 0xB7, 0x54, 0x24, 0x30, 0x66, 0x89, 0x14, 0x01, 0x8B,
                0x44, 0x24, 0x28, 0x48, 0x6B, 0xC0, 0x10, 0x48, 0x8B, 0x8C, 0x24, 0x90,
                0x00, 0x00, 0x00, 0x0F, 0xB7, 0x54, 0x24, 0x30, 0x66, 0x89, 0x54, 0x01,
                0x02, 0x8B, 0x44, 0x24, 0x28, 0x48, 0x6B, 0xC0, 0x10, 0x48, 0x8B, 0x8C,
                0x24, 0x90, 0x00, 0x00, 0x00, 0xC7, 0x44, 0x01, 0x04, 0x00, 0x00, 0x00,
                0x00, 0x8B, 0x44, 0x24, 0x28, 0x48, 0x6B, 0xC0, 0x10, 0x48, 0x8B, 0x8C,
                0x24, 0x90, 0x00, 0x00, 0x00, 0x48, 0x8B, 0x94, 0x24, 0x98, 0x00, 0x00,
                0x00, 0x48, 0x89, 0x54, 0x01, 0x08, 0x0F, 0xB7, 0x44, 0x24, 0x30, 0x48,
                0x83, 0xC0, 0x02, 0x4C, 0x8B, 0xC0, 0x48, 0x8B, 0x94, 0x24, 0x88, 0x00,
                0x00, 0x00, 0x48, 0x8B, 0x8C, 0x24, 0x98, 0x00, 0x00, 0x00, 0xE8, 0x79,
                0x66, 0x00, 0x00, 0x0F, 0xB7, 0x44, 0x24, 0x30, 0x48, 0x8B, 0x8C, 0x24,
                0x98, 0x00, 0x00, 0x00, 0x48, 0x8D, 0x44, 0x01, 0x02, 0x48, 0x89, 0x84,
                0x24, 0x98, 0x00, 0x00, 0x00, 0xE9, 0x84, 0xFE, 0xFF, 0xFF, 0x48, 0xC7,
                0x84, 0x24, 0xB8, 0x00, 0x00, 0x00, 0x00, 0x00, 0x00, 0x00, 0x48, 0xC7,
                0x84, 0x24, 0xC0, 0x00, 0x00, 0x00, 0x00, 0x00, 0x00, 0x00, 0x48, 0xC7,
                0x84, 0x24, 0xD0, 0x00, 0x00, 0x00, 0x00, 0x00, 0x00, 0x00, 0x48, 0xC7,
                0x84, 0x24, 0xE0, 0x00, 0x00, 0x00, 0x00, 0x00, 0x00, 0x00, 0x48, 0xC7,
                0x84, 0x24, 0xE8, 0x00, 0x00, 0x00, 0x00, 0x00, 0x00, 0x00, 0x48, 0xC7,
                0x84, 0x24, 0x18, 0x01, 0x00, 0x00, 0x00, 0x00, 0x00, 0x00, 0x48, 0xC7,
                0x84, 0x24, 0xC8, 0x00, 0x00, 0x00, 0x00, 0x00, 0x00, 0x00, 0x48, 0xC7,
                0x84, 0x24, 0xD8, 0x00, 0x00, 0x00, 0x00, 0x00, 0x00, 0x00, 0x48, 0x8B,
                0x44, 0x24, 0x48, 0x48, 0x89, 0x44, 0x24, 0x20, 0x48, 0x8B, 0x44, 0x24,
                0x20, 0xC6, 0x00, 0x52, 0x48, 0x8B, 0x44, 0x24, 0x20, 0x48, 0xFF, 0xC0,
                0x48, 0x89, 0x44, 0x24, 0x20, 0x33, 0xC0, 0x85, 0xC0, 0x75, 0xE5, 0x48,
                0x8B, 0x44, 0x24, 0x20, 0xC6, 0x00, 0x48, 0x48, 0x8B, 0x44, 0x24, 0x20,
                0x48, 0xFF, 0xC0, 0x48, 0x89, 0x44, 0x24, 0x20, 0x33, 0xC0, 0x85, 0xC0,
                0x75, 0xE5, 0x48, 0x8B, 0x44, 0x24, 0x20, 0xC6, 0x00, 0x85, 0x48, 0x8B,
                0x44, 0x24, 0x20, 0x48, 0xFF, 0xC0, 0x48, 0x89, 0x44, 0x24, 0x20, 0x33,
                0xC0, 0x85, 0xC0, 0x75, 0xE5, 0x48, 0x8B, 0x44, 0x24, 0x20, 0xC6, 0x00,
                0xC9, 0x48, 0x8B, 0x44, 0x24, 0x20, 0x48, 0xFF, 0xC0, 0x48, 0x89, 0x44,
                0x24, 0x20, 0x33, 0xC0, 0x85, 0xC0, 0x75, 0xE5, 0x48, 0x8B, 0x44, 0x24,
                0x20, 0xC6, 0x00, 0x74, 0x48, 0x8B, 0x44, 0x24, 0x20, 0x48, 0xFF, 0xC0,
                0x48, 0x89, 0x44, 0x24, 0x20, 0x33, 0xC0, 0x85, 0xC0, 0x75, 0xE5, 0x48,
                0x8B, 0x44, 0x24, 0x20, 0x48, 0x89, 0x84, 0x24, 0xB8, 0x00, 0x00, 0x00,
                0x48, 0x8B, 0x44, 0x24, 0x20, 0xC6, 0x00, 0x00, 0x48, 0x8B, 0x44, 0x24,
                0x20, 0x48, 0xFF, 0xC0, 0x48, 0x89, 0x44, 0x24, 0x20, 0x33, 0xC0, 0x85,
                0xC0, 0x75, 0xE5, 0x48, 0x8B, 0x44, 0x24, 0x20, 0xC6, 0x00, 0x0F, 0x48,
                0x8B, 0x44, 0x24, 0x20, 0x48, 0xFF, 0xC0, 0x48, 0x89, 0x44, 0x24, 0x20,
                0x33, 0xC0, 0x85, 0xC0, 0x75, 0xE5, 0x48, 0x8B, 0x44, 0x24, 0x20, 0xC6,
                0x00, 0xB7, 0x48, 0x8B, 0x44, 0x24, 0x20, 0x48, 0xFF, 0xC0, 0x48, 0x89,
                0x44, 0x24, 0x20, 0x33, 0xC0, 0x85, 0xC0, 0x75, 0xE5, 0x48, 0x8B, 0x44,
                0x24, 0x20, 0xC6, 0x00, 0x11, 0x48, 0x8B, 0x44, 0x24, 0x20, 0x48, 0xFF,
                0xC0, 0x48, 0x89, 0x44, 0x24, 0x20, 0x33, 0xC0, 0x85, 0xC0, 0x75, 0xE5,
                0x48, 0x8B, 0x44, 0x24, 0x20, 0xC6, 0x00, 0xD1, 0x48, 0x8B, 0x44, 0x24,
                0x20, 0x48, 0xFF, 0xC0, 0x48, 0x89, 0x44, 0x24, 0x20, 0x33, 0xC0, 0x85,
                0xC0, 0x75, 0xE5, 0x48, 0x8B, 0x44, 0x24, 0x20, 0xC6, 0x00, 0xEA, 0x48,
                0x8B, 0x44, 0x24, 0x20, 0x48, 0xFF, 0xC0, 0x48, 0x89, 0x44, 0x24, 0x20,
                0x33, 0xC0, 0x85, 0xC0, 0x75, 0xE5, 0x48, 0x8B, 0x44, 0x24, 0x20, 0xC6,
                0x00, 0x74, 0x48, 0x8B, 0x44, 0x24, 0x20, 0x48, 0xFF, 0xC0, 0x48, 0x89,
                0x44, 0x24, 0x20, 0x33, 0xC0, 0x85, 0xC0, 0x75, 0xE5, 0x48, 0x8B, 0x44,
                0x24, 0x20, 0x48, 0x89, 0x84, 0x24, 0xC0, 0x00, 0x00, 0x00, 0x48, 0x8B,
                0x44, 0x24, 0x20, 0xC6, 0x00, 0x00, 0x48, 0x8B, 0x44, 0x24, 0x20, 0x48,
                0xFF, 0xC0, 0x48, 0x89, 0x44, 0x24, 0x20, 0x33, 0xC0, 0x85, 0xC0, 0x75,
                0xE5, 0x0F, 0xB6, 0x84, 0x24, 0xF8, 0x01, 0x00, 0x00, 0x85, 0xC0, 0x0F,
                0x84, 0xA1, 0x02, 0x00, 0x00, 0x48, 0x8B, 0x44, 0x24, 0x20, 0xC6, 0x00,
                0x48, 0x48, 0x8B, 0x44, 0x24, 0x20, 0x48, 0xFF, 0xC0, 0x48, 0x89, 0x44,
                0x24, 0x20, 0x33, 0xC0, 0x85, 0xC0, 0x75, 0xE5, 0x48, 0x8B, 0x44, 0x24,
                0x20, 0xC6, 0x00, 0x8B, 0x48, 0x8B, 0x44, 0x24, 0x20, 0x48, 0xFF, 0xC0,
                0x48, 0x89, 0x44, 0x24, 0x20, 0x33, 0xC0, 0x85, 0xC0, 0x75, 0xE5, 0x48,
                0x8B, 0x44, 0x24, 0x20, 0xC6, 0x00, 0x41, 0x48, 0x8B, 0x44, 0x24, 0x20,
                0x48, 0xFF, 0xC0, 0x48, 0x89, 0x44, 0x24, 0x20, 0x33, 0xC0, 0x85, 0xC0,
                0x75, 0xE5, 0x48, 0x8B, 0x44, 0x24, 0x20, 0xC6, 0x00, 0x08, 0x48, 0x8B,
                0x44, 0x24, 0x20, 0x48, 0xFF, 0xC0, 0x48, 0x89, 0x44, 0x24, 0x20, 0x33,
                0xC0, 0x85, 0xC0, 0x75, 0xE5, 0x48, 0x8B, 0x44, 0x24, 0x20, 0xC6, 0x00,
                0x48, 0x48, 0x8B, 0x44, 0x24, 0x20, 0x48, 0xFF, 0xC0, 0x48, 0x89, 0x44,
                0x24, 0x20, 0x33, 0xC0, 0x85, 0xC0, 0x75, 0xE5, 0x48, 0x8B, 0x44, 0x24,
                0x20, 0xC6, 0x00, 0x85, 0x48, 0x8B, 0x44, 0x24, 0x20, 0x48, 0xFF, 0xC0,
                0x48, 0x89, 0x44, 0x24, 0x20, 0x33, 0xC0, 0x85, 0xC0, 0x75, 0xE5, 0x48,
                0x8B, 0x44, 0x24, 0x20, 0xC6, 0x00, 0xC0, 0x48, 0x8B, 0x44, 0x24, 0x20,
                0x48, 0xFF, 0xC0, 0x48, 0x89, 0x44, 0x24, 0x20, 0x33, 0xC0, 0x85, 0xC0,
                0x75, 0xE5, 0x48, 0x8B, 0x44, 0x24, 0x20, 0xC6, 0x00, 0x74, 0x48, 0x8B,
                0x44, 0x24, 0x20, 0x48, 0xFF, 0xC0, 0x48, 0x89, 0x44, 0x24, 0x20, 0x33,
                0xC0, 0x85, 0xC0, 0x75, 0xE5, 0x48, 0x8B, 0x44, 0x24, 0x20, 0x48, 0x89,
                0x84, 0x24, 0xD0, 0x00, 0x00, 0x00, 0x48, 0x8B, 0x44, 0x24, 0x20, 0xC6,
                0x00, 0x00, 0x48, 0x8B, 0x44, 0x24, 0x20, 0x48, 0xFF, 0xC0, 0x48, 0x89,
                0x44, 0x24, 0x20, 0x33, 0xC0, 0x85, 0xC0, 0x75, 0xE5, 0x48, 0x8B, 0x44,
                0x24, 0x20, 0x48, 0x89, 0x84, 0x24, 0x18, 0x01, 0x00, 0x00, 0x48, 0x8B,
                0x44, 0x24, 0x20, 0xC6, 0x00, 0x66, 0x48, 0x8B, 0x44, 0x24, 0x20, 0x48,
                0xFF, 0xC0, 0x48, 0x89, 0x44, 0x24, 0x20, 0x33, 0xC0, 0x85, 0xC0, 0x75,
                0xE5, 0x48, 0x8B, 0x44, 0x24, 0x20, 0xC6, 0x00, 0x83, 0x48, 0x8B, 0x44,
                0x24, 0x20, 0x48, 0xFF, 0xC0, 0x48, 0x89, 0x44, 0x24, 0x20, 0x33, 0xC0,
                0x85, 0xC0, 0x75, 0xE5, 0x48, 0x8B, 0x44, 0x24, 0x20, 0xC6, 0x00, 0x38,
                0x48, 0x8B, 0x44, 0x24, 0x20, 0x48, 0xFF, 0xC0, 0x48, 0x89, 0x44, 0x24,
                0x20, 0x33, 0xC0, 0x85, 0xC0, 0x75, 0xE5, 0x48, 0x8B, 0x44, 0x24, 0x20,
                0xC6, 0x00, 0x25, 0x48, 0x8B, 0x44, 0x24, 0x20, 0x48, 0xFF, 0xC0, 0x48,
                0x89, 0x44, 0x24, 0x20, 0x33, 0xC0, 0x85, 0xC0, 0x75, 0xE5, 0x48, 0x8B,
                0x44, 0x24, 0x20, 0xC6, 0x00, 0x74, 0x48, 0x8B, 0x44, 0x24, 0x20, 0x48,
                0xFF, 0xC0, 0x48, 0x89, 0x44, 0x24, 0x20, 0x33, 0xC0, 0x85, 0xC0, 0x75,
                0xE5, 0x48, 0x8B, 0x44, 0x24, 0x20, 0x48, 0x89, 0x84, 0x24, 0xE0, 0x00,
                0x00, 0x00, 0x48, 0x8B, 0x44, 0x24, 0x20, 0xC6, 0x00, 0x00, 0x48, 0x8B,
                0x44, 0x24, 0x20, 0x48, 0xFF, 0xC0, 0x48, 0x89, 0x44, 0x24, 0x20, 0x33,
                0xC0, 0x85, 0xC0, 0x75, 0xE5, 0x48, 0x8B, 0x44, 0x24, 0x20, 0xC6, 0x00,
                0x48, 0x48, 0x8B, 0x44, 0x24, 0x20, 0x48, 0xFF, 0xC0, 0x48, 0x89, 0x44,
                0x24, 0x20, 0x33, 0xC0, 0x85, 0xC0, 0x75, 0xE5, 0x48, 0x8B, 0x44, 0x24,
                0x20, 0xC6, 0x00, 0x83, 0x48, 0x8B, 0x44, 0x24, 0x20, 0x48, 0xFF, 0xC0,
                0x48, 0x89, 0x44, 0x24, 0x20, 0x33, 0xC0, 0x85, 0xC0, 0x75, 0xE5, 0x48,
                0x8B, 0x44, 0x24, 0x20, 0xC6, 0x00, 0xC0, 0x48, 0x8B, 0x44, 0x24, 0x20,
                0x48, 0xFF, 0xC0, 0x48, 0x89, 0x44, 0x24, 0x20, 0x33, 0xC0, 0x85, 0xC0,
                0x75, 0xE5, 0x48, 0x8B, 0x44, 0x24, 0x20, 0xC6, 0x00, 0x02, 0x48, 0x8B,
                0x44, 0x24, 0x20, 0x48, 0xFF, 0xC0, 0x48, 0x89, 0x44, 0x24, 0x20, 0x33,
                0xC0, 0x85, 0xC0, 0x75, 0xE5, 0x48, 0x8B, 0x44, 0x24, 0x20, 0xC6, 0x00,
                0xFF, 0x48, 0x8B, 0x44, 0x24, 0x20, 0x48, 0xFF, 0xC0, 0x48, 0x89, 0x44,
                0x24, 0x20, 0x33, 0xC0, 0x85, 0xC0, 0x75, 0xE5, 0x48, 0x8B, 0x44, 0x24,
                0x20, 0xC6, 0x00, 0xCA, 0x48, 0x8B, 0x44, 0x24, 0x20, 0x48, 0xFF, 0xC0,
                0x48, 0x89, 0x44, 0x24, 0x20, 0x33, 0xC0, 0x85, 0xC0, 0x75, 0xE5, 0x48,
                0x8B, 0x44, 0x24, 0x20, 0xC6, 0x00, 0x75, 0x48, 0x8B, 0x44, 0x24, 0x20,
                0x48, 0xFF, 0xC0, 0x48, 0x89, 0x44, 0x24, 0x20, 0x33, 0xC0, 0x85, 0xC0,
                0x75, 0xE5, 0x48, 0x8B, 0x44, 0x24, 0x20, 0x48, 0x89, 0x84, 0x24, 0xE8,
                0x00, 0x00, 0x00, 0x48, 0x8B, 0x44, 0x24, 0x20, 0xC6, 0x00, 0x00, 0x48,
                0x8B, 0x44, 0x24, 0x20, 0x48, 0xFF, 0xC0, 0x48, 0x89, 0x44, 0x24, 0x20,
                0x33, 0xC0, 0x85, 0xC0, 0x75, 0xE5, 0x48, 0x8B, 0x44, 0x24, 0x20, 0x48,
                0x89, 0x84, 0x24, 0xC8, 0x00, 0x00, 0x00, 0x48, 0x8B, 0x44, 0x24, 0x20,
                0xC6, 0x00, 0x49, 0x48, 0x8B, 0x44, 0x24, 0x20, 0x48, 0xFF, 0xC0, 0x48,
                0x89, 0x44, 0x24, 0x20, 0x33, 0xC0, 0x85, 0xC0, 0x75, 0xE5, 0x48, 0x8B,
                0x44, 0x24, 0x20, 0xC6, 0x00, 0xBB, 0x48, 0x8B, 0x44, 0x24, 0x20, 0x48,
                0xFF, 0xC0, 0x48, 0x89, 0x44, 0x24, 0x20, 0x33, 0xC0, 0x85, 0xC0, 0x75,
                0xE5, 0x48, 0x8B, 0x84, 0x24, 0x10, 0x01, 0x00, 0x00, 0x48, 0x89, 0x84,
                0x24, 0x28, 0x01, 0x00, 0x00, 0x41, 0xB8, 0x08, 0x00, 0x00, 0x00, 0x48,
                0x8D, 0x94, 0x24, 0x28, 0x01, 0x00, 0x00, 0x48, 0x8B, 0x4C, 0x24, 0x20,
                0xE8, 0x5B, 0x61, 0x00, 0x00, 0x48, 0x8B, 0x44, 0x24, 0x20, 0x48, 0x83,
                0xC0, 0x08, 0x48, 0x89, 0x44, 0x24, 0x20, 0x33, 0xC0, 0x85, 0xC0, 0x75,
                0xC4, 0x48, 0x8B, 0x44, 0x24, 0x20, 0xC6, 0x00, 0xF0, 0x48, 0x8B, 0x44,
                0x24, 0x20, 0x48, 0xFF, 0xC0, 0x48, 0x89, 0x44, 0x24, 0x20, 0x33, 0xC0,
                0x85, 0xC0, 0x75, 0xE5, 0x48, 0x8B, 0x44, 0x24, 0x20, 0xC6, 0x00, 0x49,
                0x48, 0x8B, 0x44, 0x24, 0x20, 0x48, 0xFF, 0xC0, 0x48, 0x89, 0x44, 0x24,
                0x20, 0x33, 0xC0, 0x85, 0xC0, 0x75, 0xE5, 0x48, 0x8B, 0x44, 0x24, 0x20,
                0xC6, 0x00, 0x0F, 0x48, 0x8B, 0x44, 0x24, 0x20, 0x48, 0xFF, 0xC0, 0x48,
                0x89, 0x44, 0x24, 0x20, 0x33, 0xC0, 0x85, 0xC0, 0x75, 0xE5, 0x48, 0x8B,
                0x44, 0x24, 0x20, 0xC6, 0x00, 0xBA, 0x48, 0x8B, 0x44, 0x24, 0x20, 0x48,
                0xFF, 0xC0, 0x48, 0x89, 0x44, 0x24, 0x20, 0x33, 0xC0, 0x85, 0xC0, 0x75,
                0xE5, 0x48, 0x8B, 0x44, 0x24, 0x20, 0xC6, 0x00, 0x2B, 0x48, 0x8B, 0x44,
                0x24, 0x20, 0x48, 0xFF, 0xC0, 0x48, 0x89, 0x44, 0x24, 0x20, 0x33, 0xC0,
                0x85, 0xC0, 0x75, 0xE5, 0x48, 0x8B, 0x44, 0x24, 0x20, 0xC6, 0x00, 0x3F,
                0x48, 0x8B, 0x44, 0x24, 0x20, 0x48, 0xFF, 0xC0, 0x48, 0x89, 0x44, 0x24,
                0x20, 0x33, 0xC0, 0x85, 0xC0, 0x75, 0xE5, 0x48, 0x8B, 0x44, 0x24, 0x20,
                0xC6, 0x00, 0x73, 0x48, 0x8B, 0x44, 0x24, 0x20, 0x48, 0xFF, 0xC0, 0x48,
                0x89, 0x44, 0x24, 0x20, 0x33, 0xC0, 0x85, 0xC0, 0x75, 0xE5, 0x48, 0x8B,
                0x44, 0x24, 0x20, 0xC6, 0x00, 0x04, 0x48, 0x8B, 0x44, 0x24, 0x20, 0x48,
                0xFF, 0xC0, 0x48, 0x89, 0x44, 0x24, 0x20, 0x33, 0xC0, 0x85, 0xC0, 0x75,
                0xE5, 0x48, 0x8B, 0x44, 0x24, 0x20, 0xC6, 0x00, 0xF3, 0x48, 0x8B, 0x44,
                0x24, 0x20, 0x48, 0xFF, 0xC0, 0x48, 0x89, 0x44, 0x24, 0x20, 0x33, 0xC0,
                0x85, 0xC0, 0x75, 0xE5, 0x48, 0x8B, 0x44, 0x24, 0x20, 0xC6, 0x00, 0x90,
                0x48, 0x8B, 0x44, 0x24, 0x20, 0x48, 0xFF, 0xC0, 0x48, 0x89, 0x44, 0x24,
                0x20, 0x33, 0xC0, 0x85, 0xC0, 0x75, 0xE5, 0x48, 0x8B, 0x44, 0x24, 0x20,
                0xC6, 0x00, 0xEB, 0x48, 0x8B, 0x44, 0x24, 0x20, 0x48, 0xFF, 0xC0, 0x48,
                0x89, 0x44, 0x24, 0x20, 0x33, 0xC0, 0x85, 0xC0, 0x75, 0xE5, 0x48, 0x8B,
                0x44, 0x24, 0x20, 0xC6, 0x00, 0xF4, 0x48, 0x8B, 0x44, 0x24, 0x20, 0x48,
                0xFF, 0xC0, 0x48, 0x89, 0x44, 0x24, 0x20, 0x33, 0xC0, 0x85, 0xC0, 0x75,
                0xE5, 0x48, 0x8B, 0x44, 0x24, 0x20, 0xC6, 0x00, 0x4D, 0x48, 0x8B, 0x44,
                0x24, 0x20, 0x48, 0xFF, 0xC0, 0x48, 0x89, 0x44, 0x24, 0x20, 0x33, 0xC0,
                0x85, 0xC0, 0x75, 0xE5, 0x48, 0x8B, 0x44, 0x24, 0x20, 0xC6, 0x00, 0x8B,
                0x48, 0x8B, 0x44, 0x24, 0x20, 0x48, 0xFF, 0xC0, 0x48, 0x89, 0x44, 0x24,
                0x20, 0x33, 0xC0, 0x85, 0xC0, 0x75, 0xE5, 0x48, 0x8B, 0x44, 0x24, 0x20,
                0xC6, 0x00, 0x13, 0x48, 0x8B, 0x44, 0x24, 0x20, 0x48, 0xFF, 0xC0, 0x48,
                0x89, 0x44, 0x24, 0x20, 0x33, 0xC0, 0x85, 0xC0, 0x75, 0xE5, 0x48, 0x8B,
                0x44, 0x24, 0x20, 0xC6, 0x00, 0x49, 0x48, 0x8B, 0x44, 0x24, 0x20, 0x48,
                0xFF, 0xC0, 0x48, 0x89, 0x44, 0x24, 0x20, 0x33, 0xC0, 0x85, 0xC0, 0x75,
                0xE5, 0x48, 0x8B, 0x44, 0x24, 0x20, 0xC6, 0x00, 0x0F, 0x48, 0x8B, 0x44,
                0x24, 0x20, 0x48, 0xFF, 0xC0, 0x48, 0x89, 0x44, 0x24, 0x20, 0x33, 0xC0,
                0x85, 0xC0, 0x75, 0xE5, 0x48, 0x8B, 0x44, 0x24, 0x20, 0xC6, 0x00, 0xBA,
                0x48, 0x8B, 0x44, 0x24, 0x20, 0x48, 0xFF, 0xC0, 0x48, 0x89, 0x44, 0x24,
                0x20, 0x33, 0xC0, 0x85, 0xC0, 0x75, 0xE5, 0x48, 0x8B, 0x44, 0x24, 0x20,
                0xC6, 0x00, 0xF2, 0x48, 0x8B, 0x44, 0x24, 0x20, 0x48, 0xFF, 0xC0, 0x48,
                0x89, 0x44, 0x24, 0x20, 0x33, 0xC0, 0x85, 0xC0, 0x75, 0xE5, 0x48, 0x8B,
                0x44, 0x24, 0x20, 0xC6, 0x00, 0x3F, 0x48, 0x8B, 0x44, 0x24, 0x20, 0x48,
                0xFF, 0xC0, 0x48, 0x89, 0x44, 0x24, 0x20, 0x33, 0xC0, 0x85, 0xC0, 0x75,
                0xE5, 0x48, 0x8B, 0x44, 0x24, 0x20, 0xC6, 0x00, 0x48, 0x48, 0x8B, 0x44,
                0x24, 0x20, 0x48, 0xFF, 0xC0, 0x48, 0x89, 0x44, 0x24, 0x20, 0x33, 0xC0,
                0x85, 0xC0, 0x75, 0xE5, 0x48, 0x8B, 0x44, 0x24, 0x20, 0xC6, 0x00, 0xC7,
                0x48, 0x8B, 0x44, 0x24, 0x20, 0x48, 0xFF, 0xC0, 0x48, 0x89, 0x44, 0x24,
                0x20, 0x33, 0xC0, 0x85, 0xC0, 0x75, 0xE5, 0x48, 0x8B, 0x44, 0x24, 0x20,
                0xC6, 0x00, 0xC2, 0x48, 0x8B, 0x44, 0x24, 0x20, 0x48, 0xFF, 0xC0, 0x48,
                0x89, 0x44, 0x24, 0x20, 0x33, 0xC0, 0x85, 0xC0, 0x75, 0xE5, 0x8B, 0x44,
                0x24, 0x40, 0xFF, 0xC8, 0x89, 0x84, 0x24, 0xA4, 0x00, 0x00, 0x00, 0x41,
                0xB8, 0x04, 0x00, 0x00, 0x00, 0x48, 0x8D, 0x94, 0x24, 0xA4, 0x00, 0x00,
                0x00, 0x48, 0x8B, 0x4C, 0x24, 0x20, 0xE8, 0xB5, 0x5E, 0x00, 0x00, 0x48,
                0x8B, 0x44, 0x24, 0x20, 0x48, 0x83, 0xC0, 0x04, 0x48, 0x89, 0x44, 0x24,
                0x20, 0x33, 0xC0, 0x85, 0xC0, 0x75, 0xC7, 0x48, 0x8B, 0x44, 0x24, 0x20,
                0xC6, 0x00, 0x4C, 0x48, 0x8B, 0x44, 0x24, 0x20, 0x48, 0xFF, 0xC0, 0x48,
                0x89, 0x44, 0x24, 0x20, 0x33, 0xC0, 0x85, 0xC0, 0x75, 0xE5, 0x48, 0x8B,
                0x44, 0x24, 0x20, 0xC6, 0x00, 0x39, 0x48, 0x8B, 0x44, 0x24, 0x20, 0x48,
                0xFF, 0xC0, 0x48, 0x89, 0x44, 0x24, 0x20, 0x33, 0xC0, 0x85, 0xC0, 0x75,
                0xE5, 0x48, 0x8B, 0x44, 0x24, 0x20, 0xC6, 0x00, 0xD2, 0x48, 0x8B, 0x44,
                0x24, 0x20, 0x48, 0xFF, 0xC0, 0x48, 0x89, 0x44, 0x24, 0x20, 0x33, 0xC0,
                0x85, 0xC0, 0x75, 0xE5, 0x48, 0x8B, 0x44, 0x24, 0x20, 0xC6, 0x00, 0x4C,
                0x48, 0x8B, 0x44, 0x24, 0x20, 0x48, 0xFF, 0xC0, 0x48, 0x89, 0x44, 0x24,
                0x20, 0x33, 0xC0, 0x85, 0xC0, 0x75, 0xE5, 0x48, 0x8B, 0x44, 0x24, 0x20,
                0xC6, 0x00, 0x0F, 0x48, 0x8B, 0x44, 0x24, 0x20, 0x48, 0xFF, 0xC0, 0x48,
                0x89, 0x44, 0x24, 0x20, 0x33, 0xC0, 0x85, 0xC0, 0x75, 0xE5, 0x48, 0x8B,
                0x44, 0x24, 0x20, 0xC6, 0x00, 0x42, 0x48, 0x8B, 0x44, 0x24, 0x20, 0x48,
                0xFF, 0xC0, 0x48, 0x89, 0x44, 0x24, 0x20, 0x33, 0xC0, 0x85, 0xC0, 0x75,
                0xE5, 0x48, 0x8B, 0x44, 0x24, 0x20, 0xC6, 0x00, 0xD2, 0x48, 0x8B, 0x44,
                0x24, 0x20, 0x48, 0xFF, 0xC0, 0x48, 0x89, 0x44, 0x24, 0x20, 0x33, 0xC0,
                0x85, 0xC0, 0x75, 0xE5, 0x48, 0x8B, 0x44, 0x24, 0x20, 0xC6, 0x00, 0x49,
                0x48, 0x8B, 0x44, 0x24, 0x20, 0x48, 0xFF, 0xC0, 0x48, 0x89, 0x44, 0x24,
                0x20, 0x33, 0xC0, 0x85, 0xC0, 0x75, 0xE5, 0x48, 0x8B, 0x44, 0x24, 0x20,
                0xC6, 0x00, 0xC1, 0x48, 0x8B, 0x44, 0x24, 0x20, 0x48, 0xFF, 0xC0, 0x48,
                0x89, 0x44, 0x24, 0x20, 0x33, 0xC0, 0x85, 0xC0, 0x75, 0xE5, 0x48, 0x8B,
                0x44, 0x24, 0x20, 0xC6, 0x00, 0xE2, 0x48, 0x8B, 0x44, 0x24, 0x20, 0x48,
                0xFF, 0xC0, 0x48, 0x89, 0x44, 0x24, 0x20, 0x33, 0xC0, 0x85, 0xC0, 0x75,
                0xE5, 0x48, 0x8B, 0x44, 0x24, 0x20, 0xC6, 0x00, 0x04, 0x48, 0x8B, 0x44,
                0x24, 0x20, 0x48, 0xFF, 0xC0, 0x48, 0x89, 0x44, 0x24, 0x20, 0x33, 0xC0,
                0x85, 0xC0, 0x75, 0xE5, 0x48, 0x8B, 0x44, 0x24, 0x20, 0xC6, 0x00, 0x49,
                0x48, 0x8B, 0x44, 0x24, 0x20, 0x48, 0xFF, 0xC0, 0x48, 0x89, 0x44, 0x24,
                0x20, 0x33, 0xC0, 0x85, 0xC0, 0x75, 0xE5, 0x48, 0x8B, 0x44, 0x24, 0x20,
                0xC6, 0x00, 0xBB, 0x48, 0x8B, 0x44, 0x24, 0x20, 0x48, 0xFF, 0xC0, 0x48,
                0x89, 0x44, 0x24, 0x20, 0x33, 0xC0, 0x85, 0xC0, 0x75, 0xE5, 0x48, 0x8B,
                0x84, 0x24, 0x90, 0x00, 0x00, 0x00, 0x48, 0x89, 0x84, 0x24, 0x30, 0x01,
                0x00, 0x00, 0x41, 0xB8, 0x08, 0x00, 0x00, 0x00, 0x48, 0x8D, 0x94, 0x24,
                0x30, 0x01, 0x00, 0x00, 0x48, 0x8B, 0x4C, 0x24, 0x20, 0xE8, 0x1A, 0x5D,
                0x00, 0x00, 0x48, 0x8B, 0x44, 0x24, 0x20, 0x48, 0x83, 0xC0, 0x08, 0x48,
                0x89, 0x44, 0x24, 0x20, 0x33, 0xC0, 0x85, 0xC0, 0x75, 0xC4, 0x48, 0x8B,
                0x44, 0x24, 0x20, 0xC6, 0x00, 0x4D, 0x48, 0x8B, 0x44, 0x24, 0x20, 0x48,
                0xFF, 0xC0, 0x48, 0x89, 0x44, 0x24, 0x20, 0x33, 0xC0, 0x85, 0xC0, 0x75,
                0xE5, 0x48, 0x8B, 0x44, 0x24, 0x20, 0xC6, 0x00, 0x01, 0x48, 0x8B, 0x44,
                0x24, 0x20, 0x48, 0xFF, 0xC0, 0x48, 0x89, 0x44, 0x24, 0x20, 0x33, 0xC0,
                0x85, 0xC0, 0x75, 0xE5, 0x48, 0x8B, 0x44, 0x24, 0x20, 0xC6, 0x00, 0xD3,
                0x48, 0x8B, 0x44, 0x24, 0x20, 0x48, 0xFF, 0xC0, 0x48, 0x89, 0x44, 0x24,
                0x20, 0x33, 0xC0, 0x85, 0xC0, 0x75, 0xE5, 0x48, 0x8B, 0x44, 0x24, 0x20,
                0xC6, 0x00, 0x4C, 0x48, 0x8B, 0x44, 0x24, 0x20, 0x48, 0xFF, 0xC0, 0x48,
                0x89, 0x44, 0x24, 0x20, 0x33, 0xC0, 0x85, 0xC0, 0x75, 0xE5, 0x48, 0x8B,
                0x44, 0x24, 0x20, 0xC6, 0x00, 0x89, 0x48, 0x8B, 0x44, 0x24, 0x20, 0x48,
                0xFF, 0xC0, 0x48, 0x89, 0x44, 0x24, 0x20, 0x33, 0xC0, 0x85, 0xC0, 0x75,
                0xE5, 0x48, 0x8B, 0x44, 0x24, 0x20, 0xC6, 0x00, 0xD9, 0x48, 0x8B, 0x44,
                0x24, 0x20, 0x48, 0xFF, 0xC0, 0x48, 0x89, 0x44, 0x24, 0x20, 0x33, 0xC0,
                0x85, 0xC0, 0x75, 0xE5, 0x48, 0x8B, 0x44, 0x24, 0x20, 0xC6, 0x00, 0x49,
                0x48, 0x8B, 0x44, 0x24, 0x20, 0x48, 0xFF, 0xC0, 0x48, 0x89, 0x44, 0x24,
                0x20, 0x33, 0xC0, 0x85, 0xC0, 0x75, 0xE5, 0x48, 0x8B, 0x44, 0x24, 0x20,
                0xC6, 0x00, 0xBB, 0x48, 0x8B, 0x44, 0x24, 0x20, 0x48, 0xFF, 0xC0, 0x48,
                0x89, 0x44, 0x24, 0x20, 0x33, 0xC0, 0x85, 0xC0, 0x75, 0xE5, 0x48, 0x8B,
                0x84, 0x24, 0x10, 0x01, 0x00, 0x00, 0x48, 0x89, 0x84, 0x24, 0x38, 0x01,
                0x00, 0x00, 0x41, 0xB8, 0x08, 0x00, 0x00, 0x00, 0x48, 0x8D, 0x94, 0x24,
                0x38, 0x01, 0x00, 0x00, 0x48, 0x8B, 0x4C, 0x24, 0x20, 0xE8, 0x06, 0x5C,
                0x00, 0x00, 0x48, 0x8B, 0x44, 0x24, 0x20, 0x48, 0x83, 0xC0, 0x08, 0x48,
                0x89, 0x44, 0x24, 0x20, 0x33, 0xC0, 0x85, 0xC0, 0x75, 0xC4, 0x48, 0x8B,
                0x44, 0x24, 0x20, 0xC6, 0x00, 0x49, 0x48, 0x8B, 0x44, 0x24, 0x20, 0x48,
                0xFF, 0xC0, 0x48, 0x89, 0x44, 0x24, 0x20, 0x33, 0xC0, 0x85, 0xC0, 0x75,
                0xE5, 0x48, 0x8B, 0x44, 0x24, 0x20, 0xC6, 0x00, 0x8B, 0x48, 0x8B, 0x44,
                0x24, 0x20, 0x48, 0xFF, 0xC0, 0x48, 0x89, 0x44, 0x24, 0x20, 0x33, 0xC0,
                0x85, 0xC0, 0x75, 0xE5, 0x48, 0x8B, 0x44, 0x24, 0x20, 0xC6, 0x00, 0x03,
                0x48, 0x8B, 0x44, 0x24, 0x20, 0x48, 0xFF, 0xC0, 0x48, 0x89, 0x44, 0x24,
                0x20, 0x33, 0xC0, 0x85, 0xC0, 0x75, 0xE5, 0x48, 0x8B, 0x44, 0x24, 0x20,
                0xC6, 0x00, 0x48, 0x48, 0x8B, 0x44, 0x24, 0x20, 0x48, 0xFF, 0xC0, 0x48,
                0x89, 0x44, 0x24, 0x20, 0x33, 0xC0, 0x85, 0xC0, 0x75, 0xE5, 0x48, 0x8B,
                0x44, 0x24, 0x20, 0xC6, 0x00, 0xFF, 0x48, 0x8B, 0x44, 0x24, 0x20, 0x48,
                0xFF, 0xC0, 0x48, 0x89, 0x44, 0x24, 0x20, 0x33, 0xC0, 0x85, 0xC0, 0x75,
                0xE5, 0x48, 0x8B, 0x44, 0x24, 0x20, 0xC6, 0x00, 0xC0, 0x48, 0x8B, 0x44,
                0x24, 0x20, 0x48, 0xFF, 0xC0, 0x48, 0x89, 0x44, 0x24, 0x20, 0x33, 0xC0,
                0x85, 0xC0, 0x75, 0xE5, 0x48, 0x8B, 0x44, 0x24, 0x20, 0xC6, 0x00, 0x48,
                0x48, 0x8B, 0x44, 0x24, 0x20, 0x48, 0xFF, 0xC0, 0x48, 0x89, 0x44, 0x24,
                0x20, 0x33, 0xC0, 0x85, 0xC0, 0x75, 0xE5, 0x48, 0x8B, 0x44, 0x24, 0x20,
                0xC6, 0x00, 0x0F, 0x48, 0x8B, 0x44, 0x24, 0x20, 0x48, 0xFF, 0xC0, 0x48,
                0x89, 0x44, 0x24, 0x20, 0x33, 0xC0, 0x85, 0xC0, 0x75, 0xE5, 0x48, 0x8B,
                0x44, 0x24, 0x20, 0xC6, 0x00, 0xBA, 0x48, 0x8B, 0x44, 0x24, 0x20, 0x48,
                0xFF, 0xC0, 0x48, 0x89, 0x44, 0x24, 0x20, 0x33, 0xC0, 0x85, 0xC0, 0x75,
                0xE5, 0x48, 0x8B, 0x44, 0x24, 0x20, 0xC6, 0x00, 0xE8, 0x48, 0x8B, 0x44,
                0x24, 0x20, 0x48, 0xFF, 0xC0, 0x48, 0x89, 0x44, 0x24, 0x20, 0x33, 0xC0,
                0x85, 0xC0, 0x75, 0xE5, 0x48, 0x8B, 0x44, 0x24, 0x20, 0xC6, 0x00, 0x3F,
                0x48, 0x8B, 0x44, 0x24, 0x20, 0x48, 0xFF, 0xC0, 0x48, 0x89, 0x44, 0x24,
                0x20, 0x33, 0xC0, 0x85, 0xC0, 0x75, 0xE5, 0x48, 0x8B, 0x44, 0x24, 0x20,
                0xC6, 0x00, 0x49, 0x48, 0x8B, 0x44, 0x24, 0x20, 0x48, 0xFF, 0xC0, 0x48,
                0x89, 0x44, 0x24, 0x20, 0x33, 0xC0, 0x85, 0xC0, 0x75, 0xE5, 0x48, 0x8B,
                0x44, 0x24, 0x20, 0xC6, 0x00, 0x89, 0x48, 0x8B, 0x44, 0x24, 0x20, 0x48,
                0xFF, 0xC0, 0x48, 0x89, 0x44, 0x24, 0x20, 0x33, 0xC0, 0x85, 0xC0, 0x75,
                0xE5, 0x48, 0x8B, 0x44, 0x24, 0x20, 0xC6, 0x00, 0x03, 0x48, 0x8B, 0x44,
                0x24, 0x20, 0x48, 0xFF, 0xC0, 0x48, 0x89, 0x44, 0x24, 0x20, 0x33, 0xC0,
                0x85, 0xC0, 0x75, 0xE5, 0x48, 0x8B, 0x44, 0x24, 0x20, 0xC6, 0x00, 0xF0,
                0x48, 0x8B, 0x44, 0x24, 0x20, 0x48, 0xFF, 0xC0, 0x48, 0x89, 0x44, 0x24,
                0x20, 0x33, 0xC0, 0x85, 0xC0, 0x75, 0xE5, 0x48, 0x8B, 0x44, 0x24, 0x20,
                0xC6, 0x00, 0x49, 0x48, 0x8B, 0x44, 0x24, 0x20, 0x48, 0xFF, 0xC0, 0x48,
                0x89, 0x44, 0x24, 0x20, 0x33, 0xC0, 0x85, 0xC0, 0x75, 0xE5, 0x48, 0x8B,
                0x44, 0x24, 0x20, 0xC6, 0x00, 0x0F, 0x48, 0x8B, 0x44, 0x24, 0x20, 0x48,
                0xFF, 0xC0, 0x48, 0x89, 0x44, 0x24, 0x20, 0x33, 0xC0, 0x85, 0xC0, 0x75,
                0xE5, 0x48, 0x8B, 0x44, 0x24, 0x20, 0xC6, 0x00, 0xBA, 0x48, 0x8B, 0x44,
                0x24, 0x20, 0x48, 0xFF, 0xC0, 0x48, 0x89, 0x44, 0x24, 0x20, 0x33, 0xC0,
                0x85, 0xC0, 0x75, 0xE5, 0x48, 0x8B, 0x44, 0x24, 0x20, 0xC6, 0x00, 0x33,
                0x48, 0x8B, 0x44, 0x24, 0x20, 0x48, 0xFF, 0xC0, 0x48, 0x89, 0x44, 0x24,
                0x20, 0x33, 0xC0, 0x85, 0xC0, 0x75, 0xE5, 0x48, 0x8B, 0x44, 0x24, 0x20,
                0xC6, 0x00, 0x3F, 0x48, 0x8B, 0x44, 0x24, 0x20, 0x48, 0xFF, 0xC0, 0x48,
                0x89, 0x44, 0x24, 0x20, 0x33, 0xC0, 0x85, 0xC0, 0x75, 0xE5, 0x48, 0x8B,
                0x44, 0x24, 0x20, 0x48, 0x89, 0x84, 0x24, 0xD8, 0x00, 0x00, 0x00, 0x48,
                0x8B, 0x44, 0x24, 0x20, 0xC6, 0x00, 0x5A, 0x48, 0x8B, 0x44, 0x24, 0x20,
                0x48, 0xFF, 0xC0, 0x48, 0x89, 0x44, 0x24, 0x20, 0x33, 0xC0, 0x85, 0xC0,
                0x75, 0xE5, 0x8B, 0x44, 0x24, 0x2C, 0x44, 0x8B, 0xC0, 0x48, 0x8B, 0x54,
                0x24, 0x78, 0x48, 0x8B, 0x4C, 0x24, 0x20, 0xE8, 0x98, 0x59, 0x00, 0x00,
                0x8B, 0x44, 0x24, 0x2C, 0x48, 0x8B, 0x4C, 0x24, 0x20, 0x48, 0x03, 0xC8,
                0x48, 0x8B, 0xC1, 0x48, 0x89, 0x44, 0x24, 0x20, 0x48, 0x8B, 0x44, 0x24,
                0x20, 0xC6, 0x00, 0x49, 0x48, 0x8B, 0x44, 0x24, 0x20, 0x48, 0xFF, 0xC0,
                0x48, 0x89, 0x44, 0x24, 0x20, 0x33, 0xC0, 0x85, 0xC0, 0x75, 0xE5, 0x48,
                0x8B, 0x44, 0x24, 0x20, 0xC6, 0x00, 0xBA, 0x48, 0x8B, 0x44, 0x24, 0x20,
                0x48, 0xFF, 0xC0, 0x48, 0x89, 0x44, 0x24, 0x20, 0x33, 0xC0, 0x85, 0xC0,
                0x75, 0xE5, 0x8B, 0x44, 0x24, 0x2C, 0x48, 0x8B, 0x8C, 0x24, 0xF0, 0x01,
                0x00, 0x00, 0x48, 0x03, 0xC8, 0x48, 0x8B, 0xC1, 0x48, 0x89, 0x84, 0x24,
                0x40, 0x01, 0x00, 0x00, 0x41, 0xB8, 0x08, 0x00, 0x00, 0x00, 0x48, 0x8D,
                0x94, 0x24, 0x40, 0x01, 0x00, 0x00, 0x48, 0x8B, 0x4C, 0x24, 0x20, 0xE8,
                0x1C, 0x59, 0x00, 0x00, 0x48, 0x8B, 0x44, 0x24, 0x20, 0x48, 0x83, 0xC0,
                0x08, 0x48, 0x89, 0x44, 0x24, 0x20, 0x33, 0xC0, 0x85, 0xC0, 0x75, 0xBA,
                0x48, 0x8B, 0x44, 0x24, 0x20, 0xC6, 0x00, 0x41, 0x48, 0x8B, 0x44, 0x24,
                0x20, 0x48, 0xFF, 0xC0, 0x48, 0x89, 0x44, 0x24, 0x20, 0x33, 0xC0, 0x85,
                0xC0, 0x75, 0xE5, 0x48, 0x8B, 0x44, 0x24, 0x20, 0xC6, 0x00, 0xFF, 0x48,
                0x8B, 0x44, 0x24, 0x20, 0x48, 0xFF, 0xC0, 0x48, 0x89, 0x44, 0x24, 0x20,
                0x33, 0xC0, 0x85, 0xC0, 0x75, 0xE5, 0x48, 0x8B, 0x44, 0x24, 0x20, 0xC6,
                0x00, 0xE2, 0x48, 0x8B, 0x44, 0x24, 0x20, 0x48, 0xFF, 0xC0, 0x48, 0x89,
                0x44, 0x24, 0x20, 0x33, 0xC0, 0x85, 0xC0, 0x75, 0xE5, 0x48, 0x8B, 0x84,
                0x24, 0xB8, 0x00, 0x00, 0x00, 0x48, 0xFF, 0xC0, 0x48, 0x8B, 0x8C, 0x24,
                0xC8, 0x00, 0x00, 0x00, 0x48, 0x2B, 0xC8, 0x48, 0x8B, 0xC1, 0x48, 0x89,
                0x44, 0x24, 0x38, 0x48, 0x83, 0x7C, 0x24, 0x38, 0x80, 0x7C, 0x08, 0x48,
                0x83, 0x7C, 0x24, 0x38, 0x7F, 0x7E, 0x0A, 0xE9, 0x94, 0x02, 0x00, 0x00,
                0xE9, 0x8F, 0x02, 0x00, 0x00, 0x48, 0x8B, 0x84, 0x24, 0xB8, 0x00, 0x00,
                0x00, 0x8A, 0x4C, 0x24, 0x38, 0x88, 0x08, 0x48, 0x8B, 0x84, 0x24, 0xC0,
                0x00, 0x00, 0x00, 0x48, 0xFF, 0xC0, 0x48, 0x8B, 0x8C, 0x24, 0xD8, 0x00,
                0x00, 0x00, 0x48, 0x2B, 0xC8, 0x48, 0x8B, 0xC1, 0x48, 0x89, 0x44, 0x24,
                0x38, 0x48, 0x83, 0x7C, 0x24, 0x38, 0x80, 0x7C, 0x08, 0x48, 0x83, 0x7C,
                0x24, 0x38, 0x7F, 0x7E, 0x0A, 0xE9, 0x4E, 0x02, 0x00, 0x00, 0xE9, 0x49,
                0x02, 0x00, 0x00, 0x48, 0x8B, 0x84, 0x24, 0xC0, 0x00, 0x00, 0x00, 0x8A,
                0x4C, 0x24, 0x38, 0x88, 0x08, 0x0F, 0xB6, 0x84, 0x24, 0xF8, 0x01, 0x00,
                0x00, 0x85, 0xC0, 0x0F, 0x84, 0xD2, 0x00, 0x00, 0x00, 0x48, 0x8B, 0x84,
                0x24, 0xD0, 0x00, 0x00, 0x00, 0x48, 0xFF, 0xC0, 0x48, 0x8B, 0x8C, 0x24,
                0xC8, 0x00, 0x00, 0x00, 0x48, 0x2B, 0xC8, 0x48, 0x8B, 0xC1, 0x48, 0x89,
                0x44, 0x24, 0x38, 0x48, 0x83, 0x7C, 0x24, 0x38, 0x80, 0x7C, 0x08, 0x48,
                0x83, 0x7C, 0x24, 0x38, 0x7F, 0x7E, 0x0A, 0xE9, 0xF8, 0x01, 0x00, 0x00,
                0xE9, 0xF3, 0x01, 0x00, 0x00, 0x48, 0x8B, 0x84, 0x24, 0xD0, 0x00, 0x00,
                0x00, 0x8A, 0x4C, 0x24, 0x38, 0x88, 0x08, 0x48, 0x8B, 0x84, 0x24, 0xE0,
                0x00, 0x00, 0x00, 0x48, 0xFF, 0xC0, 0x48, 0x8B, 0x8C, 0x24, 0xD8, 0x00,
                0x00, 0x00, 0x48, 0x2B, 0xC8, 0x48, 0x8B, 0xC1, 0x48, 0x89, 0x44, 0x24,
                0x38, 0x48, 0x83, 0x7C, 0x24, 0x38, 0x80, 0x7C, 0x08, 0x48, 0x83, 0x7C,
                0x24, 0x38, 0x7F, 0x7E, 0x0A, 0xE9, 0xB2, 0x01, 0x00, 0x00, 0xE9, 0xAD,
                0x01, 0x00, 0x00, 0x48, 0x8B, 0x84, 0x24, 0xE0, 0x00, 0x00, 0x00, 0x8A,
                0x4C, 0x24, 0x38, 0x88, 0x08, 0x48, 0x8B, 0x84, 0x24, 0xE8, 0x00, 0x00,
                0x00, 0x48, 0xFF, 0xC0, 0x48, 0x8B, 0x8C, 0x24, 0x18, 0x01, 0x00, 0x00,
                0x48, 0x2B, 0xC8, 0x48, 0x8B, 0xC1, 0x48, 0x89, 0x44, 0x24, 0x38, 0x48,
                0x83, 0x7C, 0x24, 0x38, 0x80, 0x7C, 0x08, 0x48, 0x83, 0x7C, 0x24, 0x38,
                0x7F, 0x7E, 0x0A, 0xE9, 0x6C, 0x01, 0x00, 0x00, 0xE9, 0x67, 0x01, 0x00,
                0x00, 0x48, 0x8B, 0x84, 0x24, 0xE8, 0x00, 0x00, 0x00, 0x8A, 0x4C, 0x24,
                0x38, 0x88, 0x08, 0x48, 0x8B, 0x44, 0x24, 0x48, 0x48, 0x8B, 0x4C, 0x24,
                0x20, 0x48, 0x2B, 0xC8, 0x48, 0x8B, 0xC1, 0x48, 0x3B, 0x84, 0x24, 0x20,
                0x01, 0x00, 0x00, 0x74, 0x0A, 0xE9, 0x3A, 0x01, 0x00, 0x00, 0xE9, 0x35,
                0x01, 0x00, 0x00, 0x41, 0xB8, 0x1B, 0x00, 0x00, 0x00, 0xBA, 0x90, 0x00,
                0x00, 0x00, 0x48, 0x8D, 0x8C, 0x24, 0xB8, 0x01, 0x00, 0x00, 0xE8, 0xCD,
                0x59, 0x00, 0x00, 0xB8, 0x01, 0x00, 0x00, 0x00, 0x48, 0x6B, 0xC0, 0x00,
                0xC6, 0x84, 0x04, 0xB8, 0x01, 0x00, 0x00, 0x49, 0xB8, 0x01, 0x00, 0x00,
                0x00, 0x48, 0x6B, 0xC0, 0x01, 0xC6, 0x84, 0x04, 0xB8, 0x01, 0x00, 0x00,
                0xBA, 0x48, 0x8B, 0x44, 0x24, 0x48, 0x48, 0x89, 0x84, 0x24, 0x48, 0x01,
                0x00, 0x00, 0x48, 0x8D, 0x84, 0x24, 0xBA, 0x01, 0x00, 0x00, 0x41, 0xB8,
                0x08, 0x00, 0x00, 0x00, 0x48, 0x8D, 0x94, 0x24, 0x48, 0x01, 0x00, 0x00,
                0x48, 0x8B, 0xC8, 0xE8, 0xC0, 0x56, 0x00, 0x00, 0xB8, 0x01, 0x00, 0x00,
                0x00, 0x48, 0x6B, 0xC0, 0x0A, 0xC6, 0x84, 0x04, 0xB8, 0x01, 0x00, 0x00,
                0x41, 0xB8, 0x01, 0x00, 0x00, 0x00, 0x48, 0x6B, 0xC0, 0x0B, 0xC6, 0x84,
                0x04, 0xB8, 0x01, 0x00, 0x00, 0xFF, 0xB8, 0x01, 0x00, 0x00, 0x00, 0x48,
                0x6B, 0xC0, 0x0C, 0xC6, 0x84, 0x04, 0xB8, 0x01, 0x00, 0x00, 0xE2, 0xE8,
                0x84, 0x52, 0x00, 0x00, 0x8B, 0x44, 0x24, 0x2C, 0x44, 0x8B, 0xC0, 0x48,
                0x8D, 0x94, 0x24, 0xB8, 0x01, 0x00, 0x00, 0x48, 0x8B, 0x8C, 0x24, 0xF0,
                0x01, 0x00, 0x00, 0xE8, 0x7C, 0x4E, 0x00, 0x00, 0x89, 0x44, 0x24, 0x54,
                0x83, 0x7C, 0x24, 0x54, 0x00, 0x7D, 0x23, 0xBA, 0x42, 0x6E, 0x67, 0x4F,
                0x48, 0x8B, 0x4C, 0x24, 0x68, 0xFF, 0x15, 0x81, 0x64, 0x00, 0x00, 0x33,
                0xD2, 0x48, 0x8B, 0x4C, 0x24, 0x48, 0xFF, 0x15, 0x74, 0x64, 0x00, 0x00,
                0x8B, 0x44, 0x24, 0x54, 0xEB, 0x70, 0x48, 0x8B, 0x84, 0x24, 0xF0, 0x01,
                0x00, 0x00, 0x48, 0x89, 0x05, 0xEF, 0x75, 0x00, 0x00, 0x48, 0x8B, 0x44,
                0x24, 0x68, 0x48, 0x89, 0x05, 0xEB, 0x75, 0x00, 0x00, 0x8B, 0x44, 0x24,
                0x2C, 0x48, 0x89, 0x05, 0xE8, 0x75, 0x00, 0x00, 0x48, 0x8B, 0x44, 0x24,
                0x48, 0x48, 0x89, 0x05, 0xE4, 0x75, 0x00, 0x00, 0xC6, 0x05, 0xE5, 0x75,
                0x00, 0x00, 0x01, 0xE8, 0xFC, 0x51, 0x00, 0x00, 0x48, 0x8B, 0x44, 0x24,
                0x48, 0x48, 0x89, 0x05, 0x34, 0x75, 0x00, 0x00, 0x33, 0xC0, 0xEB, 0x22,
                0xBA, 0x42, 0x6E, 0x67, 0x4F, 0x48, 0x8B, 0x4C, 0x24, 0x68, 0xFF, 0x15,
                0x10, 0x64, 0x00, 0x00, 0x33, 0xD2, 0x48, 0x8B, 0x4C, 0x24, 0x48, 0xFF,
                0x15, 0x03, 0x64, 0x00, 0x00, 0xB8, 0xE5, 0x00, 0x00, 0xC0, 0x48, 0x8B,
                0x8C, 0x24, 0xD8, 0x01, 0x00, 0x00, 0x48, 0x33, 0xCC, 0xE8, 0x2E, 0x55,
                0x00, 0x00, 0x48, 0x81, 0xC4, 0xE8, 0x01, 0x00, 0x00, 0xC3, 0xCC, 0xCC,
                0x48, 0x89, 0x54, 0x24, 0x10, 0x48, 0x89, 0x4C, 0x24, 0x08, 0x48, 0x83,
                0xEC, 0x78, 0x48, 0x8B, 0x05, 0x5F, 0x73, 0x00, 0x00, 0x48, 0x33, 0xC4,
                0x48, 0x89, 0x44, 0x24, 0x60, 0x48, 0x83, 0xBC, 0x24, 0x80, 0x00, 0x00,
                0x00, 0x00, 0x75, 0x0A, 0xB8, 0x0D, 0x00, 0x00, 0xC0, 0xE9, 0xCF, 0x02,
                0x00, 0x00, 0x0F, 0xB6, 0x05, 0x0B, 0x75, 0x00, 0x00, 0x85, 0xC0, 0x74,
                0x1F, 0xE8, 0xAE, 0x24, 0x00, 0x00, 0x48, 0x8B, 0x94, 0x24, 0x88, 0x00,
                0x00, 0x00, 0x48, 0x8B, 0x8C, 0x24, 0x80, 0x00, 0x00, 0x00, 0xE8, 0xA9,
                0xFF, 0xFF, 0xFF, 0xE9, 0xA5, 0x02, 0x00, 0x00, 0x41, 0xB8, 0x42, 0x67,
                0x43, 0x70, 0xBA, 0x40, 0x00, 0x00, 0x00, 0x33, 0xC9, 0xFF, 0x15, 0x6D,
                0x63, 0x00, 0x00, 0x48, 0x89, 0x44, 0x24, 0x28, 0x48, 0x83, 0x7C, 0x24,
                0x28, 0x00, 0x75, 0x0A, 0xB8, 0x9A, 0x00, 0x00, 0xC0, 0xE9, 0x7B, 0x02,
                0x00, 0x00, 0x41, 0xB8, 0x40, 0x00, 0x00, 0x00, 0x33, 0xD2, 0x48, 0x8B,
                0x4C, 0x24, 0x28, 0xE8, 0xDC, 0x57, 0x00, 0x00, 0x41, 0xB8, 0x43, 0x6E,
                0x67, 0x4F, 0xBA, 0x0F, 0x00, 0x00, 0x00, 0x33, 0xC9, 0xFF, 0x15, 0x31,
                0x63, 0x00, 0x00, 0x48, 0x89, 0x44, 0x24, 0x38, 0x48, 0x83, 0x7C, 0x24,
                0x38, 0x00, 0x75, 0x1A, 0xBA, 0x42, 0x67, 0x43, 0x70, 0x48, 0x8B, 0x4C,
                0x24, 0x28, 0xFF, 0x15, 0x1C, 0x63, 0x00, 0x00, 0xB8, 0x9A, 0x00, 0x00,
                0xC0, 0xE9, 0x2F, 0x02, 0x00, 0x00, 0x41, 0xB8, 0x0F, 0x00, 0x00, 0x00,
                0x48, 0x8B, 0x54, 0x24, 0x38, 0x48, 0x8B, 0x8C, 0x24, 0x80, 0x00, 0x00,
                0x00, 0xE8, 0x76, 0x1E, 0x00, 0x00, 0x48, 0x8B, 0x44, 0x24, 0x28, 0x48,
                0x89, 0x44, 0x24, 0x20, 0x41, 0xB8, 0x0F, 0x00, 0x00, 0x00, 0x48, 0x8B,
                0x94, 0x24, 0x80, 0x00, 0x00, 0x00, 0x48, 0x8B, 0x4C, 0x24, 0x20, 0xE8,
                0xA8, 0x54, 0x00, 0x00, 0x48, 0x8B, 0x44, 0x24, 0x20, 0x48, 0x83, 0xC0,
                0x0F, 0x48, 0x89, 0x44, 0x24, 0x20, 0xB8, 0x01, 0x00, 0x00, 0x00, 0x48,
                0x6B, 0xC0, 0x00, 0x48, 0x8B, 0x4C, 0x24, 0x20, 0xC6, 0x04, 0x01, 0x48,
                0xB8, 0x01, 0x00, 0x00, 0x00, 0x48, 0x6B, 0xC0, 0x01, 0x48, 0x8B, 0x4C,
                0x24, 0x20, 0xC6, 0x04, 0x01, 0xB9, 0x48, 0x8B, 0x44, 0x24, 0x20, 0x48,
                0x83, 0xC0, 0x02, 0x48, 0x89, 0x05, 0x36, 0x73, 0x00, 0x00, 0x48, 0x8B,
                0x44, 0x24, 0x20, 0x48, 0x8B, 0x8C, 0x24, 0x88, 0x00, 0x00, 0x00, 0x48,
                0x89, 0x48, 0x02, 0x48, 0x8B, 0x44, 0x24, 0x20, 0x48, 0x83, 0xC0, 0x0A,
                0x48, 0x89, 0x44, 0x24, 0x20, 0x48, 0x8B, 0x84, 0x24, 0x80, 0x00, 0x00,
                0x00, 0x48, 0x83, 0xC0, 0x0F, 0x48, 0x89, 0x44, 0x24, 0x40, 0xB8, 0x01,
                0x00, 0x00, 0x00, 0x48, 0x6B, 0xC0, 0x00, 0x48, 0x8B, 0x4C, 0x24, 0x20,
                0xC6, 0x04, 0x01, 0x48, 0xB8, 0x01, 0x00, 0x00, 0x00, 0x48, 0x6B, 0xC0,
                0x01, 0x48, 0x8B, 0x4C, 0x24, 0x20, 0xC6, 0x04, 0x01, 0xB8, 0x48, 0x8B,
                0x44, 0x24, 0x20, 0x48, 0x8B, 0x4C, 0x24, 0x40, 0x48, 0x89, 0x48, 0x02,
                0x48, 0x8B, 0x44, 0x24, 0x20, 0x48, 0x83, 0xC0, 0x0A, 0x48, 0x89, 0x44,
                0x24, 0x20, 0xB8, 0x01, 0x00, 0x00, 0x00, 0x48, 0x6B, 0xC0, 0x00, 0x48,
                0x8B, 0x4C, 0x24, 0x20, 0xC6, 0x04, 0x01, 0xFF, 0xB8, 0x01, 0x00, 0x00,
                0x00, 0x48, 0x6B, 0xC0, 0x01, 0x48, 0x8B, 0x4C, 0x24, 0x20, 0xC6, 0x04,
                0x01, 0xE0, 0x48, 0x8B, 0x44, 0x24, 0x20, 0x48, 0x83, 0xC0, 0x02, 0x48,
                0x89, 0x44, 0x24, 0x20, 0x41, 0xB8, 0x0F, 0x00, 0x00, 0x00, 0x33, 0xD2,
                0x48, 0x8D, 0x4C, 0x24, 0x50, 0xE8, 0x72, 0x56, 0x00, 0x00, 0x48, 0x8B,
                0x44, 0x24, 0x28, 0x48, 0x89, 0x44, 0x24, 0x48, 0xB8, 0x01, 0x00, 0x00,
                0x00, 0x48, 0x6B, 0xC0, 0x00, 0xC6, 0x44, 0x04, 0x50, 0x48, 0xB8, 0x01,
                0x00, 0x00, 0x00, 0x48, 0x6B, 0xC0, 0x01, 0xC6, 0x44, 0x04, 0x50, 0xB8,
                0x48, 0x8B, 0x44, 0x24, 0x48, 0x48, 0x89, 0x44, 0x24, 0x52, 0xB8, 0x01,
                0x00, 0x00, 0x00, 0x48, 0x6B, 0xC0, 0x0A, 0xC6, 0x44, 0x04, 0x50, 0xFF,
                0xB8, 0x01, 0x00, 0x00, 0x00, 0x48, 0x6B, 0xC0, 0x0B, 0xC6, 0x44, 0x04,
                0x50, 0xE0, 0xB8, 0x01, 0x00, 0x00, 0x00, 0x48, 0x6B, 0xC0, 0x0C, 0xC6,
                0x44, 0x04, 0x50, 0x90, 0xB8, 0x01, 0x00, 0x00, 0x00, 0x48, 0x6B, 0xC0,
                0x0D, 0xC6, 0x44, 0x04, 0x50, 0x90, 0xB8, 0x01, 0x00, 0x00, 0x00, 0x48,
                0x6B, 0xC0, 0x0E, 0xC6, 0x44, 0x04, 0x50, 0x90, 0x41, 0xB8, 0x0F, 0x00,
                0x00, 0x00, 0x48, 0x8D, 0x54, 0x24, 0x50, 0x48, 0x8B, 0x8C, 0x24, 0x80,
                0x00, 0x00, 0x00, 0xE8, 0x34, 0x4B, 0x00, 0x00, 0x89, 0x44, 0x24, 0x30,
                0x83, 0x7C, 0x24, 0x30, 0x00, 0x7D, 0x26, 0xBA, 0x42, 0x67, 0x43, 0x70,
                0x48, 0x8B, 0x4C, 0x24, 0x28, 0xFF, 0x15, 0x39, 0x61, 0x00, 0x00, 0xBA,
                0x43, 0x6E, 0x67, 0x4F, 0x48, 0x8B, 0x4C, 0x24, 0x38, 0xFF, 0x15, 0x29,
                0x61, 0x00, 0x00, 0x8B, 0x44, 0x24, 0x30, 0xEB, 0x40, 0x48, 0x8B, 0x84,
                0x24, 0x80, 0x00, 0x00, 0x00, 0x48, 0x89, 0x05, 0x54, 0x72, 0x00, 0x00,
                0x48, 0x8B, 0x44, 0x24, 0x38, 0x48, 0x89, 0x05, 0x50, 0x72, 0x00, 0x00,
                0x48, 0xC7, 0x05, 0x4D, 0x72, 0x00, 0x00, 0x0F, 0x00, 0x00, 0x00, 0x48,
                0x8B, 0x44, 0x24, 0x28, 0x48, 0x89, 0x05, 0x49, 0x72, 0x00, 0x00, 0xC6,
                0x05, 0x4A, 0x72, 0x00, 0x00, 0x01, 0xE8, 0xB1, 0x4E, 0x00, 0x00, 0x33,
                0xC0, 0x48, 0x8B, 0x4C, 0x24, 0x60, 0x48, 0x33, 0xCC, 0xE8, 0x16, 0x52,
                0x00, 0x00, 0x48, 0x83, 0xC4, 0x78, 0xC3, 0xCC, 0x44, 0x89, 0x44, 0x24,
                0x18, 0x89, 0x54, 0x24, 0x10, 0x48, 0x89, 0x4C, 0x24, 0x08, 0x48, 0x81,
                0xEC, 0x98, 0x00, 0x00, 0x00, 0x48, 0x8B, 0x05, 0x44, 0x70, 0x00, 0x00,
                0x48, 0x33, 0xC4, 0x48, 0x89, 0x84, 0x24, 0x80, 0x00, 0x00, 0x00, 0x48,
                0x83, 0xBC, 0x24, 0xA0, 0x00, 0x00, 0x00, 0x00, 0x75, 0x0A, 0xB8, 0x0D,
                0x00, 0x00, 0xC0, 0xE9, 0x3A, 0x07, 0x00, 0x00, 0x0F, 0xB6, 0x05, 0x15,
                0x72, 0x00, 0x00, 0x85, 0xC0, 0x74, 0x26, 0xE8, 0xB8, 0x22, 0x00, 0x00,
                0x44, 0x8B, 0x84, 0x24, 0xB0, 0x00, 0x00, 0x00, 0x8B, 0x94, 0x24, 0xA8,
                0x00, 0x00, 0x00, 0x48, 0x8B, 0x8C, 0x24, 0xA0, 0x00, 0x00, 0x00, 0xE8,
                0x98, 0xFF, 0xFF, 0xFF, 0xE9, 0x09, 0x07, 0x00, 0x00, 0x48, 0x8B, 0x84,
                0x24, 0xA0, 0x00, 0x00, 0x00, 0x48, 0x89, 0x44, 0x24, 0x60, 0xE8, 0x3D,
                0x94, 0xFF, 0xFF, 0x83, 0xF8, 0x02, 0x74, 0x1B, 0xE8, 0x33, 0x94, 0xFF,
                0xFF, 0x83, 0xF8, 0x03, 0x7E, 0x0A, 0xE8, 0x29, 0x94, 0xFF, 0xFF, 0x83,
                0xF8, 0x09, 0x7E, 0x07, 0xC6, 0x44, 0x24, 0x28, 0x00, 0xEB, 0x05, 0xC6,
                0x44, 0x24, 0x28, 0x01, 0x8A, 0x44, 0x24, 0x28, 0x88, 0x44, 0x24, 0x29,
                0x48, 0xC7, 0x44, 0x24, 0x30, 0x00, 0x00, 0x00, 0x00, 0x0F, 0xB6, 0x44,
                0x24, 0x29, 0x85, 0xC0, 0x74, 0x12, 0xC7, 0x44, 0x24, 0x2C, 0x0F, 0x00,
                0x00, 0x00, 0xC7, 0x44, 0x24, 0x3C, 0x0F, 0x00, 0x00, 0x00, 0xEB, 0x10,
                0xC7, 0x44, 0x24, 0x2C, 0x13, 0x00, 0x00, 0x00, 0xC7, 0x44, 0x24, 0x3C,
                0x13, 0x00, 0x00, 0x00, 0x41, 0xB8, 0x42, 0x67, 0x44, 0x63, 0xBA, 0x40,
                0x00, 0x00, 0x00, 0x33, 0xC9, 0xFF, 0x15, 0xD5, 0x5F, 0x00, 0x00, 0x48,
                0x89, 0x44, 0x24, 0x30, 0x48, 0x83, 0x7C, 0x24, 0x30, 0x00, 0x75, 0x0A,
                0xB8, 0x9A, 0x00, 0x00, 0xC0, 0xE9, 0x6C, 0x06, 0x00, 0x00, 0x41, 0xB8,
                0x40, 0x00, 0x00, 0x00, 0x33, 0xD2, 0x48, 0x8B, 0x4C, 0x24, 0x30, 0xE8,
                0x44, 0x54, 0x00, 0x00, 0x8B, 0x44, 0x24, 0x2C, 0x41, 0xB8, 0x54, 0x6E,
                0x67, 0x4F, 0x8B, 0xD0, 0x33, 0xC9, 0xFF, 0x15, 0x98, 0x5F, 0x00, 0x00,
                0x48, 0x89, 0x44, 0x24, 0x48, 0x48, 0x83, 0x7C, 0x24, 0x48, 0x00, 0x75,
                0x1A, 0xBA, 0x42, 0x67, 0x44, 0x63, 0x48, 0x8B, 0x4C, 0x24, 0x30, 0xFF,
                0x15, 0x83, 0x5F, 0x00, 0x00, 0xB8, 0x9A, 0x00, 0x00, 0xC0, 0xE9, 0x1F,
                0x06, 0x00, 0x00, 0x8B, 0x44, 0x24, 0x2C, 0x44, 0x8B, 0xC0, 0x48, 0x8B,
                0x54, 0x24, 0x48, 0x48, 0x8B, 0x8C, 0x24, 0xA0, 0x00, 0x00, 0x00, 0xE8,
                0xDC, 0x1A, 0x00, 0x00, 0x48, 0x8B, 0x44, 0x24, 0x30, 0x48, 0x89, 0x44,
                0x24, 0x20, 0xB8, 0x01, 0x00, 0x00, 0x00, 0x48, 0x6B, 0xC0, 0x00, 0x48,
                0x8B, 0x4C, 0x24, 0x20, 0xC6, 0x04, 0x01, 0x41, 0xB8, 0x01, 0x00, 0x00,
                0x00, 0x48, 0x6B, 0xC0, 0x01, 0x48, 0x8B, 0x4C, 0x24, 0x20, 0xC6, 0x04,
                0x01, 0xBA, 0x48, 0x8B, 0x44, 0x24, 0x30, 0x48, 0x83, 0xC0, 0x02, 0x48,
                0x89, 0x05, 0xB2, 0x6F, 0x00, 0x00, 0x48, 0x8B, 0x44, 0x24, 0x20, 0x8B,
                0x8C, 0x24, 0xA8, 0x00, 0x00, 0x00, 0x89, 0x48, 0x02, 0x48, 0x8B, 0x44,
                0x24, 0x20, 0x48, 0x83, 0xC0, 0x06, 0x48, 0x89, 0x44, 0x24, 0x20, 0xB8,
                0x01, 0x00, 0x00, 0x00, 0x48, 0x6B, 0xC0, 0x00, 0x48, 0x8B, 0x4C, 0x24,
                0x20, 0xC6, 0x04, 0x01, 0x44, 0xB8, 0x01, 0x00, 0x00, 0x00, 0x48, 0x6B,
                0xC0, 0x01, 0x48, 0x8B, 0x4C, 0x24, 0x20, 0xC6, 0x04, 0x01, 0x89, 0xB8,
                0x01, 0x00, 0x00, 0x00, 0x48, 0x6B, 0xC0, 0x02, 0x48, 0x8B, 0x4C, 0x24,
                0x20, 0xC6, 0x04, 0x01, 0x51, 0xB8, 0x01, 0x00, 0x00, 0x00, 0x48, 0x6B,
                0xC0, 0x03, 0x48, 0x8B, 0x4C, 0x24, 0x20, 0xC6, 0x04, 0x01, 0x28, 0x48,
                0x8B, 0x44, 0x24, 0x20, 0x48, 0x83, 0xC0, 0x04, 0x48, 0x89, 0x44, 0x24,
                0x20, 0xB8, 0x01, 0x00, 0x00, 0x00, 0x48, 0x6B, 0xC0, 0x00, 0x48, 0x8B,
                0x4C, 0x24, 0x20, 0xC6, 0x04, 0x01, 0x41, 0xB8, 0x01, 0x00, 0x00, 0x00,
                0x48, 0x6B, 0xC0, 0x01, 0x48, 0x8B, 0x4C, 0x24, 0x20, 0xC6, 0x04, 0x01,
                0xBA, 0x48, 0x8B, 0x44, 0x24, 0x30, 0x48, 0x83, 0xC0, 0x0C, 0x48, 0x89,
                0x05, 0x13, 0x6F, 0x00, 0x00, 0x48, 0x8B, 0x44, 0x24, 0x20, 0x8B, 0x8C,
                0x24, 0xB0, 0x00, 0x00, 0x00, 0x89, 0x48, 0x02, 0x48, 0x8B, 0x44, 0x24,
                0x20, 0x48, 0x83, 0xC0, 0x06, 0x48, 0x89, 0x44, 0x24, 0x20, 0xB8, 0x01,
                0x00, 0x00, 0x00, 0x48, 0x6B, 0xC0, 0x00, 0x48, 0x8B, 0x4C, 0x24, 0x20,
                0xC6, 0x04, 0x01, 0x44, 0xB8, 0x01, 0x00, 0x00, 0x00, 0x48, 0x6B, 0xC0,
                0x01, 0x48, 0x8B, 0x4C, 0x24, 0x20, 0xC6, 0x04, 0x01, 0x89, 0xB8, 0x01,
                0x00, 0x00, 0x00, 0x48, 0x6B, 0xC0, 0x02, 0x48, 0x8B, 0x4C, 0x24, 0x20,
                0xC6, 0x04, 0x01, 0x51, 0xB8, 0x01, 0x00, 0x00, 0x00, 0x48, 0x6B, 0xC0,
                0x03, 0x48, 0x8B, 0x4C, 0x24, 0x20, 0xC6, 0x04, 0x01, 0x2C, 0x48, 0x8B,
                0x44, 0x24, 0x20, 0x48, 0x83, 0xC0, 0x04, 0x48, 0x89, 0x44, 0x24, 0x20,
                0x0F, 0xB6, 0x44, 0x24, 0x29, 0x85, 0xC0, 0x0F, 0x84, 0x4B, 0x01, 0x00,
                0x00, 0xB8, 0x01, 0x00, 0x00, 0x00, 0x48, 0x6B, 0xC0, 0x00, 0x48, 0x8B,
                0x4C, 0x24, 0x20, 0xC6, 0x04, 0x01, 0x48, 0xB8, 0x01, 0x00, 0x00, 0x00,
                0x48, 0x6B, 0xC0, 0x01, 0x48, 0x8B, 0x4C, 0x24, 0x20, 0xC6, 0x04, 0x01,
                0x8B, 0xB8, 0x01, 0x00, 0x00, 0x00, 0x48, 0x6B, 0xC0, 0x02, 0x48, 0x8B,
                0x4C, 0x24, 0x20, 0xC6, 0x04, 0x01, 0xC4, 0x48, 0x8B, 0x44, 0x24, 0x20,
                0x48, 0x83, 0xC0, 0x03, 0x48, 0x89, 0x44, 0x24, 0x20, 0xB8, 0x01, 0x00,
                0x00, 0x00, 0x48, 0x6B, 0xC0, 0x00, 0x48, 0x8B, 0x4C, 0x24, 0x20, 0xC6,
                0x04, 0x01, 0x4C, 0xB8, 0x01, 0x00, 0x00, 0x00, 0x48, 0x6B, 0xC0, 0x01,
                0x48, 0x8B, 0x4C, 0x24, 0x20, 0xC6, 0x04, 0x01, 0x89, 0xB8, 0x01, 0x00,
                0x00, 0x00, 0x48, 0x6B, 0xC0, 0x02, 0x48, 0x8B, 0x4C, 0x24, 0x20, 0xC6,
                0x04, 0x01, 0x48, 0xB8, 0x01, 0x00, 0x00, 0x00, 0x48, 0x6B, 0xC0, 0x03,
                0x48, 0x8B, 0x4C, 0x24, 0x20, 0xC6, 0x04, 0x01, 0x20, 0x48, 0x8B, 0x44,
                0x24, 0x20, 0x48, 0x83, 0xC0, 0x04, 0x48, 0x89, 0x44, 0x24, 0x20, 0xB8,
                0x01, 0x00, 0x00, 0x00, 0x48, 0x6B, 0xC0, 0x00, 0x48, 0x8B, 0x4C, 0x24,
                0x20, 0xC6, 0x04, 0x01, 0x44, 0xB8, 0x01, 0x00, 0x00, 0x00, 0x48, 0x6B,
                0xC0, 0x01, 0x48, 0x8B, 0x4C, 0x24, 0x20, 0xC6, 0x04, 0x01, 0x89, 0xB8,
                0x01, 0x00, 0x00, 0x00, 0x48, 0x6B, 0xC0, 0x02, 0x48, 0x8B, 0x4C, 0x24,
                0x20, 0xC6, 0x04, 0x01, 0x40, 0xB8, 0x01, 0x00, 0x00, 0x00, 0x48, 0x6B,
                0xC0, 0x03, 0x48, 0x8B, 0x4C, 0x24, 0x20, 0xC6, 0x04, 0x01, 0x18, 0x48,
                0x8B, 0x44, 0x24, 0x20, 0x48, 0x83, 0xC0, 0x04, 0x48, 0x89, 0x44, 0x24,
                0x20, 0xB8, 0x01, 0x00, 0x00, 0x00, 0x48, 0x6B, 0xC0, 0x00, 0x48, 0x8B,
                0x4C, 0x24, 0x20, 0xC6, 0x04, 0x01, 0x66, 0xB8, 0x01, 0x00, 0x00, 0x00,
                0x48, 0x6B, 0xC0, 0x01, 0x48, 0x8B, 0x4C, 0x24, 0x20, 0xC6, 0x04, 0x01,
                0x89, 0xB8, 0x01, 0x00, 0x00, 0x00, 0x48, 0x6B, 0xC0, 0x02, 0x48, 0x8B,
                0x4C, 0x24, 0x20, 0xC6, 0x04, 0x01, 0x50, 0xB8, 0x01, 0x00, 0x00, 0x00,
                0x48, 0x6B, 0xC0, 0x03, 0x48, 0x8B, 0x4C, 0x24, 0x20, 0xC6, 0x04, 0x01,
                0x10, 0x48, 0x8B, 0x44, 0x24, 0x20, 0x48, 0x83, 0xC0, 0x04, 0x48, 0x89,
                0x44, 0x24, 0x20, 0xE9, 0x9C, 0x01, 0x00, 0x00, 0xB8, 0x01, 0x00, 0x00,
                0x00, 0x48, 0x6B, 0xC0, 0x00, 0x48, 0x8B, 0x4C, 0x24, 0x20, 0xC6, 0x04,
                0x01, 0x48, 0xB8, 0x01, 0x00, 0x00, 0x00, 0x48, 0x6B, 0xC0, 0x01, 0x48,
                0x8B, 0x4C, 0x24, 0x20, 0xC6, 0x04, 0x01, 0x8B, 0xB8, 0x01, 0x00, 0x00,
                0x00, 0x48, 0x6B, 0xC0, 0x02, 0x48, 0x8B, 0x4C, 0x24, 0x20, 0xC6, 0x04,
                0x01, 0xC4, 0x48, 0x8B, 0x44, 0x24, 0x20, 0x48, 0x83, 0xC0, 0x03, 0x48,
                0x89, 0x44, 0x24, 0x20, 0xB8, 0x01, 0x00, 0x00, 0x00, 0x48, 0x6B, 0xC0,
                0x00, 0x48, 0x8B, 0x4C, 0x24, 0x20, 0xC6, 0x04, 0x01, 0x4C, 0xB8, 0x01,
                0x00, 0x00, 0x00, 0x48, 0x6B, 0xC0, 0x01, 0x48, 0x8B, 0x4C, 0x24, 0x20,
                0xC6, 0x04, 0x01, 0x89, 0xB8, 0x01, 0x00, 0x00, 0x00, 0x48, 0x6B, 0xC0,
                0x02, 0x48, 0x8B, 0x4C, 0x24, 0x20, 0xC6, 0x04, 0x01, 0x48, 0xB8, 0x01,
                0x00, 0x00, 0x00, 0x48, 0x6B, 0xC0, 0x03, 0x48, 0x8B, 0x4C, 0x24, 0x20,
                0xC6, 0x04, 0x01, 0x20, 0x48, 0x8B, 0x44, 0x24, 0x20, 0x48, 0x83, 0xC0,
                0x04, 0x48, 0x89, 0x44, 0x24, 0x20, 0xB8, 0x01, 0x00, 0x00, 0x00, 0x48,
                0x6B, 0xC0, 0x00, 0x48, 0x8B, 0x4C, 0x24, 0x20, 0xC6, 0x04, 0x01, 0x44,
                0xB8, 0x01, 0x00, 0x00, 0x00, 0x48, 0x6B, 0xC0, 0x01, 0x48, 0x8B, 0x4C,
                0x24, 0x20, 0xC6, 0x04, 0x01, 0x89, 0xB8, 0x01, 0x00, 0x00, 0x00, 0x48,
                0x6B, 0xC0, 0x02, 0x48, 0x8B, 0x4C, 0x24, 0x20, 0xC6, 0x04, 0x01, 0x40,
                0xB8, 0x01, 0x00, 0x00, 0x00, 0x48, 0x6B, 0xC0, 0x03, 0x48, 0x8B, 0x4C,
                0x24, 0x20, 0xC6, 0x04, 0x01, 0x18, 0x48, 0x8B, 0x44, 0x24, 0x20, 0x48,
                0x83, 0xC0, 0x04, 0x48, 0x89, 0x44, 0x24, 0x20, 0xB8, 0x01, 0x00, 0x00,
                0x00, 0x48, 0x6B, 0xC0, 0x00, 0x48, 0x8B, 0x4C, 0x24, 0x20, 0xC6, 0x04,
                0x01, 0x66, 0xB8, 0x01, 0x00, 0x00, 0x00, 0x48, 0x6B, 0xC0, 0x01, 0x48,
                0x8B, 0x4C, 0x24, 0x20, 0xC6, 0x04, 0x01, 0x89, 0xB8, 0x01, 0x00, 0x00,
                0x00, 0x48, 0x6B, 0xC0, 0x02, 0x48, 0x8B, 0x4C, 0x24, 0x20, 0xC6, 0x04,
                0x01, 0x50, 0xB8, 0x01, 0x00, 0x00, 0x00, 0x48, 0x6B, 0xC0, 0x03, 0x48,
                0x8B, 0x4C, 0x24, 0x20, 0xC6, 0x04, 0x01, 0x10, 0x48, 0x8B, 0x44, 0x24,
                0x20, 0x48, 0x83, 0xC0, 0x04, 0x48, 0x89, 0x44, 0x24, 0x20, 0xB8, 0x01,
                0x00, 0x00, 0x00, 0x48, 0x6B, 0xC0, 0x00, 0x48, 0x8B, 0x4C, 0x24, 0x20,
                0xC6, 0x04, 0x01, 0x48, 0xB8, 0x01, 0x00, 0x00, 0x00, 0x48, 0x6B, 0xC0,
                0x01, 0x48, 0x8B, 0x4C, 0x24, 0x20, 0xC6, 0x04, 0x01, 0x89, 0xB8, 0x01,
                0x00, 0x00, 0x00, 0x48, 0x6B, 0xC0, 0x02, 0x48, 0x8B, 0x4C, 0x24, 0x20,
                0xC6, 0x04, 0x01, 0x48, 0xB8, 0x01, 0x00, 0x00, 0x00, 0x48, 0x6B, 0xC0,
                0x03, 0x48, 0x8B, 0x4C, 0x24, 0x20, 0xC6, 0x04, 0x01, 0x08, 0x48, 0x8B,
                0x44, 0x24, 0x20, 0x48, 0x83, 0xC0, 0x04, 0x48, 0x89, 0x44, 0x24, 0x20,
                0x8B, 0x44, 0x24, 0x3C, 0x48, 0x8B, 0x8C, 0x24, 0xA0, 0x00, 0x00, 0x00,
                0x48, 0x03, 0xC8, 0x48, 0x8B, 0xC1, 0x48, 0x89, 0x44, 0x24, 0x50, 0xB8,
                0x01, 0x00, 0x00, 0x00, 0x48, 0x6B, 0xC0, 0x00, 0x48, 0x8B, 0x4C, 0x24,
                0x20, 0xC6, 0x04, 0x01, 0x49, 0xB8, 0x01, 0x00, 0x00, 0x00, 0x48, 0x6B,
                0xC0, 0x01, 0x48, 0x8B, 0x4C, 0x24, 0x20, 0xC6, 0x04, 0x01, 0xBA, 0x48,
                0x8B, 0x44, 0x24, 0x20, 0x48, 0x8B, 0x4C, 0x24, 0x50, 0x48, 0x89, 0x48,
                0x02, 0x48, 0x8B, 0x44, 0x24, 0x20, 0x48, 0x83, 0xC0, 0x0A, 0x48, 0x89,
                0x44, 0x24, 0x20, 0xB8, 0x01, 0x00, 0x00, 0x00, 0x48, 0x6B, 0xC0, 0x00,
                0x48, 0x8B, 0x4C, 0x24, 0x20, 0xC6, 0x04, 0x01, 0x41, 0xB8, 0x01, 0x00,
                0x00, 0x00, 0x48, 0x6B, 0xC0, 0x01, 0x48, 0x8B, 0x4C, 0x24, 0x20, 0xC6,
                0x04, 0x01, 0xFF, 0xB8, 0x01, 0x00, 0x00, 0x00, 0x48, 0x6B, 0xC0, 0x02,
                0x48, 0x8B, 0x4C, 0x24, 0x20, 0xC6, 0x04, 0x01, 0xE2, 0x48, 0x8B, 0x44,
                0x24, 0x20, 0x48, 0x83, 0xC0, 0x03, 0x48, 0x89, 0x44, 0x24, 0x20, 0x41,
                0xB8, 0x13, 0x00, 0x00, 0x00, 0x33, 0xD2, 0x48, 0x8D, 0x4C, 0x24, 0x68,
                0xE8, 0xF7, 0x4E, 0x00, 0x00, 0x48, 0x8B, 0x44, 0x24, 0x30, 0x48, 0x89,
                0x44, 0x24, 0x58, 0xB8, 0x01, 0x00, 0x00, 0x00, 0x48, 0x6B, 0xC0, 0x00,
                0xC6, 0x44, 0x04, 0x68, 0x49, 0xB8, 0x01, 0x00, 0x00, 0x00, 0x48, 0x6B,
                0xC0, 0x01, 0xC6, 0x44, 0x04, 0x68, 0xBA, 0x48, 0x8B, 0x44, 0x24, 0x58,
                0x48, 0x89, 0x44, 0x24, 0x6A, 0xB8, 0x01, 0x00, 0x00, 0x00, 0x48, 0x6B,
                0xC0, 0x0A, 0xC6, 0x44, 0x04, 0x68, 0x41, 0xB8, 0x01, 0x00, 0x00, 0x00,
                0x48, 0x6B, 0xC0, 0x0B, 0xC6, 0x44, 0x04, 0x68, 0xFF, 0xB8, 0x01, 0x00,
                0x00, 0x00, 0x48, 0x6B, 0xC0, 0x0C, 0xC6, 0x44, 0x04, 0x68, 0xE2, 0xC7,
                0x44, 0x24, 0x38, 0x0D, 0x00, 0x00, 0x00, 0xEB, 0x0A, 0x8B, 0x44, 0x24,
                0x38, 0xFF, 0xC0, 0x89, 0x44, 0x24, 0x38, 0x8B, 0x44, 0x24, 0x2C, 0x39,
                0x44, 0x24, 0x38, 0x73, 0x0B, 0x8B, 0x44, 0x24, 0x38, 0xC6, 0x44, 0x04,
                0x68, 0x90, 0xEB, 0xE1, 0x8B, 0x44, 0x24, 0x2C, 0x44, 0x8B, 0xC0, 0x48,
                0x8D, 0x54, 0x24, 0x68, 0x48, 0x8B, 0x8C, 0x24, 0xA0, 0x00, 0x00, 0x00,
                0xE8, 0xAB, 0x43, 0x00, 0x00, 0x89, 0x44, 0x24, 0x40, 0x83, 0x7C, 0x24,
                0x40, 0x00, 0x7D, 0x26, 0xBA, 0x42, 0x67, 0x44, 0x63, 0x48, 0x8B, 0x4C,
                0x24, 0x30, 0xFF, 0x15, 0xB0, 0x59, 0x00, 0x00, 0xBA, 0x54, 0x6E, 0x67,
                0x4F, 0x48, 0x8B, 0x4C, 0x24, 0x48, 0xFF, 0x15, 0xA0, 0x59, 0x00, 0x00,
                0x8B, 0x44, 0x24, 0x40, 0xEB, 0x40, 0x48, 0x8B, 0x84, 0x24, 0xA0, 0x00,
                0x00, 0x00, 0x48, 0x89, 0x05, 0xF3, 0x6A, 0x00, 0x00, 0x48, 0x8B, 0x44,
                0x24, 0x48, 0x48, 0x89, 0x05, 0xEF, 0x6A, 0x00, 0x00, 0x8B, 0x44, 0x24,
                0x2C, 0x48, 0x89, 0x05, 0xEC, 0x6A, 0x00, 0x00, 0x48, 0x8B, 0x44, 0x24,
                0x30, 0x48, 0x89, 0x05, 0xE8, 0x6A, 0x00, 0x00, 0xC6, 0x05, 0xE9, 0x6A,
                0x00, 0x00, 0x01, 0xE8, 0x28, 0x47, 0x00, 0x00, 0x33, 0xC0, 0x48, 0x8B,
                0x8C, 0x24, 0x80, 0x00, 0x00, 0x00, 0x48, 0x33, 0xCC, 0xE8, 0x8A, 0x4A,
                0x00, 0x00, 0x48, 0x81, 0xC4, 0x98, 0x00, 0x00, 0x00, 0xC3, 0xCC, 0xCC,
                0x4C, 0x89, 0x44, 0x24, 0x18, 0x48, 0x89, 0x54, 0x24, 0x10, 0x48, 0x89,
                0x4C, 0x24, 0x08, 0x48, 0x81, 0xEC, 0x28, 0x01, 0x00, 0x00, 0x48, 0x8B,
                0x05, 0xB3, 0x68, 0x00, 0x00, 0x48, 0x33, 0xC4, 0x48, 0x89, 0x84, 0x24,
                0x10, 0x01, 0x00, 0x00, 0x48, 0x83, 0xBC, 0x24, 0x30, 0x01, 0x00, 0x00,
                0x00, 0x74, 0x16, 0x48, 0x83, 0xBC, 0x24, 0x38, 0x01, 0x00, 0x00, 0x00,
                0x74, 0x0B, 0x48, 0x83, 0xBC, 0x24, 0x40, 0x01, 0x00, 0x00, 0x01, 0x73,
                0x0A, 0xB8, 0x0D, 0x00, 0x00, 0xC0, 0xE9, 0x72, 0x08, 0x00, 0x00, 0x48,
                0x8B, 0x84, 0x24, 0x40, 0x01, 0x00, 0x00, 0x48, 0xD1, 0xE0, 0x48, 0x3D,
                0xFF, 0xFF, 0x00, 0x00, 0x76, 0x0A, 0xB8, 0x0D, 0x00, 0x00, 0xC0, 0xE9,
                0x55, 0x08, 0x00, 0x00, 0x0F, 0xB6, 0x05, 0x01, 0x6A, 0x00, 0x00, 0x85,
                0xC0, 0x74, 0x27, 0xE8, 0x90, 0x1B, 0x00, 0x00, 0x4C, 0x8B, 0x84, 0x24,
                0x40, 0x01, 0x00, 0x00, 0x48, 0x8B, 0x94, 0x24, 0x38, 0x01, 0x00, 0x00,
                0x48, 0x8B, 0x8C, 0x24, 0x30, 0x01, 0x00, 0x00, 0xE8, 0x63, 0xFF, 0xFF,
                0xFF, 0xE9, 0x23, 0x08, 0x00, 0x00, 0xE8, 0x85, 0x8C, 0xFF, 0xFF, 0x89,
                0x44, 0x24, 0x28, 0x48, 0x8B, 0x84, 0x24, 0x40, 0x01, 0x00, 0x00, 0x48,
                0xD1, 0xE0, 0x66, 0x89, 0x44, 0x24, 0x2C, 0x0F, 0xB7, 0x44, 0x24, 0x2C,
                0x48, 0x83, 0xC0, 0x02, 0x66, 0x89, 0x44, 0x24, 0x48, 0x83, 0x7C, 0x24,
                0x28, 0x02, 0x75, 0x0A, 0xC7, 0x44, 0x24, 0x4C, 0x84, 0x00, 0x00, 0x00,
                0xEB, 0x08, 0xC7, 0x44, 0x24, 0x4C, 0x90, 0x00, 0x00, 0x00, 0x8B, 0x44,
                0x24, 0x4C, 0x89, 0x84, 0x24, 0x94, 0x00, 0x00, 0x00, 0x83, 0x7C, 0x24,
                0x28, 0x02, 0x75, 0x0A, 0xC7, 0x44, 0x24, 0x50, 0x94, 0x00, 0x00, 0x00,
                0xEB, 0x08, 0xC7, 0x44, 0x24, 0x50, 0xA2, 0x00, 0x00, 0x00, 0x8B, 0x44,
                0x24, 0x50, 0x89, 0x84, 0x24, 0x88, 0x00, 0x00, 0x00, 0x83, 0x7C, 0x24,
                0x28, 0x02, 0x75, 0x0A, 0xC7, 0x44, 0x24, 0x54, 0x10, 0x00, 0x00, 0x00,
                0xEB, 0x08, 0xC7, 0x44, 0x24, 0x54, 0x12, 0x00, 0x00, 0x00, 0x8B, 0x44,
                0x24, 0x54, 0x89, 0x44, 0x24, 0x70, 0x8B, 0x44, 0x24, 0x70, 0x89, 0x44,
                0x24, 0x34, 0xC7, 0x84, 0x24, 0xC0, 0x00, 0x00, 0x00, 0x04, 0x00, 0x00,
                0x00, 0x83, 0x7C, 0x24, 0x28, 0x02, 0x75, 0x0A, 0xC7, 0x44, 0x24, 0x58,
                0x09, 0x00, 0x00, 0x00, 0xEB, 0x08, 0xC7, 0x44, 0x24, 0x58, 0x09, 0x00,
                0x00, 0x00, 0x8B, 0x44, 0x24, 0x58, 0x89, 0x84, 0x24, 0x8C, 0x00, 0x00,
                0x00, 0x83, 0x7C, 0x24, 0x28, 0x02, 0x75, 0x0A, 0xC7, 0x44, 0x24, 0x5C,
                0x03, 0x00, 0x00, 0x00, 0xEB, 0x08, 0xC7, 0x44, 0x24, 0x5C, 0x04, 0x00,
                0x00, 0x00, 0x8B, 0x44, 0x24, 0x5C, 0x89, 0x44, 0x24, 0x68, 0x83, 0x7C,
                0x24, 0x28, 0x02, 0x75, 0x0A, 0xC7, 0x44, 0x24, 0x60, 0x0C, 0x00, 0x00,
                0x00, 0xEB, 0x08, 0xC7, 0x44, 0x24, 0x60, 0x0D, 0x00, 0x00, 0x00, 0x8B,
                0x44, 0x24, 0x60, 0x89, 0x84, 0x24, 0x90, 0x00, 0x00, 0x00, 0x83, 0x7C,
                0x24, 0x28, 0x02, 0x75, 0x0A, 0xC7, 0x44, 0x24, 0x64, 0x04, 0x00, 0x00,
                0x00, 0xEB, 0x08, 0xC7, 0x44, 0x24, 0x64, 0x05, 0x00, 0x00, 0x00, 0x8B,
                0x44, 0x24, 0x64, 0x89, 0x44, 0x24, 0x6C, 0x8B, 0x84, 0x24, 0x94, 0x00,
                0x00, 0x00, 0x48, 0x8B, 0x8C, 0x24, 0x30, 0x01, 0x00, 0x00, 0x48, 0x03,
                0xC8, 0x48, 0x8B, 0xC1, 0x48, 0x89, 0x84, 0x24, 0x98, 0x00, 0x00, 0x00,
                0x8B, 0x84, 0x24, 0x88, 0x00, 0x00, 0x00, 0x48, 0x8B, 0x8C, 0x24, 0x30,
                0x01, 0x00, 0x00, 0x48, 0x03, 0xC8, 0x48, 0x8B, 0xC1, 0x48, 0x89, 0x84,
                0x24, 0xD0, 0x00, 0x00, 0x00, 0x41, 0xB8, 0x12, 0x00, 0x00, 0x00, 0x33,
                0xD2, 0x48, 0x8D, 0x8C, 0x24, 0xF8, 0x00, 0x00, 0x00, 0xE8, 0xB2, 0x4B,
                0x00, 0x00, 0x8B, 0x44, 0x24, 0x34, 0x44, 0x8B, 0xC0, 0x48, 0x8D, 0x94,
                0x24, 0xF8, 0x00, 0x00, 0x00, 0x48, 0x8B, 0x8C, 0x24, 0x98, 0x00, 0x00,
                0x00, 0xE8, 0x82, 0x12, 0x00, 0x00, 0x89, 0x44, 0x24, 0x30, 0x83, 0x7C,
                0x24, 0x30, 0x00, 0x7D, 0x09, 0x8B, 0x44, 0x24, 0x30, 0xE9, 0x77, 0x06,
                0x00, 0x00, 0x48, 0x8B, 0x84, 0x24, 0x40, 0x01, 0x00, 0x00, 0x48, 0xD1,
                0xE0, 0x48, 0x89, 0x84, 0x24, 0xA0, 0x00, 0x00, 0x00, 0x48, 0x8B, 0x84,
                0x24, 0xA0, 0x00, 0x00, 0x00, 0x48, 0x83, 0xC0, 0x07, 0x48, 0x83, 0xE0,
                0xF8, 0x48, 0x89, 0x44, 0x24, 0x78, 0x41, 0xB8, 0x53, 0x74, 0x72, 0x67,
                0x48, 0x8B, 0x54, 0x24, 0x78, 0x33, 0xC9, 0xFF, 0x15, 0xAF, 0x56, 0x00,
                0x00, 0x48, 0x89, 0x44, 0x24, 0x40, 0x48, 0x83, 0x7C, 0x24, 0x40, 0x00,
                0x75, 0x0A, 0xB8, 0x9A, 0x00, 0x00, 0xC0, 0xE9, 0x25, 0x06, 0x00, 0x00,
                0x4C, 0x8B, 0x44, 0x24, 0x78, 0x33, 0xD2, 0x48, 0x8B, 0x4C, 0x24, 0x40,
                0xE8, 0x1F, 0x4B, 0x00, 0x00, 0x4C, 0x8B, 0x84, 0x24, 0xA0, 0x00, 0x00,
                0x00, 0x48, 0x8B, 0x94, 0x24, 0x38, 0x01, 0x00, 0x00, 0x48, 0x8B, 0x4C,
                0x24, 0x40, 0xE8, 0x45, 0x48, 0x00, 0x00, 0x48, 0xC7, 0x84, 0x24, 0xD8,
                0x00, 0x00, 0x00, 0x36, 0x00, 0x00, 0x00, 0x48, 0x8B, 0x44, 0x24, 0x78,
                0x48, 0x83, 0xC0, 0x36, 0x48, 0x89, 0x84, 0x24, 0xA8, 0x00, 0x00, 0x00,
                0x41, 0xB8, 0x54, 0x72, 0x6D, 0x70, 0x48, 0x8B, 0x94, 0x24, 0xA8, 0x00,
                0x00, 0x00, 0x33, 0xC9, 0xFF, 0x15, 0x3A, 0x56, 0x00, 0x00, 0x48, 0x89,
                0x44, 0x24, 0x38, 0x48, 0x83, 0x7C, 0x24, 0x38, 0x00, 0x75, 0x1A, 0xBA,
                0x53, 0x74, 0x72, 0x67, 0x48, 0x8B, 0x4C, 0x24, 0x40, 0xFF, 0x15, 0x25,
                0x56, 0x00, 0x00, 0xB8, 0x9A, 0x00, 0x00, 0xC0, 0xE9, 0xA0, 0x05, 0x00,
                0x00, 0x4C, 0x8B, 0x84, 0x24, 0xA8, 0x00, 0x00, 0x00, 0x33, 0xD2, 0x48,
                0x8B, 0x4C, 0x24, 0x38, 0xE8, 0x97, 0x4A, 0x00, 0x00, 0x8B, 0x44, 0x24,
                0x34, 0x41, 0xB8, 0x53, 0x6E, 0x67, 0x4F, 0x8B, 0xD0, 0x33, 0xC9, 0xFF,
                0x15, 0xEB, 0x55, 0x00, 0x00, 0x48, 0x89, 0x84, 0x24, 0x80, 0x00, 0x00,
                0x00, 0x48, 0x83, 0xBC, 0x24, 0x80, 0x00, 0x00, 0x00, 0x00, 0x75, 0x2A,
                0xBA, 0x54, 0x72, 0x6D, 0x70, 0x48, 0x8B, 0x4C, 0x24, 0x38, 0xFF, 0x15,
                0xD0, 0x55, 0x00, 0x00, 0xBA, 0x53, 0x74, 0x72, 0x67, 0x48, 0x8B, 0x4C,
                0x24, 0x40, 0xFF, 0x15, 0xC0, 0x55, 0x00, 0x00, 0xB8, 0x9A, 0x00, 0x00,
                0xC0, 0xE9, 0x3B, 0x05, 0x00, 0x00, 0x8B, 0x44, 0x24, 0x34, 0x44, 0x8B,
                0xC0, 0x48, 0x8D, 0x94, 0x24, 0xF8, 0x00, 0x00, 0x00, 0x48, 0x8B, 0x8C,
                0x24, 0x80, 0x00, 0x00, 0x00, 0xE8, 0x6A, 0x47, 0x00, 0x00, 0x48, 0x8B,
                0x44, 0x24, 0x38, 0x48, 0x89, 0x44, 0x24, 0x20, 0x41, 0xB8, 0x05, 0x00,
                0x00, 0x00, 0x48, 0x8D, 0x94, 0x24, 0xF8, 0x00, 0x00, 0x00, 0x48, 0x8B,
                0x4C, 0x24, 0x20, 0xE8, 0x48, 0x47, 0x00, 0x00, 0x48, 0x8B, 0x44, 0x24,
                0x20, 0x48, 0x83, 0xC0, 0x05, 0x48, 0x89, 0x44, 0x24, 0x20, 0x83, 0x7C,
                0x24, 0x28, 0x02, 0x75, 0x34, 0xB8, 0x01, 0x00, 0x00, 0x00, 0x48, 0x6B,
                0xC0, 0x00, 0x48, 0x8B, 0x4C, 0x24, 0x20, 0xC6, 0x04, 0x01, 0x41, 0xB8,
                0x01, 0x00, 0x00, 0x00, 0x48, 0x6B, 0xC0, 0x01, 0x48, 0x8B, 0x4C, 0x24,
                0x20, 0xC6, 0x04, 0x01, 0x50, 0x48, 0x8B, 0x44, 0x24, 0x20, 0x48, 0x83,
                0xC0, 0x02, 0x48, 0x89, 0x44, 0x24, 0x20, 0xEB, 0x1F, 0xB8, 0x01, 0x00,
                0x00, 0x00, 0x48, 0x6B, 0xC0, 0x00, 0x48, 0x8B, 0x4C, 0x24, 0x20, 0xC6,
                0x04, 0x01, 0x51, 0x48, 0x8B, 0x44, 0x24, 0x20, 0x48, 0xFF, 0xC0, 0x48,
                0x89, 0x44, 0x24, 0x20, 0x48, 0x8B, 0x44, 0x24, 0x38, 0x48, 0x83, 0xC0,
                0x36, 0x48, 0x89, 0x84, 0x24, 0xC8, 0x00, 0x00, 0x00, 0x83, 0x7C, 0x24,
                0x28, 0x02, 0x75, 0x26, 0xB8, 0x01, 0x00, 0x00, 0x00, 0x48, 0x6B, 0xC0,
                0x00, 0x48, 0x8B, 0x4C, 0x24, 0x20, 0xC6, 0x04, 0x01, 0x49, 0xB8, 0x01,
                0x00, 0x00, 0x00, 0x48, 0x6B, 0xC0, 0x01, 0x48, 0x8B, 0x4C, 0x24, 0x20,
                0xC6, 0x04, 0x01, 0xB8, 0xEB, 0x24, 0xB8, 0x01, 0x00, 0x00, 0x00, 0x48,
                0x6B, 0xC0, 0x00, 0x48, 0x8B, 0x4C, 0x24, 0x20, 0xC6, 0x04, 0x01, 0x48,
                0xB8, 0x01, 0x00, 0x00, 0x00, 0x48, 0x6B, 0xC0, 0x01, 0x48, 0x8B, 0x4C,
                0x24, 0x20, 0xC6, 0x04, 0x01, 0xB9, 0x48, 0x8B, 0x44, 0x24, 0x20, 0x48,
                0x8B, 0x8C, 0x24, 0xC8, 0x00, 0x00, 0x00, 0x48, 0x89, 0x48, 0x02, 0x48,
                0x8B, 0x44, 0x24, 0x20, 0x48, 0x83, 0xC0, 0x0A, 0x48, 0x89, 0x44, 0x24,
                0x20, 0x48, 0x8D, 0x84, 0x24, 0xFD, 0x00, 0x00, 0x00, 0x41, 0xB8, 0x04,
                0x00, 0x00, 0x00, 0x48, 0x8B, 0xD0, 0x48, 0x8B, 0x4C, 0x24, 0x20, 0xE8,
                0x44, 0x46, 0x00, 0x00, 0x48, 0x8B, 0x44, 0x24, 0x20, 0x48, 0x83, 0xC0,
                0x04, 0x48, 0x89, 0x44, 0x24, 0x20, 0x83, 0x7C, 0x24, 0x28, 0x02, 0x75,
                0x34, 0xB8, 0x01, 0x00, 0x00, 0x00, 0x48, 0x6B, 0xC0, 0x00, 0x48, 0x8B,
                0x4C, 0x24, 0x20, 0xC6, 0x04, 0x01, 0x41, 0xB8, 0x01, 0x00, 0x00, 0x00,
                0x48, 0x6B, 0xC0, 0x01, 0x48, 0x8B, 0x4C, 0x24, 0x20, 0xC6, 0x04, 0x01,
                0x58, 0x48, 0x8B, 0x44, 0x24, 0x20, 0x48, 0x83, 0xC0, 0x02, 0x48, 0x89,
                0x44, 0x24, 0x20, 0xEB, 0x1F, 0xB8, 0x01, 0x00, 0x00, 0x00, 0x48, 0x6B,
                0xC0, 0x00, 0x48, 0x8B, 0x4C, 0x24, 0x20, 0xC6, 0x04, 0x01, 0x59, 0x48,
                0x8B, 0x44, 0x24, 0x20, 0x48, 0xFF, 0xC0, 0x48, 0x89, 0x44, 0x24, 0x20,
                0x48, 0x8B, 0x44, 0x24, 0x20, 0xC6, 0x00, 0x50, 0x48, 0x8B, 0x44, 0x24,
                0x20, 0x48, 0xFF, 0xC0, 0x48, 0x89, 0x44, 0x24, 0x20, 0xB8, 0x01, 0x00,
                0x00, 0x00, 0x48, 0x6B, 0xC0, 0x00, 0x48, 0x8B, 0x4C, 0x24, 0x20, 0xC6,
                0x04, 0x01, 0x66, 0xB8, 0x01, 0x00, 0x00, 0x00, 0x48, 0x6B, 0xC0, 0x01,
                0x48, 0x8B, 0x4C, 0x24, 0x20, 0xC6, 0x04, 0x01, 0xB8, 0x48, 0x8B, 0x44,
                0x24, 0x20, 0x0F, 0xB7, 0x4C, 0x24, 0x2C, 0x66, 0x89, 0x48, 0x02, 0x48,
                0x8B, 0x44, 0x24, 0x20, 0x48, 0x83, 0xC0, 0x04, 0x48, 0x89, 0x44, 0x24,
                0x20, 0x8B, 0x44, 0x24, 0x68, 0x8B, 0x8C, 0x24, 0x8C, 0x00, 0x00, 0x00,
                0x48, 0x8D, 0x8C, 0x0C, 0xF8, 0x00, 0x00, 0x00, 0x44, 0x8B, 0xC0, 0x48,
                0x8B, 0xD1, 0x48, 0x8B, 0x4C, 0x24, 0x20, 0xE8, 0x64, 0x45, 0x00, 0x00,
                0x8B, 0x44, 0x24, 0x68, 0x48, 0x8B, 0x4C, 0x24, 0x20, 0x48, 0x03, 0xC8,
                0x48, 0x8B, 0xC1, 0x48, 0x89, 0x44, 0x24, 0x20, 0xB8, 0x01, 0x00, 0x00,
                0x00, 0x48, 0x6B, 0xC0, 0x00, 0x48, 0x8B, 0x4C, 0x24, 0x20, 0xC6, 0x04,
                0x01, 0x66, 0xB8, 0x01, 0x00, 0x00, 0x00, 0x48, 0x6B, 0xC0, 0x01, 0x48,
                0x8B, 0x4C, 0x24, 0x20, 0xC6, 0x04, 0x01, 0xB8, 0x48, 0x8B, 0x44, 0x24,
                0x20, 0x0F, 0xB7, 0x4C, 0x24, 0x48, 0x66, 0x89, 0x48, 0x02, 0x48, 0x8B,
                0x44, 0x24, 0x20, 0x48, 0x83, 0xC0, 0x04, 0x48, 0x89, 0x44, 0x24, 0x20,
                0x8B, 0x44, 0x24, 0x6C, 0x8B, 0x8C, 0x24, 0x90, 0x00, 0x00, 0x00, 0x48,
                0x8D, 0x8C, 0x0C, 0xF8, 0x00, 0x00, 0x00, 0x44, 0x8B, 0xC0, 0x48, 0x8B,
                0xD1, 0x48, 0x8B, 0x4C, 0x24, 0x20, 0xE8, 0xED, 0x44, 0x00, 0x00, 0x8B,
                0x44, 0x24, 0x6C, 0x48, 0x8B, 0x4C, 0x24, 0x20, 0x48, 0x03, 0xC8, 0x48,
                0x8B, 0xC1, 0x48, 0x89, 0x44, 0x24, 0x20, 0x48, 0x8B, 0x44, 0x24, 0x20,
                0xC6, 0x00, 0x58, 0x48, 0x8B, 0x44, 0x24, 0x20, 0x48, 0xFF, 0xC0, 0x48,
                0x89, 0x44, 0x24, 0x20, 0x48, 0x8B, 0x84, 0x24, 0xD0, 0x00, 0x00, 0x00,
                0x48, 0x89, 0x84, 0x24, 0xB0, 0x00, 0x00, 0x00, 0xB8, 0x01, 0x00, 0x00,
                0x00, 0x48, 0x6B, 0xC0, 0x00, 0x48, 0x8B, 0x4C, 0x24, 0x20, 0xC6, 0x04,
                0x01, 0x68, 0xB8, 0xFF, 0xFF, 0xFF, 0xFF, 0x48, 0x8B, 0x8C, 0x24, 0xB0,
                0x00, 0x00, 0x00, 0x48, 0x23, 0xC8, 0x48, 0x8B, 0xC1, 0x48, 0x8B, 0x4C,
                0x24, 0x20, 0x89, 0x41, 0x01, 0xB8, 0x01, 0x00, 0x00, 0x00, 0x48, 0x6B,
                0xC0, 0x05, 0x48, 0x8B, 0x4C, 0x24, 0x20, 0xC6, 0x04, 0x01, 0xC7, 0xB8,
                0x01, 0x00, 0x00, 0x00, 0x48, 0x6B, 0xC0, 0x06, 0x48, 0x8B, 0x4C, 0x24,
                0x20, 0xC6, 0x04, 0x01, 0x44, 0xB8, 0x01, 0x00, 0x00, 0x00, 0x48, 0x6B,
                0xC0, 0x07, 0x48, 0x8B, 0x4C, 0x24, 0x20, 0xC6, 0x04, 0x01, 0x24, 0xB8,
                0x01, 0x00, 0x00, 0x00, 0x48, 0x6B, 0xC0, 0x08, 0x48, 0x8B, 0x4C, 0x24,
                0x20, 0xC6, 0x04, 0x01, 0x04, 0x48, 0x8B, 0x84, 0x24, 0xB0, 0x00, 0x00,
                0x00, 0x48, 0xC1, 0xE8, 0x20, 0x48, 0x8B, 0x4C, 0x24, 0x20, 0x89, 0x41,
                0x09, 0xB8, 0x01, 0x00, 0x00, 0x00, 0x48, 0x6B, 0xC0, 0x0D, 0x48, 0x8B,
                0x4C, 0x24, 0x20, 0xC6, 0x04, 0x01, 0xC3, 0x48, 0x8B, 0x44, 0x24, 0x20,
                0x48, 0x83, 0xC0, 0x0E, 0x48, 0x89, 0x44, 0x24, 0x20, 0x4C, 0x8B, 0x44,
                0x24, 0x78, 0x48, 0x8B, 0x54, 0x24, 0x40, 0x48, 0x8B, 0x4C, 0x24, 0x20,
                0xE8, 0xF7, 0x43, 0x00, 0x00, 0x41, 0xB8, 0x12, 0x00, 0x00, 0x00, 0x33,
                0xD2, 0x48, 0x8D, 0x8C, 0x24, 0xE0, 0x00, 0x00, 0x00, 0xE8, 0xA2, 0x46,
                0x00, 0x00, 0x48, 0x8B, 0x44, 0x24, 0x38, 0x48, 0x89, 0x84, 0x24, 0xB8,
                0x00, 0x00, 0x00, 0xB8, 0x01, 0x00, 0x00, 0x00, 0x48, 0x6B, 0xC0, 0x00,
                0xC6, 0x84, 0x04, 0xE0, 0x00, 0x00, 0x00, 0x68, 0xB8, 0xFF, 0xFF, 0xFF,
                0xFF, 0x48, 0x8B, 0x8C, 0x24, 0xB8, 0x00, 0x00, 0x00, 0x48, 0x23, 0xC8,
                0x48, 0x8B, 0xC1, 0x89, 0x84, 0x24, 0xE1, 0x00, 0x00, 0x00, 0xB8, 0x01,
                0x00, 0x00, 0x00, 0x48, 0x6B, 0xC0, 0x05, 0xC6, 0x84, 0x04, 0xE0, 0x00,
                0x00, 0x00, 0xC7, 0xB8, 0x01, 0x00, 0x00, 0x00, 0x48, 0x6B, 0xC0, 0x06,
                0xC6, 0x84, 0x04, 0xE0, 0x00, 0x00, 0x00, 0x44, 0xB8, 0x01, 0x00, 0x00,
                0x00, 0x48, 0x6B, 0xC0, 0x07, 0xC6, 0x84, 0x04, 0xE0, 0x00, 0x00, 0x00,
                0x24, 0xB8, 0x01, 0x00, 0x00, 0x00, 0x48, 0x6B, 0xC0, 0x08, 0xC6, 0x84,
                0x04, 0xE0, 0x00, 0x00, 0x00, 0x04, 0x48, 0x8B, 0x84, 0x24, 0xB8, 0x00,
                0x00, 0x00, 0x48, 0xC1, 0xE8, 0x20, 0x89, 0x84, 0x24, 0xE9, 0x00, 0x00,
                0x00, 0xB8, 0x01, 0x00, 0x00, 0x00, 0x48, 0x6B, 0xC0, 0x0D, 0xC6, 0x84,
                0x04, 0xE0, 0x00, 0x00, 0x00, 0xC3, 0xB8, 0x01, 0x00, 0x00, 0x00, 0x48,
                0x6B, 0xC0, 0x0E, 0xC6, 0x84, 0x04, 0xE0, 0x00, 0x00, 0x00, 0x90, 0xB8,
                0x01, 0x00, 0x00, 0x00, 0x48, 0x6B, 0xC0, 0x0F, 0xC6, 0x84, 0x04, 0xE0,
                0x00, 0x00, 0x00, 0x90, 0xB8, 0x01, 0x00, 0x00, 0x00, 0x48, 0x6B, 0xC0,
                0x10, 0xC6, 0x84, 0x04, 0xE0, 0x00, 0x00, 0x00, 0x90, 0xB8, 0x01, 0x00,
                0x00, 0x00, 0x48, 0x6B, 0xC0, 0x11, 0xC6, 0x84, 0x04, 0xE0, 0x00, 0x00,
                0x00, 0x90, 0x8B, 0x44, 0x24, 0x70, 0x44, 0x8B, 0xC0, 0x48, 0x8D, 0x94,
                0x24, 0xE0, 0x00, 0x00, 0x00, 0x48, 0x8B, 0x8C, 0x24, 0x98, 0x00, 0x00,
                0x00, 0xE8, 0xF2, 0x3A, 0x00, 0x00, 0x89, 0x44, 0x24, 0x30, 0x83, 0x7C,
                0x24, 0x30, 0x00, 0x7D, 0x39, 0xBA, 0x54, 0x72, 0x6D, 0x70, 0x48, 0x8B,
                0x4C, 0x24, 0x38, 0xFF, 0x15, 0xF7, 0x50, 0x00, 0x00, 0xBA, 0x53, 0x74,
                0x72, 0x67, 0x48, 0x8B, 0x4C, 0x24, 0x40, 0xFF, 0x15, 0xE7, 0x50, 0x00,
                0x00, 0xBA, 0x53, 0x6E, 0x67, 0x4F, 0x48, 0x8B, 0x8C, 0x24, 0x80, 0x00,
                0x00, 0x00, 0xFF, 0x15, 0xD4, 0x50, 0x00, 0x00, 0x8B, 0x44, 0x24, 0x30,
                0xEB, 0x53, 0x48, 0x8B, 0x84, 0x24, 0x98, 0x00, 0x00, 0x00, 0x48, 0x89,
                0x05, 0xD7, 0x61, 0x00, 0x00, 0x48, 0x8B, 0x84, 0x24, 0x80, 0x00, 0x00,
                0x00, 0x48, 0x89, 0x05, 0xD0, 0x61, 0x00, 0x00, 0x8B, 0x44, 0x24, 0x34,
                0x48, 0x89, 0x05, 0xCD, 0x61, 0x00, 0x00, 0x48, 0x8B, 0x44, 0x24, 0x38,
                0x48, 0x89, 0x05, 0xC9, 0x61, 0x00, 0x00, 0xC6, 0x05, 0xCA, 0x61, 0x00,
                0x00, 0x01, 0xE8, 0x59, 0x3E, 0x00, 0x00, 0xBA, 0x53, 0x74, 0x72, 0x67,
                0x48, 0x8B, 0x4C, 0x24, 0x40, 0xFF, 0x15, 0x7D, 0x50, 0x00, 0x00, 0x33,
                0xC0, 0x48, 0x8B, 0x8C, 0x24, 0x10, 0x01, 0x00, 0x00, 0x48, 0x33, 0xCC,
                0xE8, 0xAB, 0x41, 0x00, 0x00, 0x48, 0x81, 0xC4, 0x28, 0x01, 0x00, 0x00,
                0xC3, 0xCC, 0xCC, 0xCC, 0x48, 0x89, 0x54, 0x24, 0x10, 0x48, 0x89, 0x4C,
                0x24, 0x08, 0x48, 0x81, 0xEC, 0xF8, 0x00, 0x00, 0x00, 0x48, 0x8B, 0x05,
                0xD8, 0x5F, 0x00, 0x00, 0x48, 0x33, 0xC4, 0x48, 0x89, 0x84, 0x24, 0xE0,
                0x00, 0x00, 0x00, 0xC6, 0x44, 0x24, 0x30, 0xCC, 0xC6, 0x44, 0x24, 0x38,
                0x40, 0xC6, 0x44, 0x24, 0x39, 0x53, 0xC6, 0x44, 0x24, 0x3A, 0x55, 0xC6,
                0x44, 0x24, 0x3B, 0x56, 0xC6, 0x44, 0x24, 0x3C, 0x57, 0xC6, 0x44, 0x24,
                0x3D, 0x41, 0xC6, 0x44, 0x24, 0x3E, 0x54, 0xC6, 0x44, 0x24, 0x3F, 0x48,
                0xC6, 0x44, 0x24, 0x40, 0x81, 0xC6, 0x44, 0x24, 0x41, 0xEC, 0xC6, 0x44,
                0x24, 0x42, 0xCC, 0xC6, 0x44, 0x24, 0x43, 0xCC, 0xC6, 0x44, 0x24, 0x44,
                0xCC, 0xC6, 0x44, 0x24, 0x45, 0xCC, 0xC6, 0x44, 0x24, 0x46, 0x48, 0xC6,
                0x44, 0x24, 0x47, 0x8B, 0xC6, 0x44, 0x24, 0x48, 0x05, 0xC6, 0x44, 0x24,
                0x49, 0xCC, 0xC6, 0x44, 0x24, 0x4A, 0xCC, 0xC6, 0x44, 0x24, 0x4B, 0xCC,
                0xC6, 0x44, 0x24, 0x4C, 0xCC, 0xC6, 0x44, 0x24, 0x4D, 0x48, 0xC6, 0x44,
                0x24, 0x4E, 0x33, 0xC6, 0x44, 0x24, 0x4F, 0xC4, 0xC6, 0x44, 0x24, 0x50,
                0x48, 0xC6, 0x44, 0x24, 0x51, 0x89, 0xC6, 0x44, 0x24, 0x52, 0x84, 0xC6,
                0x44, 0x24, 0x53, 0x24, 0xC6, 0x44, 0x24, 0x54, 0xCC, 0xC6, 0x44, 0x24,
                0x55, 0xCC, 0xC6, 0x44, 0x24, 0x56, 0xCC, 0xC6, 0x44, 0x24, 0x57, 0xCC,
                0xC6, 0x84, 0x24, 0xA8, 0x00, 0x00, 0x00, 0x48, 0xC6, 0x84, 0x24, 0xA9,
                0x00, 0x00, 0x00, 0x8B, 0xC6, 0x84, 0x24, 0xAA, 0x00, 0x00, 0x00, 0xC4,
                0xC6, 0x84, 0x24, 0xAB, 0x00, 0x00, 0x00, 0x48, 0xC6, 0x84, 0x24, 0xAC,
                0x00, 0x00, 0x00, 0x89, 0xC6, 0x84, 0x24, 0xAD, 0x00, 0x00, 0x00, 0x58,
                0xC6, 0x84, 0x24, 0xAE, 0x00, 0x00, 0x00, 0x08, 0xC6, 0x84, 0x24, 0xAF,
                0x00, 0x00, 0x00, 0x48, 0xC6, 0x84, 0x24, 0xB0, 0x00, 0x00, 0x00, 0x89,
                0xC6, 0x84, 0x24, 0xB1, 0x00, 0x00, 0x00, 0x70, 0xC6, 0x84, 0x24, 0xB2,
                0x00, 0x00, 0x00, 0x10, 0xC6, 0x84, 0x24, 0xB3, 0x00, 0x00, 0x00, 0x48,
                0xC6, 0x84, 0x24, 0xB4, 0x00, 0x00, 0x00, 0x89, 0xC6, 0x84, 0x24, 0xB5,
                0x00, 0x00, 0x00, 0x78, 0xC6, 0x84, 0x24, 0xB6, 0x00, 0x00, 0x00, 0x18,
                0xC6, 0x84, 0x24, 0xB7, 0x00, 0x00, 0x00, 0x4C, 0xC6, 0x84, 0x24, 0xB8,
                0x00, 0x00, 0x00, 0x89, 0xC6, 0x84, 0x24, 0xB9, 0x00, 0x00, 0x00, 0x60,
                0xC6, 0x84, 0x24, 0xBA, 0x00, 0x00, 0x00, 0x20, 0xC6, 0x84, 0x24, 0xBB,
                0x00, 0x00, 0x00, 0x55, 0xC6, 0x84, 0x24, 0xBC, 0x00, 0x00, 0x00, 0x41,
                0xC6, 0x84, 0x24, 0xBD, 0x00, 0x00, 0x00, 0x56, 0xC6, 0x84, 0x24, 0xBE,
                0x00, 0x00, 0x00, 0x41, 0xC6, 0x84, 0x24, 0xBF, 0x00, 0x00, 0x00, 0x57,
                0xC6, 0x84, 0x24, 0xC0, 0x00, 0x00, 0x00, 0x48, 0xC6, 0x84, 0x24, 0xC1,
                0x00, 0x00, 0x00, 0x8D, 0xC6, 0x84, 0x24, 0xC2, 0x00, 0x00, 0x00, 0xA8,
                0xC6, 0x84, 0x24, 0xC3, 0x00, 0x00, 0x00, 0xCC, 0xC6, 0x84, 0x24, 0xC4,
                0x00, 0x00, 0x00, 0xCC, 0xC6, 0x84, 0x24, 0xC5, 0x00, 0x00, 0x00, 0xCC,
                0xC6, 0x84, 0x24, 0xC6, 0x00, 0x00, 0x00, 0xCC, 0xC6, 0x84, 0x24, 0xC7,
                0x00, 0x00, 0x00, 0x48, 0xC6, 0x84, 0x24, 0xC8, 0x00, 0x00, 0x00, 0x81,
                0xC6, 0x84, 0x24, 0xC9, 0x00, 0x00, 0x00, 0xEC, 0xC6, 0x84, 0x24, 0xCA,
                0x00, 0x00, 0x00, 0xCC, 0xC6, 0x84, 0x24, 0xCB, 0x00, 0x00, 0x00, 0xCC,
                0xC6, 0x84, 0x24, 0xCC, 0x00, 0x00, 0x00, 0xCC, 0xC6, 0x84, 0x24, 0xCD,
                0x00, 0x00, 0x00, 0xCC, 0xC6, 0x84, 0x24, 0xCE, 0x00, 0x00, 0x00, 0x48,
                0xC6, 0x84, 0x24, 0xCF, 0x00, 0x00, 0x00, 0x8B, 0xC6, 0x84, 0x24, 0xD0,
                0x00, 0x00, 0x00, 0x05, 0xC6, 0x84, 0x24, 0xD1, 0x00, 0x00, 0x00, 0xCC,
                0xC6, 0x84, 0x24, 0xD2, 0x00, 0x00, 0x00, 0xCC, 0xC6, 0x84, 0x24, 0xD3,
                0x00, 0x00, 0x00, 0xCC, 0xC6, 0x84, 0x24, 0xD4, 0x00, 0x00, 0x00, 0xCC,
                0xC6, 0x84, 0x24, 0xD5, 0x00, 0x00, 0x00, 0x48, 0xC6, 0x84, 0x24, 0xD6,
                0x00, 0x00, 0x00, 0x33, 0xC6, 0x84, 0x24, 0xD7, 0x00, 0x00, 0x00, 0xC4,
                0xC6, 0x84, 0x24, 0xD8, 0x00, 0x00, 0x00, 0x48, 0xC6, 0x84, 0x24, 0xD9,
                0x00, 0x00, 0x00, 0x89, 0xC6, 0x84, 0x24, 0xDA, 0x00, 0x00, 0x00, 0x85,
                0xC6, 0x84, 0x24, 0xDB, 0x00, 0x00, 0x00, 0xCC, 0xC6, 0x84, 0x24, 0xDC,
                0x00, 0x00, 0x00, 0xCC, 0xC6, 0x84, 0x24, 0xDD, 0x00, 0x00, 0x00, 0xCC,
                0xC6, 0x84, 0x24, 0xDE, 0x00, 0x00, 0x00, 0xCC, 0xC6, 0x44, 0x24, 0x58,
                0x48, 0xC6, 0x44, 0x24, 0x59, 0x8B, 0xC6, 0x44, 0x24, 0x5A, 0xC4, 0xC6,
                0x44, 0x24, 0x5B, 0x48, 0xC6, 0x44, 0x24, 0x5C, 0x89, 0xC6, 0x44, 0x24,
                0x5D, 0x58, 0xC6, 0x44, 0x24, 0x5E, 0x08, 0xC6, 0x44, 0x24, 0x5F, 0x48,
                0xC6, 0x44, 0x24, 0x60, 0x89, 0xC6, 0x44, 0x24, 0x61, 0x70, 0xC6, 0x44,
                0x24, 0x62, 0x10, 0xC6, 0x44, 0x24, 0x63, 0x48, 0xC6, 0x44, 0x24, 0x64,
                0x89, 0xC6, 0x44, 0x24, 0x65, 0x78, 0xC6, 0x44, 0x24, 0x66, 0x18, 0xC6,
                0x44, 0x24, 0x67, 0x55, 0xC6, 0x44, 0x24, 0x68, 0x41, 0xC6, 0x44, 0x24,
                0x69, 0x54, 0xC6, 0x44, 0x24, 0x6A, 0x41, 0xC6, 0x44, 0x24, 0x6B, 0x55,
                0xC6, 0x44, 0x24, 0x6C, 0x41, 0xC6, 0x44, 0x24, 0x6D, 0x56, 0xC6, 0x44,
                0x24, 0x6E, 0x41, 0xC6, 0x44, 0x24, 0x6F, 0x57, 0xC6, 0x44, 0x24, 0x70,
                0x48, 0xC6, 0x44, 0x24, 0x71, 0x8D, 0xC6, 0x44, 0x24, 0x72, 0xA8, 0xC6,
                0x44, 0x24, 0x73, 0xCC, 0xC6, 0x44, 0x24, 0x74, 0xCC, 0xC6, 0x44, 0x24,
                0x75, 0xCC, 0xC6, 0x44, 0x24, 0x76, 0xCC, 0xC6, 0x44, 0x24, 0x77, 0x48,
                0xC6, 0x44, 0x24, 0x78, 0x81, 0xC6, 0x44, 0x24, 0x79, 0xEC, 0xC6, 0x44,
                0x24, 0x7A, 0xCC, 0xC6, 0x44, 0x24, 0x7B, 0xCC, 0xC6, 0x44, 0x24, 0x7C,
                0xCC, 0xC6, 0x44, 0x24, 0x7D, 0xCC, 0xC6, 0x84, 0x24, 0x80, 0x00, 0x00,
                0x00, 0x48, 0xC6, 0x84, 0x24, 0x81, 0x00, 0x00, 0x00, 0x8B, 0xC6, 0x84,
                0x24, 0x82, 0x00, 0x00, 0x00, 0xC4, 0xC6, 0x84, 0x24, 0x83, 0x00, 0x00,
                0x00, 0x48, 0xC6, 0x84, 0x24, 0x84, 0x00, 0x00, 0x00, 0x89, 0xC6, 0x84,
                0x24, 0x85, 0x00, 0x00, 0x00, 0x58, 0xC6, 0x84, 0x24, 0x86, 0x00, 0x00,
                0x00, 0x08, 0xC6, 0x84, 0x24, 0x87, 0x00, 0x00, 0x00, 0x48, 0xC6, 0x84,
                0x24, 0x88, 0x00, 0x00, 0x00, 0x89, 0xC6, 0x84, 0x24, 0x89, 0x00, 0x00,
                0x00, 0x70, 0xC6, 0x84, 0x24, 0x8A, 0x00, 0x00, 0x00, 0x10, 0xC6, 0x84,
                0x24, 0x8B, 0x00, 0x00, 0x00, 0x48, 0xC6, 0x84, 0x24, 0x8C, 0x00, 0x00,
                0x00, 0x89, 0xC6, 0x84, 0x24, 0x8D, 0x00, 0x00, 0x00, 0x78, 0xC6, 0x84,
                0x24, 0x8E, 0x00, 0x00, 0x00, 0x18, 0xC6, 0x84, 0x24, 0x8F, 0x00, 0x00,
                0x00, 0x55, 0xC6, 0x84, 0x24, 0x90, 0x00, 0x00, 0x00, 0x41, 0xC6, 0x84,
                0x24, 0x91, 0x00, 0x00, 0x00, 0x54, 0xC6, 0x84, 0x24, 0x92, 0x00, 0x00,
                0x00, 0x41, 0xC6, 0x84, 0x24, 0x93, 0x00, 0x00, 0x00, 0x55, 0xC6, 0x84,
                0x24, 0x94, 0x00, 0x00, 0x00, 0x41, 0xC6, 0x84, 0x24, 0x95, 0x00, 0x00,
                0x00, 0x56, 0xC6, 0x84, 0x24, 0x96, 0x00, 0x00, 0x00, 0x41, 0xC6, 0x84,
                0x24, 0x97, 0x00, 0x00, 0x00, 0x57, 0xC6, 0x84, 0x24, 0x98, 0x00, 0x00,
                0x00, 0x48, 0xC6, 0x84, 0x24, 0x99, 0x00, 0x00, 0x00, 0x8D, 0xC6, 0x84,
                0x24, 0x9A, 0x00, 0x00, 0x00, 0xA8, 0xC6, 0x84, 0x24, 0x9B, 0x00, 0x00,
                0x00, 0xCC, 0xC6, 0x84, 0x24, 0x9C, 0x00, 0x00, 0x00, 0xCC, 0xC6, 0x84,
                0x24, 0x9D, 0x00, 0x00, 0x00, 0xCC, 0xC6, 0x84, 0x24, 0x9E, 0x00, 0x00,
                0x00, 0xCC, 0xC6, 0x84, 0x24, 0x9F, 0x00, 0x00, 0x00, 0x48, 0xC6, 0x84,
                0x24, 0xA0, 0x00, 0x00, 0x00, 0x81, 0xC6, 0x84, 0x24, 0xA1, 0x00, 0x00,
                0x00, 0xEC, 0xC6, 0x84, 0x24, 0xA2, 0x00, 0x00, 0x00, 0xCC, 0xC6, 0x84,
                0x24, 0xA3, 0x00, 0x00, 0x00, 0xCC, 0xC6, 0x84, 0x24, 0xA4, 0x00, 0x00,
                0x00, 0x00, 0xC6, 0x84, 0x24, 0xA5, 0x00, 0x00, 0x00, 0x00, 0x48, 0x83,
                0xBC, 0x24, 0x00, 0x01, 0x00, 0x00, 0x00, 0x74, 0x0B, 0x48, 0x83, 0xBC,
                0x24, 0x08, 0x01, 0x00, 0x00, 0x00, 0x75, 0x07, 0x32, 0xC0, 0xE9, 0xA1,
                0x01, 0x00, 0x00, 0x48, 0x8B, 0x84, 0x24, 0x08, 0x01, 0x00, 0x00, 0x4C,
                0x8B, 0x48, 0x08, 0x48, 0x8B, 0x84, 0x24, 0x08, 0x01, 0x00, 0x00, 0x4C,
                0x8B, 0x00, 0xBA, 0x20, 0x00, 0x00, 0x00, 0x48, 0x8B, 0x8C, 0x24, 0x00,
                0x01, 0x00, 0x00, 0xE8, 0x90, 0x01, 0x00, 0x00, 0x0F, 0xB6, 0xC0, 0x85,
                0xC0, 0x0F, 0x85, 0x97, 0x00, 0x00, 0x00, 0x48, 0x8B, 0x84, 0x24, 0x08,
                0x01, 0x00, 0x00, 0x4C, 0x8B, 0x48, 0x08, 0x48, 0x8B, 0x84, 0x24, 0x08,
                0x01, 0x00, 0x00, 0x4C, 0x8B, 0x00, 0xBA, 0x37, 0x00, 0x00, 0x00, 0x48,
                0x8B, 0x8C, 0x24, 0x00, 0x01, 0x00, 0x00, 0xE8, 0x5C, 0x01, 0x00, 0x00,
                0x0F, 0xB6, 0xC0, 0x85, 0xC0, 0x75, 0x67, 0x48, 0x8B, 0x84, 0x24, 0x08,
                0x01, 0x00, 0x00, 0x4C, 0x8B, 0x48, 0x08, 0x48, 0x8B, 0x84, 0x24, 0x08,
                0x01, 0x00, 0x00, 0x4C, 0x8B, 0x00, 0xBA, 0x26, 0x00, 0x00, 0x00, 0x48,
                0x8B, 0x8C, 0x24, 0x00, 0x01, 0x00, 0x00, 0xE8, 0x2C, 0x01, 0x00, 0x00,
                0x0F, 0xB6, 0xC0, 0x85, 0xC0, 0x75, 0x37, 0x48, 0x8B, 0x84, 0x24, 0x08,
                0x01, 0x00, 0x00, 0x4C, 0x8B, 0x48, 0x08, 0x48, 0x8B, 0x84, 0x24, 0x08,
                0x01, 0x00, 0x00, 0x4C, 0x8B, 0x00, 0xBA, 0x26, 0x00, 0x00, 0x00, 0x48,
                0x8B, 0x8C, 0x24, 0x00, 0x01, 0x00, 0x00, 0xE8, 0xFC, 0x00, 0x00, 0x00,
                0x0F, 0xB6, 0xC0, 0x85, 0xC0, 0x75, 0x07, 0x32, 0xC0, 0xE9, 0xD6, 0x00,
                0x00, 0x00, 0x8A, 0x44, 0x24, 0x30, 0x88, 0x44, 0x24, 0x20, 0x41, 0xB9,
                0x20, 0x00, 0x00, 0x00, 0x4C, 0x8D, 0x44, 0x24, 0x38, 0xBA, 0x20, 0x00,
                0x00, 0x00, 0x48, 0x8B, 0x8C, 0x24, 0x00, 0x01, 0x00, 0x00, 0xE8, 0x71,
                0x08, 0x00, 0x00, 0x48, 0x3B, 0x84, 0x24, 0x00, 0x01, 0x00, 0x00, 0x0F,
                0x84, 0x9A, 0x00, 0x00, 0x00, 0x8A, 0x44, 0x24, 0x30, 0x88, 0x44, 0x24,
                0x20, 0x41, 0xB9, 0x37, 0x00, 0x00, 0x00, 0x4C, 0x8D, 0x84, 0x24, 0xA8,
                0x00, 0x00, 0x00, 0xBA, 0x37, 0x00, 0x00, 0x00, 0x48, 0x8B, 0x8C, 0x24,
                0x00, 0x01, 0x00, 0x00, 0xE8, 0x3B, 0x08, 0x00, 0x00, 0x48, 0x3B, 0x84,
                0x24, 0x00, 0x01, 0x00, 0x00, 0x74, 0x68, 0x8A, 0x44, 0x24, 0x30, 0x88,
                0x44, 0x24, 0x20, 0x41, 0xB9, 0x26, 0x00, 0x00, 0x00, 0x4C, 0x8D, 0x44,
                0x24, 0x58, 0xBA, 0x26, 0x00, 0x00, 0x00, 0x48, 0x8B, 0x8C, 0x24, 0x00,
                0x01, 0x00, 0x00, 0xE8, 0x0C, 0x08, 0x00, 0x00, 0x48, 0x3B, 0x84, 0x24,
                0x00, 0x01, 0x00, 0x00, 0x74, 0x39, 0x8A, 0x44, 0x24, 0x30, 0x88, 0x44,
                0x24, 0x20, 0x41, 0xB9, 0x26, 0x00, 0x00, 0x00, 0x4C, 0x8D, 0x84, 0x24,
                0x80, 0x00, 0x00, 0x00, 0xBA, 0x26, 0x00, 0x00, 0x00, 0x48, 0x8B, 0x8C,
                0x24, 0x00, 0x01, 0x00, 0x00, 0xE8, 0xDA, 0x07, 0x00, 0x00, 0x48, 0x3B,
                0x84, 0x24, 0x00, 0x01, 0x00, 0x00, 0x74, 0x07, 0xC6, 0x44, 0x24, 0x31,
                0x00, 0xEB, 0x05, 0xC6, 0x44, 0x24, 0x31, 0x01, 0x8A, 0x44, 0x24, 0x31,
                0x48, 0x8B, 0x8C, 0x24, 0xE0, 0x00, 0x00, 0x00, 0x48, 0x33, 0xCC, 0xE8,
                0x64, 0x3B, 0x00, 0x00, 0x48, 0x81, 0xC4, 0xF8, 0x00, 0x00, 0x00, 0xC3,
                0x4C, 0x89, 0x4C, 0x24, 0x20, 0x4C, 0x89, 0x44, 0x24, 0x18, 0x48, 0x89,
                0x54, 0x24, 0x10, 0x48, 0x89, 0x4C, 0x24, 0x08, 0x48, 0x83, 0xEC, 0x28,
                0x48, 0x8B, 0x44, 0x24, 0x30, 0x48, 0x89, 0x04, 0x24, 0x48, 0x8B, 0x44,
                0x24, 0x40, 0x48, 0x89, 0x44, 0x24, 0x08, 0x48, 0x8B, 0x44, 0x24, 0x48,
                0x48, 0x8B, 0x4C, 0x24, 0x08, 0x48, 0x03, 0xC8, 0x48, 0x8B, 0xC1, 0x48,
                0x89, 0x44, 0x24, 0x10, 0x48, 0x83, 0x7C, 0x24, 0x30, 0x00, 0x74, 0x18,
                0x48, 0x83, 0x7C, 0x24, 0x40, 0x00, 0x74, 0x10, 0x48, 0x83, 0x7C, 0x24,
                0x38, 0x00, 0x74, 0x08, 0x48, 0x83, 0x7C, 0x24, 0x48, 0x00, 0x75, 0x04,
                0x32, 0xC0, 0xEB, 0x3A, 0x48, 0x8B, 0x44, 0x24, 0x08, 0x48, 0x39, 0x04,
                0x24, 0x73, 0x04, 0x32, 0xC0, 0xEB, 0x2B, 0x48, 0x8B, 0x44, 0x24, 0x10,
                0x48, 0x39, 0x04, 0x24, 0x72, 0x04, 0x32, 0xC0, 0xEB, 0x1C, 0x48, 0x8B,
                0x04, 0x24, 0x48, 0x8B, 0x4C, 0x24, 0x10, 0x48, 0x2B, 0xC8, 0x48, 0x8B,
                0xC1, 0x48, 0x39, 0x44, 0x24, 0x38, 0x76, 0x04, 0x32, 0xC0, 0xEB, 0x02,
                0xB0, 0x01, 0x48, 0x83, 0xC4, 0x28, 0xC3, 0xCC, 0xCC, 0xCC, 0xCC, 0xCC,
                0xCC, 0xCC, 0xCC, 0xCC, 0x44, 0x89, 0x4C, 0x24, 0x20, 0x4C, 0x89, 0x44,
                0x24, 0x18, 0x48, 0x89, 0x54, 0x24, 0x10, 0x89, 0x4C, 0x24, 0x08, 0x48,
                0x83, 0xEC, 0x68, 0xC7, 0x44, 0x24, 0x20, 0x00, 0x00, 0x00, 0x00, 0xC7,
                0x44, 0x24, 0x24, 0x00, 0x00, 0x00, 0x00, 0x83, 0x7C, 0x24, 0x20, 0x00,
                0x75, 0x07, 0x83, 0x7C, 0x24, 0x24, 0x00, 0x74, 0x05, 0xE9, 0xAB, 0x04,
                0x00, 0x00, 0x33, 0xC0, 0x83, 0xF8, 0x01, 0x0F, 0x84, 0xA0, 0x04, 0x00,
                0x00, 0xC7, 0x44, 0x24, 0x2C, 0x40, 0x00, 0x00, 0x00, 0xC7, 0x44, 0x24,
                0x38, 0x00, 0x00, 0x00, 0x00, 0xC7, 0x44, 0x24, 0x34, 0x00, 0x00, 0x00,
                0x00, 0xEB, 0x0B, 0x8B, 0x44, 0x24, 0x34, 0x83, 0xC0, 0x02, 0x89, 0x44,
                0x24, 0x34, 0x83, 0x7C, 0x24, 0x34, 0x3F, 0x0F, 0x83, 0x87, 0x00, 0x00,
                0x00, 0x0F, 0xB6, 0x44, 0x24, 0x34, 0xC1, 0xE0, 0x08, 0x83, 0xC8, 0x40,
                0x89, 0x44, 0x24, 0x20, 0xB8, 0x40, 0x00, 0x00, 0x00, 0x2B, 0x44, 0x24,
                0x34, 0x0F, 0xB6, 0xC0, 0x0F, 0xBA, 0xE8, 0x0E, 0xC1, 0xE0, 0x08, 0x89,
                0x44, 0x24, 0x24, 0x66, 0xBA, 0xC8, 0x03, 0xB0, 0x04, 0xEE, 0x66, 0xBA,
                0xC9, 0x03, 0x8A, 0x44, 0x24, 0x20, 0xEE, 0x8B, 0x44, 0x24, 0x20, 0xC1,
                0xE8, 0x08, 0x66, 0xBA, 0xC9, 0x03, 0xEE, 0x8B, 0x44, 0x24, 0x20, 0xC1,
                0xE8, 0x10, 0x66, 0xBA, 0xC9, 0x03, 0xEE, 0x66, 0xBA, 0xC8, 0x03, 0xB0,
                0x0F, 0xEE, 0x66, 0xBA, 0xC9, 0x03, 0x8A, 0x44, 0x24, 0x24, 0xEE, 0x8B,
                0x44, 0x24, 0x24, 0xC1, 0xE8, 0x08, 0x66, 0xBA, 0xC9, 0x03, 0xEE, 0x8B,
                0x44, 0x24, 0x24, 0xC1, 0xE8, 0x10, 0x66, 0xBA, 0xC9, 0x03, 0xEE, 0xB9,
                0xE8, 0x03, 0x00, 0x00, 0xFF, 0x15, 0x0A, 0x48, 0x00, 0x00, 0x90, 0xE9,
                0x63, 0xFF, 0xFF, 0xFF, 0x8B, 0x44, 0x24, 0x34, 0x83, 0xE8, 0x02, 0x89,
                0x44, 0x24, 0x28, 0x0F, 0xB6, 0x44, 0x24, 0x28, 0xC1, 0xE0, 0x08, 0x89,
                0x44, 0x24, 0x3C, 0x0F, 0xB6, 0x44, 0x24, 0x2C, 0x8B, 0x4C, 0x24, 0x3C,
                0x0B, 0xC8, 0x8B, 0xC1, 0x89, 0x44, 0x24, 0x20, 0xB8, 0x40, 0x00, 0x00,
                0x00, 0x2B, 0x44, 0x24, 0x28, 0x0F, 0xB6, 0xC0, 0xC1, 0xE0, 0x08, 0x0F,
                0xBA, 0xE8, 0x16, 0xB9, 0x40, 0x00, 0x00, 0x00, 0x2B, 0x4C, 0x24, 0x2C,
                0x0F, 0xB6, 0xC9, 0x0B, 0xC1, 0x89, 0x44, 0x24, 0x24, 0x66, 0xBA, 0xC8,
                0x03, 0xB0, 0x04, 0xEE, 0x66, 0xBA, 0xC9, 0x03, 0x8A, 0x44, 0x24, 0x20,
                0xEE, 0x8B, 0x44, 0x24, 0x20, 0xC1, 0xE8, 0x08, 0x66, 0xBA, 0xC9, 0x03,
                0xEE, 0x8B, 0x44, 0x24, 0x20, 0xC1, 0xE8, 0x10, 0x66, 0xBA, 0xC9, 0x03,
                0xEE, 0x66, 0xBA, 0xC8, 0x03, 0xB0, 0x0F, 0xEE, 0x66, 0xBA, 0xC9, 0x03,
                0x8A, 0x44, 0x24, 0x24, 0xEE, 0x8B, 0x44, 0x24, 0x24, 0xC1, 0xE8, 0x08,
                0x66, 0xBA, 0xC9, 0x03, 0xEE, 0x8B, 0x44, 0x24, 0x24, 0xC1, 0xE8, 0x10,
                0x66, 0xBA, 0xC9, 0x03, 0xEE, 0xB9, 0xE8, 0x03, 0x00, 0x00, 0xFF, 0x15,
                0x5C, 0x47, 0x00, 0x00, 0x8B, 0x44, 0x24, 0x2C, 0x83, 0xE8, 0x02, 0x89,
                0x44, 0x24, 0x2C, 0x83, 0x7C, 0x24, 0x2C, 0x00, 0x0F, 0x85, 0x59, 0xFF,
                0xFF, 0xFF, 0x0F, 0xB6, 0x44, 0x24, 0x38, 0xC1, 0xE0, 0x10, 0x8B, 0x4C,
                0x24, 0x3C, 0x0B, 0xC8, 0x8B, 0xC1, 0x89, 0x44, 0x24, 0x20, 0xB8, 0x40,
                0x00, 0x00, 0x00, 0x2B, 0x44, 0x24, 0x28, 0x0F, 0xB6, 0xC0, 0xC1, 0xE0,
                0x08, 0xB9, 0x40, 0x00, 0x00, 0x00, 0x2B, 0x4C, 0x24, 0x38, 0x0F, 0xB6,
                0xC9, 0xC1, 0xE1, 0x10, 0x0B, 0xC1, 0x83, 0xC8, 0x40, 0x89, 0x44, 0x24,
                0x24, 0x66, 0xBA, 0xC8, 0x03, 0xB0, 0x04, 0xEE, 0x66, 0xBA, 0xC9, 0x03,
                0x8A, 0x44, 0x24, 0x20, 0xEE, 0x8B, 0x44, 0x24, 0x20, 0xC1, 0xE8, 0x08,
                0x66, 0xBA, 0xC9, 0x03, 0xEE, 0x8B, 0x44, 0x24, 0x20, 0xC1, 0xE8, 0x10,
                0x66, 0xBA, 0xC9, 0x03, 0xEE, 0x66, 0xBA, 0xC8, 0x03, 0xB0, 0x0F, 0xEE,
                0x66, 0xBA, 0xC9, 0x03, 0x8A, 0x44, 0x24, 0x24, 0xEE, 0x8B, 0x44, 0x24,
                0x24, 0xC1, 0xE8, 0x08, 0x66, 0xBA, 0xC9, 0x03, 0xEE, 0x8B, 0x44, 0x24,
                0x24, 0xC1, 0xE8, 0x10, 0x66, 0xBA, 0xC9, 0x03, 0xEE, 0xB9, 0xE8, 0x03,
                0x00, 0x00, 0xFF, 0x15, 0xB0, 0x46, 0x00, 0x00, 0x8B, 0x44, 0x24, 0x38,
                0x83, 0xC0, 0x02, 0x89, 0x44, 0x24, 0x38, 0x83, 0x7C, 0x24, 0x38, 0x3F,
                0x0F, 0x82, 0x54, 0xFF, 0xFF, 0xFF, 0x8B, 0x44, 0x24, 0x38, 0x83, 0xE8,
                0x02, 0x89, 0x44, 0x24, 0x30, 0xEB, 0x0B, 0x8B, 0x44, 0x24, 0x28, 0x83,
                0xE8, 0x02, 0x89, 0x44, 0x24, 0x28, 0x83, 0x7C, 0x24, 0x28, 0x00, 0x0F,
                0x84, 0x9E, 0x00, 0x00, 0x00, 0x0F, 0xB6, 0x44, 0x24, 0x30, 0xC1, 0xE0,
                0x10, 0x0F, 0xB6, 0x4C, 0x24, 0x28, 0xC1, 0xE1, 0x08, 0x0B, 0xC1, 0x89,
                0x44, 0x24, 0x20, 0xB8, 0x40, 0x00, 0x00, 0x00, 0x2B, 0x44, 0x24, 0x30,
                0x0F, 0xB6, 0xC0, 0xC1, 0xE0, 0x10, 0xB9, 0x40, 0x00, 0x00, 0x00, 0x2B,
                0x4C, 0x24, 0x28, 0x0F, 0xB6, 0xC9, 0xC1, 0xE1, 0x08, 0x0B, 0xC1, 0x83,
                0xC8, 0x40, 0x89, 0x44, 0x24, 0x24, 0x66, 0xBA, 0xC8, 0x03, 0xB0, 0x04,
                0xEE, 0x66, 0xBA, 0xC9, 0x03, 0x8A, 0x44, 0x24, 0x20, 0xEE, 0x8B, 0x44,
                0x24, 0x20, 0xC1, 0xE8, 0x08, 0x66, 0xBA, 0xC9, 0x03, 0xEE, 0x8B, 0x44,
                0x24, 0x20, 0xC1, 0xE8, 0x10, 0x66, 0xBA, 0xC9, 0x03, 0xEE, 0x66, 0xBA,
                0xC8, 0x03, 0xB0, 0x0F, 0xEE, 0x66, 0xBA, 0xC9, 0x03, 0x8A, 0x44, 0x24,
                0x24, 0xEE, 0x8B, 0x44, 0x24, 0x24, 0xC1, 0xE8, 0x08, 0x66, 0xBA, 0xC9,
                0x03, 0xEE, 0x8B, 0x44, 0x24, 0x24, 0xC1, 0xE8, 0x10, 0x66, 0xBA, 0xC9,
                0x03, 0xEE, 0xB9, 0xE8, 0x03, 0x00, 0x00, 0xFF, 0x15, 0xDF, 0x45, 0x00,
                0x00, 0x90, 0xE9, 0x4C, 0xFF, 0xFF, 0xFF, 0x0F, 0xB6, 0x44, 0x24, 0x30,
                0xC1, 0xE0, 0x10, 0x0F, 0xB6, 0x4C, 0x24, 0x28, 0xC1, 0xE1, 0x08, 0x0B,
                0xC1, 0x0F, 0xB6, 0x4C, 0x24, 0x2C, 0x0B, 0xC1, 0x89, 0x44, 0x24, 0x20,
                0xB8, 0x40, 0x00, 0x00, 0x00, 0x2B, 0x44, 0x24, 0x30, 0x0F, 0xB6, 0xC0,
                0xC1, 0xE0, 0x10, 0xB9, 0x40, 0x00, 0x00, 0x00, 0x2B, 0x4C, 0x24, 0x28,
                0x0F, 0xB6, 0xC9, 0xC1, 0xE1, 0x08, 0x0B, 0xC1, 0xB9, 0x40, 0x00, 0x00,
                0x00, 0x2B, 0x4C, 0x24, 0x2C, 0x0F, 0xB6, 0xC9, 0x0B, 0xC1, 0x89, 0x44,
                0x24, 0x24, 0x66, 0xBA, 0xC8, 0x03, 0xB0, 0x04, 0xEE, 0x66, 0xBA, 0xC9,
                0x03, 0x8A, 0x44, 0x24, 0x20, 0xEE, 0x8B, 0x44, 0x24, 0x20, 0xC1, 0xE8,
                0x08, 0x66, 0xBA, 0xC9, 0x03, 0xEE, 0x8B, 0x44, 0x24, 0x20, 0xC1, 0xE8,
                0x10, 0x66, 0xBA, 0xC9, 0x03, 0xEE, 0x66, 0xBA, 0xC8, 0x03, 0xB0, 0x0F,
                0xEE, 0x66, 0xBA, 0xC9, 0x03, 0x8A, 0x44, 0x24, 0x24, 0xEE, 0x8B, 0x44,
                0x24, 0x24, 0xC1, 0xE8, 0x08, 0x66, 0xBA, 0xC9, 0x03, 0xEE, 0x8B, 0x44,
                0x24, 0x24, 0xC1, 0xE8, 0x10, 0x66, 0xBA, 0xC9, 0x03, 0xEE, 0xB9, 0xE8,
                0x03, 0x00, 0x00, 0xFF, 0x15, 0x2F, 0x45, 0x00, 0x00, 0x8B, 0x44, 0x24,
                0x2C, 0x83, 0xC0, 0x02, 0x89, 0x44, 0x24, 0x2C, 0x83, 0x7C, 0x24, 0x2C,
                0x3F, 0x0F, 0x82, 0x40, 0xFF, 0xFF, 0xFF, 0x8B, 0x44, 0x24, 0x2C, 0x83,
                0xE8, 0x02, 0x89, 0x44, 0x24, 0x40, 0x83, 0x7C, 0x24, 0x30, 0x00, 0x0F,
                0x84, 0xE3, 0x00, 0x00, 0x00, 0x8B, 0x44, 0x24, 0x40, 0x89, 0x44, 0x24,
                0x44, 0x0F, 0xB6, 0x44, 0x24, 0x28, 0xC1, 0xE0, 0x08, 0x89, 0x44, 0x24,
                0x48, 0xB8, 0x40, 0x00, 0x00, 0x00, 0x2B, 0x44, 0x24, 0x28, 0x0F, 0xB6,
                0xC0, 0xC1, 0xE0, 0x08, 0x89, 0x44, 0x24, 0x50, 0xB8, 0x40, 0x00, 0x00,
                0x00, 0x2B, 0x44, 0x24, 0x40, 0x0F, 0xB6, 0xC0, 0x89, 0x44, 0x24, 0x4C,
                0x8B, 0x44, 0x24, 0x44, 0x8B, 0x4C, 0x24, 0x48, 0x0B, 0xC8, 0x8B, 0xC1,
                0x0F, 0xB6, 0x4C, 0x24, 0x30, 0xC1, 0xE1, 0x10, 0x0B, 0xC1, 0x89, 0x44,
                0x24, 0x20, 0x8B, 0x44, 0x24, 0x4C, 0x8B, 0x4C, 0x24, 0x50, 0x0B, 0xC8,
                0x8B, 0xC1, 0xB9, 0x40, 0x00, 0x00, 0x00, 0x2B, 0x4C, 0x24, 0x30, 0x0F,
                0xB6, 0xC9, 0xC1, 0xE1, 0x10, 0x0B, 0xC1, 0x89, 0x44, 0x24, 0x24, 0x66,
                0xBA, 0xC8, 0x03, 0xB0, 0x04, 0xEE, 0x66, 0xBA, 0xC9, 0x03, 0x8A, 0x44,
                0x24, 0x20, 0xEE, 0x8B, 0x44, 0x24, 0x20, 0xC1, 0xE8, 0x08, 0x66, 0xBA,
                0xC9, 0x03, 0xEE, 0x8B, 0x44, 0x24, 0x20, 0xC1, 0xE8, 0x10, 0x66, 0xBA,
                0xC9, 0x03, 0xEE, 0x66, 0xBA, 0xC8, 0x03, 0xB0, 0x0F, 0xEE, 0x66, 0xBA,
                0xC9, 0x03, 0x8A, 0x44, 0x24, 0x24, 0xEE, 0x8B, 0x44, 0x24, 0x24, 0xC1,
                0xE8, 0x08, 0x66, 0xBA, 0xC9, 0x03, 0xEE, 0x8B, 0x44, 0x24, 0x24, 0xC1,
                0xE8, 0x10, 0x66, 0xBA, 0xC9, 0x03, 0xEE, 0xB9, 0xE8, 0x03, 0x00, 0x00,
                0xFF, 0x15, 0x36, 0x44, 0x00, 0x00, 0x8B, 0x44, 0x24, 0x30, 0x83, 0xE8,
                0x02, 0x89, 0x44, 0x24, 0x30, 0x83, 0x7C, 0x24, 0x30, 0x00, 0x0F, 0x85,
                0x54, 0xFF, 0xFF, 0xFF, 0xE9, 0x55, 0xFB, 0xFF, 0xFF, 0x48, 0x83, 0xC4,
                0x68, 0xC3, 0xCC, 0xCC, 0x4C, 0x89, 0x44, 0x24, 0x18, 0x48, 0x89, 0x54,
                0x24, 0x10, 0x48, 0x89, 0x4C, 0x24, 0x08, 0x48, 0x83, 0xEC, 0x38, 0x48,
                0x83, 0x7C, 0x24, 0x40, 0x00, 0x74, 0x10, 0x48, 0x83, 0x7C, 0x24, 0x48,
                0x00, 0x74, 0x08, 0x48, 0x83, 0x7C, 0x24, 0x50, 0x00, 0x75, 0x07, 0xB8,
                0x0D, 0x00, 0x00, 0xC0, 0xEB, 0x22, 0x4C, 0x8B, 0x44, 0x24, 0x50, 0x48,
                0x8B, 0x54, 0x24, 0x40, 0x48, 0x8B, 0x4C, 0x24, 0x48, 0xE8, 0x0E, 0x36,
                0x00, 0x00, 0x33, 0xC0, 0xEB, 0x0A, 0x89, 0x44, 0x24, 0x20, 0x8B, 0x44,
                0x24, 0x20, 0xEB, 0x00, 0x48, 0x83, 0xC4, 0x38, 0xC3, 0xCC, 0xCC, 0xCC,
                0x48, 0x89, 0x4C, 0x24, 0x08, 0x48, 0x83, 0xEC, 0x38, 0xC6, 0x44, 0x24,
                0x20, 0x00, 0xC7, 0x44, 0x24, 0x24, 0x00, 0x00, 0x00, 0x00, 0x48, 0x83,
                0x7C, 0x24, 0x40, 0x00, 0x75, 0x04, 0x33, 0xC0, 0xEB, 0x65, 0x41, 0xB8,
                0x01, 0x00, 0x00, 0x00, 0x48, 0x8D, 0x54, 0x24, 0x20, 0x48, 0x8B, 0x4C,
                0x24, 0x40, 0xE8, 0x55, 0x00, 0x00, 0x00, 0x0F, 0xB6, 0xC0, 0x85, 0xC0,
                0x75, 0x04, 0x33, 0xC0, 0xEB, 0x45, 0x0F, 0xB6, 0x44, 0x24, 0x20, 0x3D,
                0xE8, 0x00, 0x00, 0x00, 0x74, 0x04, 0x33, 0xC0, 0xEB, 0x35, 0x48, 0x8B,
                0x44, 0x24, 0x40, 0x48, 0xFF, 0xC0, 0x41, 0xB8, 0x04, 0x00, 0x00, 0x00,
                0x48, 0x8D, 0x54, 0x24, 0x24, 0x48, 0x8B, 0xC8, 0xE8, 0x1F, 0x00, 0x00,
                0x00, 0x0F, 0xB6, 0xC0, 0x85, 0xC0, 0x75, 0x04, 0x33, 0xC0, 0xEB, 0x0F,
                0x48, 0x63, 0x44, 0x24, 0x24, 0x48, 0x8B, 0x4C, 0x24, 0x40, 0x48, 0x8D,
                0x44, 0x01, 0x05, 0x48, 0x83, 0xC4, 0x38, 0xC3, 0x4C, 0x89, 0x44, 0x24,
                0x18, 0x48, 0x89, 0x54, 0x24, 0x10, 0x48, 0x89, 0x4C, 0x24, 0x08, 0x48,
                0x83, 0xEC, 0x58, 0x48, 0xC7, 0x44, 0x24, 0x38, 0x00, 0x00, 0x00, 0x00,
                0x48, 0xC7, 0x44, 0x24, 0x40, 0x00, 0x00, 0x00, 0x00, 0xC6, 0x44, 0x24,
                0x30, 0x00, 0x48, 0x83, 0x7C, 0x24, 0x60, 0x00, 0x74, 0x10, 0x48, 0x83,
                0x7C, 0x24, 0x68, 0x00, 0x74, 0x08, 0x48, 0x83, 0x7C, 0x24, 0x70, 0x00,
                0x75, 0x07, 0x32, 0xC0, 0xE9, 0xD9, 0x00, 0x00, 0x00, 0x48, 0xC7, 0x44,
                0x24, 0x20, 0x00, 0x00, 0x00, 0x00, 0x45, 0x33, 0xC9, 0x45, 0x33, 0xC0,
                0x8B, 0x54, 0x24, 0x70, 0x48, 0x8B, 0x4C, 0x24, 0x60, 0xFF, 0x15, 0x6D,
                0x43, 0x00, 0x00, 0x48, 0x89, 0x44, 0x24, 0x38, 0x48, 0x83, 0x7C, 0x24,
                0x38, 0x00, 0x75, 0x07, 0x32, 0xC0, 0xE9, 0xA7, 0x00, 0x00, 0x00, 0x45,
                0x33, 0xC0, 0x33, 0xD2, 0x48, 0x8B, 0x4C, 0x24, 0x38, 0xFF, 0x15, 0x19,
                0x43, 0x00, 0x00, 0xC6, 0x44, 0x24, 0x30, 0x01, 0xBA, 0x10, 0x00, 0x00,
                0x00, 0x48, 0x8B, 0x4C, 0x24, 0x38, 0xE8, 0x05, 0x31, 0x00, 0x00, 0x48,
                0x89, 0x44, 0x24, 0x40, 0x48, 0x83, 0x7C, 0x24, 0x40, 0x00, 0x75, 0x24,
                0x0F, 0xB6, 0x44, 0x24, 0x30, 0x85, 0xC0, 0x74, 0x0C, 0x48, 0x8B, 0x4C,
                0x24, 0x38, 0xFF, 0x15, 0xEC, 0x42, 0x00, 0x00, 0x90, 0x48, 0x8B, 0x4C,
                0x24, 0x38, 0xFF, 0x15, 0x28, 0x43, 0x00, 0x00, 0x32, 0xC0, 0xEB, 0x52,
                0x4C, 0x8B, 0x44, 0x24, 0x70, 0x48, 0x8B, 0x54, 0x24, 0x40, 0x48, 0x8B,
                0x4C, 0x24, 0x68, 0xE8, 0x88, 0x34, 0x00, 0x00, 0x48, 0x8B, 0x4C, 0x24,
                0x38, 0xFF, 0x15, 0xBD, 0x42, 0x00, 0x00, 0x48, 0x8B, 0x4C, 0x24, 0x38,
                0xFF, 0x15, 0xFA, 0x42, 0x00, 0x00, 0xB0, 0x01, 0xEB, 0x24, 0x0F, 0xB6,
                0x44, 0x24, 0x30, 0x85, 0xC0, 0x74, 0x0C, 0x48, 0x8B, 0x4C, 0x24, 0x38,
                0xFF, 0x15, 0x9A, 0x42, 0x00, 0x00, 0x90, 0x48, 0x8B, 0x4C, 0x24, 0x38,
                0xFF, 0x15, 0xD6, 0x42, 0x00, 0x00, 0x32, 0xC0, 0xEB, 0x00, 0x48, 0x83,
                0xC4, 0x58, 0xC3, 0xCC, 0x4C, 0x89, 0x4C, 0x24, 0x20, 0x4C, 0x89, 0x44,
                0x24, 0x18, 0x48, 0x89, 0x54, 0x24, 0x10, 0x48, 0x89, 0x4C, 0x24, 0x08,
                0x48, 0x83, 0xEC, 0x58, 0x48, 0xC7, 0x44, 0x24, 0x30, 0x00, 0x00, 0x00,
                0x00, 0xEB, 0x0D, 0x48, 0x8B, 0x44, 0x24, 0x30, 0x48, 0xFF, 0xC0, 0x48,
                0x89, 0x44, 0x24, 0x30, 0x48, 0x8B, 0x44, 0x24, 0x78, 0x48, 0x8B, 0x4C,
                0x24, 0x68, 0x48, 0x2B, 0xC8, 0x48, 0x8B, 0xC1, 0x48, 0x39, 0x44, 0x24,
                0x30, 0x0F, 0x87, 0xD5, 0x00, 0x00, 0x00, 0xC6, 0x44, 0x24, 0x20, 0x01,
                0x48, 0x8B, 0x44, 0x24, 0x30, 0x48, 0x8B, 0x4C, 0x24, 0x60, 0x48, 0x03,
                0xC8, 0x48, 0x8B, 0xC1, 0x48, 0x89, 0x44, 0x24, 0x40, 0x48, 0x8B, 0x44,
                0x24, 0x70, 0x48, 0x89, 0x44, 0x24, 0x38, 0x48, 0xC7, 0x44, 0x24, 0x28,
                0x00, 0x00, 0x00, 0x00, 0xEB, 0x0D, 0x48, 0x8B, 0x44, 0x24, 0x28, 0x48,
                0xFF, 0xC0, 0x48, 0x89, 0x44, 0x24, 0x28, 0x48, 0x8B, 0x44, 0x24, 0x78,
                0x48, 0x39, 0x44, 0x24, 0x28, 0x73, 0x78, 0x48, 0x8B, 0x44, 0x24, 0x28,
                0x48, 0x8B, 0x4C, 0x24, 0x40, 0x48, 0x03, 0xC8, 0x48, 0x8B, 0xC1, 0x41,
                0xB8, 0x01, 0x00, 0x00, 0x00, 0x48, 0x8D, 0x54, 0x24, 0x21, 0x48, 0x8B,
                0xC8, 0xE8, 0x22, 0xFE, 0xFF, 0xFF, 0x0F, 0xB6, 0xC0, 0x85, 0xC0, 0x75,
                0x07, 0xC6, 0x44, 0x24, 0x20, 0x00, 0xEB, 0x47, 0x48, 0x8B, 0x44, 0x24,
                0x28, 0x48, 0x8B, 0x4C, 0x24, 0x38, 0x48, 0x03, 0xC8, 0x48, 0x8B, 0xC1,
                0x0F, 0xB6, 0x00, 0x0F, 0xB6, 0x8C, 0x24, 0x80, 0x00, 0x00, 0x00, 0x3B,
                0xC1, 0x74, 0x23, 0x0F, 0xB6, 0x44, 0x24, 0x21, 0x48, 0x8B, 0x4C, 0x24,
                0x28, 0x48, 0x8B, 0x54, 0x24, 0x38, 0x48, 0x03, 0xD1, 0x48, 0x8B, 0xCA,
                0x0F, 0xB6, 0x09, 0x3B, 0xC1, 0x74, 0x07, 0xC6, 0x44, 0x24, 0x20, 0x00,
                0xEB, 0x05, 0xE9, 0x6F, 0xFF, 0xFF, 0xFF, 0x0F, 0xB6, 0x44, 0x24, 0x20,
                0x85, 0xC0, 0x74, 0x07, 0x48, 0x8B, 0x44, 0x24, 0x40, 0xEB, 0x07, 0xE9,
                0x03, 0xFF, 0xFF, 0xFF, 0x33, 0xC0, 0x48, 0x83, 0xC4, 0x58, 0xC3, 0xCC,
                0xCC, 0xCC, 0xCC, 0xCC, 0xCC, 0xCC, 0xCC, 0xCC, 0xCC, 0xCC, 0xCC, 0xCC,
                0x48, 0x89, 0x4C, 0x24, 0x08, 0x48, 0x83, 0xEC, 0x68, 0xC6, 0x44, 0x24,
                0x20, 0xC3, 0x41, 0xB8, 0x01, 0x00, 0x00, 0x00, 0x48, 0x8D, 0x54, 0x24,
                0x20, 0x48, 0x8B, 0x0D, 0x08, 0x41, 0x00, 0x00, 0xE8, 0xFB, 0x2A, 0x00,
                0x00, 0xE8, 0xF6, 0xB3, 0xFF, 0xFF, 0x48, 0x89, 0x44, 0x24, 0x38, 0xB1,
                0x0F, 0xE8, 0xEE, 0x2E, 0x00, 0x00, 0x88, 0x44, 0x24, 0x30, 0x33, 0xC0,
                0x83, 0xF8, 0x01, 0x0F, 0x84, 0x75, 0x01, 0x00, 0x00, 0xC7, 0x44, 0x24,
                0x24, 0x00, 0x00, 0x00, 0x00, 0xEB, 0x0B, 0x8B, 0x44, 0x24, 0x24, 0x83,
                0xC0, 0x11, 0x89, 0x44, 0x24, 0x24, 0x81, 0x7C, 0x24, 0x24, 0xFF, 0x00,
                0x00, 0x00, 0x7D, 0x5B, 0x8B, 0x44, 0x24, 0x24, 0xC1, 0xE0, 0x08, 0x0D,
                0x00, 0x00, 0x00, 0xFF, 0xB9, 0xFF, 0x00, 0x00, 0x00, 0x2B, 0x4C, 0x24,
                0x24, 0x0B, 0xC1, 0x48, 0x98, 0x48, 0x8B, 0x0D, 0x5C, 0x51, 0x00, 0x00,
                0x48, 0x89, 0x01, 0x8B, 0x44, 0x24, 0x24, 0xC1, 0xE0, 0x08, 0x0D, 0x00,
                0x00, 0x00, 0xFF, 0xB9, 0xFF, 0x00, 0x00, 0x00, 0x2B, 0x4C, 0x24, 0x24,
                0x0B, 0xC1, 0x48, 0x8B, 0x0D, 0x2B, 0x51, 0x00, 0x00, 0x89, 0x01, 0x48,
                0x8B, 0x44, 0x24, 0x38, 0x48, 0x89, 0x44, 0x24, 0x40, 0x48, 0x8B, 0x44,
                0x24, 0x40, 0xFF, 0x15, 0x5C, 0x41, 0x00, 0x00, 0x90, 0xEB, 0x90, 0xC7,
                0x44, 0x24, 0x28, 0x00, 0x00, 0x00, 0x00, 0xEB, 0x0B, 0x8B, 0x44, 0x24,
                0x28, 0x83, 0xC0, 0x11, 0x89, 0x44, 0x24, 0x28, 0x81, 0x7C, 0x24, 0x28,
                0xFF, 0x00, 0x00, 0x00, 0x7D, 0x61, 0x8B, 0x44, 0x24, 0x28, 0xC1, 0xE0,
                0x10, 0x0D, 0x00, 0x00, 0x00, 0xFF, 0xB9, 0xFF, 0x00, 0x00, 0x00, 0x2B,
                0x4C, 0x24, 0x28, 0xC1, 0xE1, 0x08, 0x0B, 0xC1, 0x48, 0x98, 0x48, 0x8B,
                0x0D, 0xDF, 0x50, 0x00, 0x00, 0x48, 0x89, 0x01, 0x8B, 0x44, 0x24, 0x28,
                0xC1, 0xE0, 0x10, 0x0D, 0x00, 0x00, 0x00, 0xFF, 0xB9, 0xFF, 0x00, 0x00,
                0x00, 0x2B, 0x4C, 0x24, 0x28, 0xC1, 0xE1, 0x08, 0x0B, 0xC1, 0x48, 0x8B,
                0x0D, 0xAB, 0x50, 0x00, 0x00, 0x89, 0x01, 0x48, 0x8B, 0x44, 0x24, 0x38,
                0x48, 0x89, 0x44, 0x24, 0x48, 0x48, 0x8B, 0x44, 0x24, 0x48, 0xFF, 0x15,
                0xDC, 0x40, 0x00, 0x00, 0x90, 0xEB, 0x8A, 0xC7, 0x44, 0x24, 0x2C, 0x00,
                0x00, 0x00, 0x00, 0xEB, 0x0B, 0x8B, 0x44, 0x24, 0x2C, 0x83, 0xC0, 0x11,
                0x89, 0x44, 0x24, 0x2C, 0x81, 0x7C, 0x24, 0x2C, 0xFF, 0x00, 0x00, 0x00,
                0x7D, 0x57, 0xB8, 0xFF, 0x00, 0x00, 0x00, 0x2B, 0x44, 0x24, 0x2C, 0xC1,
                0xE0, 0x10, 0x0D, 0x00, 0x00, 0x00, 0xFF, 0x0B, 0x44, 0x24, 0x2C, 0x48,
                0x98, 0x48, 0x8B, 0x0D, 0x64, 0x50, 0x00, 0x00, 0x48, 0x89, 0x01, 0xB8,
                0xFF, 0x00, 0x00, 0x00, 0x2B, 0x44, 0x24, 0x2C, 0xC1, 0xE0, 0x10, 0x0D,
                0x00, 0x00, 0x00, 0xFF, 0x0B, 0x44, 0x24, 0x2C, 0x48, 0x8B, 0x0D, 0x35,
                0x50, 0x00, 0x00, 0x89, 0x01, 0x48, 0x8B, 0x44, 0x24, 0x38, 0x48, 0x89,
                0x44, 0x24, 0x50, 0x48, 0x8B, 0x44, 0x24, 0x50, 0xFF, 0x15, 0x66, 0x40,
                0x00, 0x00, 0x90, 0xEB, 0x94, 0xE9, 0x80, 0xFE, 0xFF, 0xFF, 0x48, 0x83,
                0xC4, 0x68, 0xC3, 0xCC, 0x48, 0x83, 0xEC, 0x38, 0x0F, 0xB6, 0x05, 0x25,
                0x51, 0x00, 0x00, 0x85, 0xC0, 0x75, 0x02, 0xEB, 0x75, 0xB1, 0x02, 0xE8,
                0x4C, 0x2D, 0x00, 0x00, 0x88, 0x44, 0x24, 0x20, 0x4C, 0x8B, 0x05, 0xFD,
                0x50, 0x00, 0x00, 0x48, 0x8B, 0x15, 0xEE, 0x50, 0x00, 0x00, 0x48, 0x8B,
                0x0D, 0xDF, 0x50, 0x00, 0x00, 0xE8, 0x2A, 0x29, 0x00, 0x00, 0x8A, 0x4C,
                0x24, 0x20, 0xE8, 0x15, 0x2D, 0x00, 0x00, 0x33, 0xD2, 0x48, 0x8B, 0x0D,
                0xE0, 0x50, 0x00, 0x00, 0xFF, 0x15, 0x32, 0x3F, 0x00, 0x00, 0xBA, 0x42,
                0x6E, 0x67, 0x4F, 0x48, 0x8B, 0x0D, 0xBE, 0x50, 0x00, 0x00, 0xFF, 0x15,
                0x20, 0x3F, 0x00, 0x00, 0x41, 0xB8, 0x28, 0x00, 0x00, 0x00, 0x33, 0xD2,
                0x48, 0x8D, 0x0D, 0xA1, 0x50, 0x00, 0x00, 0xE8, 0x9C, 0x33, 0x00, 0x00,
                0xC6, 0x05, 0xB5, 0x50, 0x00, 0x00, 0x00, 0x48, 0xC7, 0x05, 0x0A, 0x50,
                0x00, 0x00, 0x00, 0x00, 0x00, 0x00, 0x48, 0x83, 0xC4, 0x38, 0xC3, 0xCC,
                0x48, 0x83, 0xEC, 0x38, 0x0F, 0xB6, 0x05, 0x49, 0x50, 0x00, 0x00, 0x85,
                0xC0, 0x75, 0x02, 0xEB, 0x78, 0xB1, 0x02, 0xE8, 0xC0, 0x2C, 0x00, 0x00,
                0x88, 0x44, 0x24, 0x20, 0x4C, 0x8B, 0x05, 0x21, 0x50, 0x00, 0x00, 0x48,
                0x8B, 0x15, 0x12, 0x50, 0x00, 0x00, 0x48, 0x8B, 0x0D, 0x03, 0x50, 0x00,
                0x00, 0xE8, 0x9E, 0x28, 0x00, 0x00, 0x8A, 0x4C, 0x24, 0x20, 0xE8, 0x89,
                0x2C, 0x00, 0x00, 0xBA, 0x42, 0x67, 0x43, 0x70, 0x48, 0x8B, 0x0D, 0x01,
                0x50, 0x00, 0x00, 0xFF, 0x15, 0xA3, 0x3E, 0x00, 0x00, 0xBA, 0x43, 0x6E,
                0x67, 0x4F, 0x48, 0x8B, 0x0D, 0xDF, 0x4F, 0x00, 0x00, 0xFF, 0x15, 0x91,
                0x3E, 0x00, 0x00, 0x41, 0xB8, 0x28, 0x00, 0x00, 0x00, 0x33, 0xD2, 0x48,
                0x8D, 0x0D, 0xC2, 0x4F, 0x00, 0x00, 0xE8, 0x0D, 0x33, 0x00, 0x00, 0xC6,
                0x05, 0xD6, 0x4F, 0x00, 0x00, 0x00, 0x48, 0xC7, 0x05, 0x0B, 0x4F, 0x00,
                0x00, 0x00, 0x00, 0x00, 0x00, 0x48, 0x83, 0xC4, 0x38, 0xC3, 0xCC, 0xCC,
                0x48, 0x83, 0xEC, 0x38, 0x0F, 0xB6, 0x05, 0x31, 0x50, 0x00, 0x00, 0x85,
                0xC0, 0x75, 0x02, 0xEB, 0x7F, 0x48, 0x83, 0x3D, 0x03, 0x50, 0x00, 0x00,
                0x00, 0x74, 0x14, 0x48, 0x83, 0x3D, 0x01, 0x50, 0x00, 0x00, 0x00, 0x74,
                0x0A, 0x48, 0x83, 0x3D, 0x07, 0x50, 0x00, 0x00, 0x00, 0x75, 0x02, 0xEB,
                0x5F, 0x4C, 0x8B, 0x05, 0xF4, 0x4F, 0x00, 0x00, 0x48, 0x8B, 0x15, 0xE5,
                0x4F, 0x00, 0x00, 0x48, 0x8B, 0x0D, 0xD6, 0x4F, 0x00, 0x00, 0xE8, 0xF9,
                0x27, 0x00, 0x00, 0x89, 0x44, 0x24, 0x20, 0x83, 0x7C, 0x24, 0x20, 0x00,
                0x7D, 0x02, 0xEB, 0x38, 0xE8, 0xD3, 0x2B, 0x00, 0x00, 0x33, 0xD2, 0x48,
                0x8B, 0x0D, 0xBE, 0x4F, 0x00, 0x00, 0xFF, 0x15, 0xF8, 0x3D, 0x00, 0x00,
                0x33, 0xD2, 0x48, 0x8B, 0x0D, 0xBF, 0x4F, 0x00, 0x00, 0xFF, 0x15, 0xE9,
                0x3D, 0x00, 0x00, 0x41, 0xB8, 0x28, 0x00, 0x00, 0x00, 0x33, 0xD2, 0x48,
                0x8D, 0x0D, 0x92, 0x4F, 0x00, 0x00, 0xE8, 0x65, 0x32, 0x00, 0x00, 0x90,
                0x48, 0x83, 0xC4, 0x38, 0xC3, 0xCC, 0xCC, 0xCC, 0x48, 0x83, 0xEC, 0x38,
                0x0F, 0xB6, 0x05, 0x49, 0x4F, 0x00, 0x00, 0x85, 0xC0, 0x75, 0x05, 0xE9,
                0x83, 0x00, 0x00, 0x00, 0xB1, 0x02, 0xE8, 0x95, 0x2B, 0x00, 0x00, 0x88,
                0x44, 0x24, 0x20, 0x4C, 0x8B, 0x05, 0x1E, 0x4F, 0x00, 0x00, 0x48, 0x8B,
                0x15, 0x0F, 0x4F, 0x00, 0x00, 0x48, 0x8B, 0x0D, 0x00, 0x4F, 0x00, 0x00,
                0xE8, 0x73, 0x27, 0x00, 0x00, 0x8A, 0x4C, 0x24, 0x20, 0xE8, 0x5E, 0x2B,
                0x00, 0x00, 0xBA, 0x42, 0x67, 0x44, 0x63, 0x48, 0x8B, 0x0D, 0xFE, 0x4E,
                0x00, 0x00, 0xFF, 0x15, 0x78, 0x3D, 0x00, 0x00, 0xBA, 0x54, 0x6E, 0x67,
                0x4F, 0x48, 0x8B, 0x0D, 0xDC, 0x4E, 0x00, 0x00, 0xFF, 0x15, 0x66, 0x3D,
                0x00, 0x00, 0x41, 0xB8, 0x28, 0x00, 0x00, 0x00, 0x33, 0xD2, 0x48, 0x8D,
                0x0D, 0xBF, 0x4E, 0x00, 0x00, 0xE8, 0xE2, 0x31, 0x00, 0x00, 0xC6, 0x05,
                0xD3, 0x4E, 0x00, 0x00, 0x00, 0x48, 0xC7, 0x05, 0xD0, 0x4D, 0x00, 0x00,
                0x00, 0x00, 0x00, 0x00, 0x48, 0xC7, 0x05, 0xCD, 0x4D, 0x00, 0x00, 0x00,
                0x00, 0x00, 0x00, 0x48, 0x83, 0xC4, 0x38, 0xC3, 0x48, 0x83, 0xEC, 0x38,
                0x0F, 0xB6, 0x05, 0x5D, 0x4E, 0x00, 0x00, 0x85, 0xC0, 0x75, 0x02, 0xEB,
                0x6D, 0xB1, 0x02, 0xE8, 0xFC, 0x2A, 0x00, 0x00, 0x88, 0x44, 0x24, 0x20,
                0x4C, 0x8B, 0x05, 0x35, 0x4E, 0x00, 0x00, 0x48, 0x8B, 0x15, 0x26, 0x4E,
                0x00, 0x00, 0x48, 0x8B, 0x0D, 0x17, 0x4E, 0x00, 0x00, 0xE8, 0xDA, 0x26,
                0x00, 0x00, 0x8A, 0x4C, 0x24, 0x20, 0xE8, 0xC5, 0x2A, 0x00, 0x00, 0xBA,
                0x54, 0x72, 0x6D, 0x70, 0x48, 0x8B, 0x0D, 0x15, 0x4E, 0x00, 0x00, 0xFF,
                0x15, 0xDF, 0x3C, 0x00, 0x00, 0xBA, 0x53, 0x6E, 0x67, 0x4F, 0x48, 0x8B,
                0x0D, 0xF3, 0x4D, 0x00, 0x00, 0xFF, 0x15, 0xCD, 0x3C, 0x00, 0x00, 0x41,
                0xB8, 0x28, 0x00, 0x00, 0x00, 0x33, 0xD2, 0x48, 0x8D, 0x0D, 0xD6, 0x4D,
                0x00, 0x00, 0xE8, 0x49, 0x31, 0x00, 0x00, 0xC6, 0x05, 0xEA, 0x4D, 0x00,
                0x00, 0x00, 0x48, 0x83, 0xC4, 0x38, 0xC3, 0xCC, 0xCC, 0xCC, 0xCC, 0xCC,
                0xCC, 0xCC, 0xCC, 0xCC, 0xCC, 0xCC, 0xCC, 0xCC, 0x48, 0x89, 0x54, 0x24,
                0x10, 0x48, 0x89, 0x4C, 0x24, 0x08, 0x57, 0x48, 0x81, 0xEC, 0x60, 0x03,
                0x00, 0x00, 0x48, 0x8B, 0x05, 0x17, 0x4C, 0x00, 0x00, 0x48, 0x33, 0xC4,
                0x48, 0x89, 0x84, 0x24, 0x50, 0x03, 0x00, 0x00, 0x48, 0x8B, 0x8C, 0x24,
                0x78, 0x03, 0x00, 0x00, 0xE8, 0x27, 0x2A, 0x00, 0x00, 0x48, 0x89, 0x84,
                0x24, 0x08, 0x02, 0x00, 0x00, 0x48, 0x8B, 0x84, 0x24, 0x08, 0x02, 0x00,
                0x00, 0x8B, 0x40, 0x08, 0x89, 0x84, 0x24, 0xCC, 0x00, 0x00, 0x00, 0x48,
                0x8B, 0x84, 0x24, 0x78, 0x03, 0x00, 0x00, 0x48, 0x8B, 0x40, 0x18, 0x48,
                0x89, 0x84, 0x24, 0xF0, 0x00, 0x00, 0x00, 0x48, 0x83, 0xBC, 0x24, 0xF0,
                0x00, 0x00, 0x00, 0x00, 0x0F, 0x84, 0xC5, 0x25, 0x00, 0x00, 0x48, 0x8B,
                0x84, 0x24, 0xF0, 0x00, 0x00, 0x00, 0x48, 0x89, 0x44, 0x24, 0x70, 0xB8,
                0x01, 0x00, 0x00, 0x00, 0x48, 0x6B, 0xC0, 0x00, 0x48, 0x8B, 0x4C, 0x24,
                0x70, 0x0F, 0xBE, 0x04, 0x01, 0x83, 0xF8, 0x53, 0x0F, 0x85, 0x87, 0x05,
                0x00, 0x00, 0xB8, 0x01, 0x00, 0x00, 0x00, 0x48, 0x6B, 0xC0, 0x01, 0x48,
                0x8B, 0x4C, 0x24, 0x70, 0x0F, 0xBE, 0x04, 0x01, 0x83, 0xF8, 0x50, 0x0F,
                0x85, 0x6C, 0x05, 0x00, 0x00, 0xB8, 0x01, 0x00, 0x00, 0x00, 0x48, 0x6B,
                0xC0, 0x02, 0x48, 0x8B, 0x4C, 0x24, 0x70, 0x0F, 0xBE, 0x04, 0x01, 0x83,
                0xF8, 0x20, 0x0F, 0x85, 0x51, 0x05, 0x00, 0x00, 0x48, 0x8B, 0x84, 0x24,
                0xF0, 0x00, 0x00, 0x00, 0x48, 0x83, 0xC0, 0x03, 0x48, 0x89, 0x44, 0x24,
                0x70, 0x48, 0xC7, 0x84, 0x24, 0xC8, 0x01, 0x00, 0x00, 0x00, 0x00, 0x00,
                0x00, 0x48, 0x8D, 0x94, 0x24, 0xC8, 0x01, 0x00, 0x00, 0x48, 0x8B, 0x4C,
                0x24, 0x70, 0xE8, 0xF5, 0x6E, 0xFF, 0xFF, 0x85, 0xC0, 0x0F, 0x8C, 0x15,
                0x05, 0x00, 0x00, 0xE8, 0x78, 0xAE, 0xFF, 0xFF, 0x48, 0x89, 0x84, 0x24,
                0xF0, 0x01, 0x00, 0x00, 0x48, 0x83, 0xBC, 0x24, 0xF0, 0x01, 0x00, 0x00,
                0x00, 0x0F, 0x84, 0xF9, 0x04, 0x00, 0x00, 0xE8, 0xB0, 0xAB, 0xFF, 0xFF,
                0x48, 0x89, 0x84, 0x24, 0x10, 0x02, 0x00, 0x00, 0xE8, 0x5B, 0x6F, 0xFF,
                0xFF, 0x83, 0xF8, 0x01, 0x74, 0x2E, 0x48, 0x8B, 0x8C, 0x24, 0xC8, 0x01,
                0x00, 0x00, 0xE8, 0x6D, 0x2A, 0x00, 0x00, 0x48, 0xFF, 0xC0, 0x4C, 0x8B,
                0xC0, 0x48, 0x8B, 0x94, 0x24, 0xC8, 0x01, 0x00, 0x00, 0x48, 0x8B, 0x8C,
                0x24, 0x10, 0x02, 0x00, 0x00, 0xE8, 0x02, 0xE2, 0xFF, 0xFF, 0x90, 0xE9,
                0xB4, 0x04, 0x00, 0x00, 0xC6, 0x84, 0x24, 0xA0, 0x02, 0x00, 0x00, 0x48,
                0xC6, 0x84, 0x24, 0xA1, 0x02, 0x00, 0x00, 0x8B, 0xC6, 0x84, 0x24, 0xA2,
                0x02, 0x00, 0x00, 0x05, 0xC6, 0x84, 0x24, 0xA3, 0x02, 0x00, 0x00, 0x0E,
                0xC6, 0x84, 0x24, 0xA4, 0x02, 0x00, 0x00, 0x7A, 0xC6, 0x84, 0x24, 0xA5,
                0x02, 0x00, 0x00, 0x11, 0xC6, 0x84, 0x24, 0xA6, 0x02, 0x00, 0x00, 0x00,
                0xC6, 0x84, 0x24, 0xA7, 0x02, 0x00, 0x00, 0x4C, 0xC6, 0x84, 0x24, 0xA8,
                0x02, 0x00, 0x00, 0x8B, 0xC6, 0x84, 0x24, 0xA9, 0x02, 0x00, 0x00, 0x1D,
                0xC6, 0x84, 0x24, 0xAA, 0x02, 0x00, 0x00, 0x0F, 0xC6, 0x84, 0x24, 0xAB,
                0x02, 0x00, 0x00, 0x7A, 0xC6, 0x84, 0x24, 0xAC, 0x02, 0x00, 0x00, 0x11,
                0xC6, 0x84, 0x24, 0xAD, 0x02, 0x00, 0x00, 0x00, 0xC6, 0x84, 0x24, 0xAE,
                0x02, 0x00, 0x00, 0x44, 0xC6, 0x84, 0x24, 0xAF, 0x02, 0x00, 0x00, 0x8B,
                0xC6, 0x84, 0x24, 0xB0, 0x02, 0x00, 0x00, 0x0D, 0xC6, 0x84, 0x24, 0xB1,
                0x02, 0x00, 0x00, 0xE8, 0xC6, 0x84, 0x24, 0xB2, 0x02, 0x00, 0x00, 0x79,
                0xC6, 0x84, 0x24, 0xB3, 0x02, 0x00, 0x00, 0x11, 0xC6, 0x84, 0x24, 0xB4,
                0x02, 0x00, 0x00, 0x00, 0xC6, 0x84, 0x24, 0xB5, 0x02, 0x00, 0x00, 0x4C,
                0xC6, 0x84, 0x24, 0xB6, 0x02, 0x00, 0x00, 0x89, 0xC6, 0x84, 0x24, 0xB7,
                0x02, 0x00, 0x00, 0x5C, 0xC6, 0x84, 0x24, 0xB8, 0x02, 0x00, 0x00, 0x24,
                0xC6, 0x84, 0x24, 0xB9, 0x02, 0x00, 0x00, 0x38, 0xC6, 0x84, 0x24, 0xBA,
                0x02, 0x00, 0x00, 0x48, 0xC6, 0x84, 0x24, 0xBB, 0x02, 0x00, 0x00, 0x89,
                0xC6, 0x84, 0x24, 0xBC, 0x02, 0x00, 0x00, 0x44, 0xC6, 0x84, 0x24, 0xBD,
                0x02, 0x00, 0x00, 0x24, 0xC6, 0x84, 0x24, 0xBE, 0x02, 0x00, 0x00, 0x30,
                0xC6, 0x84, 0x24, 0xBF, 0x02, 0x00, 0x00, 0x48, 0xC6, 0x84, 0x24, 0xC0,
                0x02, 0x00, 0x00, 0x8B, 0xC6, 0x84, 0x24, 0xC1, 0x02, 0x00, 0x00, 0x05,
                0xC6, 0x84, 0x24, 0xC2, 0x02, 0x00, 0x00, 0xE7, 0xC6, 0x84, 0x24, 0xC3,
                0x02, 0x00, 0x00, 0x79, 0xC6, 0x84, 0x24, 0xC4, 0x02, 0x00, 0x00, 0x11,
                0xC6, 0x84, 0x24, 0xC5, 0x02, 0x00, 0x00, 0x00, 0xC6, 0x84, 0x24, 0xC6,
                0x02, 0x00, 0x00, 0x4C, 0xC6, 0x84, 0x24, 0xC7, 0x02, 0x00, 0x00, 0x8D,
                0xC6, 0x84, 0x24, 0xC8, 0x02, 0x00, 0x00, 0x05, 0xC6, 0x84, 0x24, 0xC9,
                0x02, 0x00, 0x00, 0x70, 0xC6, 0x84, 0x24, 0xCA, 0x02, 0x00, 0x00, 0x44,
                0xC6, 0x84, 0x24, 0xCB, 0x02, 0x00, 0x00, 0xF5, 0xC6, 0x84, 0x24, 0xCC,
                0x02, 0x00, 0x00, 0xFF, 0xC6, 0x84, 0x24, 0xCD, 0x02, 0x00, 0x00, 0x48,
                0xC6, 0x84, 0x24, 0xCE, 0x02, 0x00, 0x00, 0x8D, 0xC6, 0x84, 0x24, 0xCF,
                0x02, 0x00, 0x00, 0x4C, 0xC6, 0x84, 0x24, 0xD0, 0x02, 0x00, 0x00, 0x24,
                0xC6, 0x84, 0x24, 0xD1, 0x02, 0x00, 0x00, 0x40, 0xC6, 0x84, 0x24, 0xD2,
                0x02, 0x00, 0x00, 0x48, 0xC6, 0x84, 0x24, 0xD3, 0x02, 0x00, 0x00, 0x89,
                0xC6, 0x84, 0x24, 0xD4, 0x02, 0x00, 0x00, 0x44, 0xC6, 0x84, 0x24, 0xD5,
                0x02, 0x00, 0x00, 0x24, 0xC6, 0x84, 0x24, 0xD6, 0x02, 0x00, 0x00, 0x28,
                0xC6, 0x84, 0x24, 0xD7, 0x02, 0x00, 0x00, 0x48, 0xC6, 0x84, 0x24, 0xD8,
                0x02, 0x00, 0x00, 0x8B, 0xC6, 0x84, 0x24, 0xD9, 0x02, 0x00, 0x00, 0x05,
                0xC6, 0x84, 0x24, 0xDA, 0x02, 0x00, 0x00, 0xC7, 0xC6, 0x84, 0x24, 0xDB,
                0x02, 0x00, 0x00, 0x79, 0xC6, 0x84, 0x24, 0xDC, 0x02, 0x00, 0x00, 0x11,
                0xC6, 0x84, 0x24, 0xDD, 0x02, 0x00, 0x00, 0x00, 0xC6, 0x84, 0x24, 0xDE,
                0x02, 0x00, 0x00, 0x48, 0xC6, 0x84, 0x24, 0xDF, 0x02, 0x00, 0x00, 0x8B,
                0xC6, 0x84, 0x24, 0xE0, 0x02, 0x00, 0x00, 0xD7, 0xC6, 0x84, 0x24, 0xE1,
                0x02, 0x00, 0x00, 0x48, 0xC6, 0x84, 0x24, 0xE2, 0x02, 0x00, 0x00, 0x89,
                0xC6, 0x84, 0x24, 0xE3, 0x02, 0x00, 0x00, 0x44, 0xC6, 0x84, 0x24, 0xE4,
                0x02, 0x00, 0x00, 0x24, 0xC6, 0x84, 0x24, 0xE5, 0x02, 0x00, 0x00, 0x20,
                0xC6, 0x84, 0x24, 0xE6, 0x02, 0x00, 0x00, 0xE8, 0xC6, 0x84, 0x24, 0xE7,
                0x02, 0x00, 0x00, 0x02, 0xC6, 0x84, 0x24, 0xE8, 0x02, 0x00, 0x00, 0xF4,
                0xC6, 0x84, 0x24, 0xE9, 0x02, 0x00, 0x00, 0xF8, 0xC6, 0x84, 0x24, 0xEA,
                0x02, 0x00, 0x00, 0xFF, 0xC6, 0x84, 0x24, 0xEB, 0x02, 0x00, 0x00, 0x48,
                0xC6, 0x84, 0x24, 0xEC, 0x02, 0x00, 0x00, 0x8D, 0xC6, 0x84, 0x24, 0xED,
                0x02, 0x00, 0x00, 0x4C, 0xC6, 0x84, 0x24, 0xEE, 0x02, 0x00, 0x00, 0x24,
                0xC6, 0x84, 0x24, 0xEF, 0x02, 0x00, 0x00, 0x40, 0xC6, 0x84, 0x24, 0xF0,
                0x02, 0x00, 0x00, 0x48, 0xC6, 0x84, 0x24, 0xF1, 0x02, 0x00, 0x00, 0xB9,
                0x48, 0x8D, 0x84, 0x24, 0xF2, 0x02, 0x00, 0x00, 0x48, 0x8B, 0xF8, 0x33,
                0xC0, 0xB9, 0x08, 0x00, 0x00, 0x00, 0xF3, 0xAA, 0x48, 0x8D, 0x84, 0x24,
                0x00, 0x03, 0x00, 0x00, 0x48, 0x8B, 0xF8, 0x33, 0xC0, 0xB9, 0x50, 0x00,
                0x00, 0x00, 0xF3, 0xAA, 0xC7, 0x84, 0x24, 0xC0, 0x00, 0x00, 0x00, 0x00,
                0x00, 0x00, 0x00, 0xEB, 0x10, 0x8B, 0x84, 0x24, 0xC0, 0x00, 0x00, 0x00,
                0xFF, 0xC0, 0x89, 0x84, 0x24, 0xC0, 0x00, 0x00, 0x00, 0x8B, 0x84, 0x24,
                0xC0, 0x00, 0x00, 0x00, 0x48, 0x83, 0xF8, 0x46, 0x73, 0x11, 0x8B, 0x84,
                0x24, 0xC0, 0x00, 0x00, 0x00, 0xC6, 0x84, 0x04, 0x00, 0x03, 0x00, 0x00,
                0x90, 0xEB, 0xD2, 0x8B, 0x84, 0x24, 0xCC, 0x00, 0x00, 0x00, 0xFF, 0xC0,
                0x8B, 0xC0, 0x41, 0xB8, 0x41, 0x63, 0x74, 0x53, 0x8B, 0xD0, 0x33, 0xC9,
                0xFF, 0x15, 0x26, 0x38, 0x00, 0x00, 0x48, 0x89, 0x84, 0x24, 0x50, 0x01,
                0x00, 0x00, 0x48, 0x83, 0xBC, 0x24, 0x50, 0x01, 0x00, 0x00, 0x00, 0x75,
                0x39, 0x48, 0x8B, 0x84, 0x24, 0x78, 0x03, 0x00, 0x00, 0xC7, 0x40, 0x30,
                0x9A, 0x00, 0x00, 0xC0, 0x48, 0x8B, 0x84, 0x24, 0x78, 0x03, 0x00, 0x00,
                0x48, 0xC7, 0x40, 0x38, 0x00, 0x00, 0x00, 0x00, 0x33, 0xD2, 0x48, 0x8B,
                0x8C, 0x24, 0x78, 0x03, 0x00, 0x00, 0xFF, 0x15, 0x2C, 0x38, 0x00, 0x00,
                0xB8, 0x9A, 0x00, 0x00, 0xC0, 0xE9, 0xA6, 0x21, 0x00, 0x00, 0x8B, 0x84,
                0x24, 0xCC, 0x00, 0x00, 0x00, 0x44, 0x8B, 0xC0, 0x48, 0x8B, 0x54, 0x24,
                0x70, 0x48, 0x8B, 0x8C, 0x24, 0x50, 0x01, 0x00, 0x00, 0xE8, 0x96, 0x29,
                0x00, 0x00, 0x8B, 0x84, 0x24, 0xCC, 0x00, 0x00, 0x00, 0x48, 0x8B, 0x8C,
                0x24, 0x50, 0x01, 0x00, 0x00, 0xC6, 0x04, 0x01, 0x00, 0xB8, 0x01, 0x00,
                0x00, 0x00, 0x48, 0x6B, 0xC0, 0x02, 0x48, 0x8B, 0x8C, 0x24, 0x50, 0x01,
                0x00, 0x00, 0x48, 0x89, 0x8C, 0x04, 0xF0, 0x02, 0x00, 0x00, 0x48, 0x8D,
                0x84, 0x24, 0x46, 0x03, 0x00, 0x00, 0x41, 0xB8, 0x0A, 0x00, 0x00, 0x00,
                0x48, 0x8D, 0x94, 0x24, 0xF0, 0x02, 0x00, 0x00, 0x48, 0x8B, 0xC8, 0xE8,
                0x4C, 0x29, 0x00, 0x00, 0x41, 0xB8, 0x50, 0x00, 0x00, 0x00, 0x48, 0x8D,
                0x94, 0x24, 0xA0, 0x02, 0x00, 0x00, 0x48, 0x8B, 0x8C, 0x24, 0xF0, 0x01,
                0x00, 0x00, 0xE8, 0xD5, 0x73, 0xFF, 0xFF, 0x48, 0x89, 0x84, 0x24, 0xD0,
                0x01, 0x00, 0x00, 0xC7, 0x84, 0x24, 0xBC, 0x01, 0x00, 0x00, 0x50, 0x00,
                0x00, 0x00, 0x8B, 0x84, 0x24, 0xBC, 0x01, 0x00, 0x00, 0x48, 0x89, 0x84,
                0x24, 0xD8, 0x01, 0x00, 0x00, 0x41, 0xB8, 0x37, 0x6E, 0x67, 0x4F, 0x48,
                0x8B, 0x94, 0x24, 0xD8, 0x01, 0x00, 0x00, 0x33, 0xC9, 0xFF, 0x15, 0x21,
                0x37, 0x00, 0x00, 0x48, 0x89, 0x84, 0x24, 0x68, 0x01, 0x00, 0x00, 0x48,
                0x83, 0xBC, 0x24, 0x68, 0x01, 0x00, 0x00, 0x00, 0x74, 0x1E, 0x4C, 0x8B,
                0x84, 0x24, 0xD8, 0x01, 0x00, 0x00, 0x48, 0x8B, 0x94, 0x24, 0x68, 0x01,
                0x00, 0x00, 0x48, 0x8B, 0x8C, 0x24, 0xD0, 0x01, 0x00, 0x00, 0xE8, 0x75,
                0xF2, 0xFF, 0xFF, 0x90, 0x0F, 0x20, 0xC0, 0x48, 0x0F, 0xBA, 0xF0, 0x10,
                0x0F, 0x22, 0xC0, 0x41, 0xB8, 0x50, 0x00, 0x00, 0x00, 0x48, 0x8D, 0x94,
                0x24, 0x00, 0x03, 0x00, 0x00, 0x48, 0x8B, 0x8C, 0x24, 0xD0, 0x01, 0x00,
                0x00, 0xE8, 0xA2, 0x28, 0x00, 0x00, 0x0F, 0x20, 0xC0, 0x48, 0x0F, 0xBA,
                0xE8, 0x10, 0x0F, 0x22, 0xC0, 0x48, 0x83, 0xBC, 0x24, 0x68, 0x01, 0x00,
                0x00, 0x00, 0x74, 0x34, 0x48, 0x8B, 0x84, 0x24, 0xD0, 0x01, 0x00, 0x00,
                0x48, 0x89, 0x05, 0x8D, 0x48, 0x00, 0x00, 0x48, 0x8B, 0x84, 0x24, 0x68,
                0x01, 0x00, 0x00, 0x48, 0x89, 0x05, 0x86, 0x48, 0x00, 0x00, 0x48, 0x8B,
                0x84, 0x24, 0xD8, 0x01, 0x00, 0x00, 0x48, 0x89, 0x05, 0x7F, 0x48, 0x00,
                0x00, 0xC6, 0x05, 0x64, 0x47, 0x00, 0x00, 0x01, 0xE9, 0x16, 0x20, 0x00,
                0x00, 0xB8, 0x01, 0x00, 0x00, 0x00, 0x48, 0x6B, 0xC0, 0x00, 0x48, 0x8B,
                0x4C, 0x24, 0x70, 0x0F, 0xBE, 0x04, 0x01, 0x83, 0xF8, 0x43, 0x75, 0x72,
                0xB8, 0x01, 0x00, 0x00, 0x00, 0x48, 0x6B, 0xC0, 0x01, 0x48, 0x8B, 0x4C,
                0x24, 0x70, 0x0F, 0xBE, 0x04, 0x01, 0x83, 0xF8, 0x52, 0x75, 0x5B, 0xB8,
                0x01, 0x00, 0x00, 0x00, 0x48, 0x6B, 0xC0, 0x02, 0x48, 0x8B, 0x4C, 0x24,
                0x70, 0x0F, 0xBE, 0x04, 0x01, 0x83, 0xF8, 0x20, 0x75, 0x44, 0x48, 0x8B,
                0x84, 0x24, 0xF0, 0x00, 0x00, 0x00, 0x48, 0x83, 0xC0, 0x03, 0x48, 0x89,
                0x44, 0x24, 0x70, 0x4C, 0x8D, 0x84, 0x24, 0x18, 0x02, 0x00, 0x00, 0x48,
                0x8D, 0x15, 0x9E, 0x2C, 0x00, 0x00, 0x48, 0x8B, 0x4C, 0x24, 0x70, 0xE8,
                0x2A, 0x25, 0x00, 0x00, 0x48, 0x8B, 0x94, 0x24, 0x18, 0x02, 0x00, 0x00,
                0x48, 0x8B, 0x0D, 0xAD, 0x46, 0x00, 0x00, 0xE8, 0x1C, 0xD2, 0xFF, 0xFF,
                0x90, 0xE9, 0x8D, 0x1F, 0x00, 0x00, 0xB8, 0x01, 0x00, 0x00, 0x00, 0x48,
                0x6B, 0xC0, 0x00, 0x48, 0x8B, 0x4C, 0x24, 0x70, 0x0F, 0xBE, 0x04, 0x01,
                0x83, 0xF8, 0x43, 0x0F, 0x85, 0x81, 0x00, 0x00, 0x00, 0xB8, 0x01, 0x00,
                0x00, 0x00, 0x48, 0x6B, 0xC0, 0x01, 0x48, 0x8B, 0x4C, 0x24, 0x70, 0x0F,
                0xBE, 0x04, 0x01, 0x83, 0xF8, 0x43, 0x75, 0x6A, 0xB8, 0x01, 0x00, 0x00,
                0x00, 0x48, 0x6B, 0xC0, 0x02, 0x48, 0x8B, 0x4C, 0x24, 0x70, 0x0F, 0xBE,
                0x04, 0x01, 0x83, 0xF8, 0x20, 0x75, 0x53, 0x48, 0x8B, 0x84, 0x24, 0xF0,
                0x00, 0x00, 0x00, 0x48, 0x83, 0xC0, 0x03, 0x48, 0x89, 0x44, 0x24, 0x70,
                0x4C, 0x8D, 0x8C, 0x24, 0xC0, 0x01, 0x00, 0x00, 0x4C, 0x8D, 0x84, 0x24,
                0x88, 0x01, 0x00, 0x00, 0x48, 0x8D, 0x15, 0x19, 0x2C, 0x00, 0x00, 0x48,
                0x8B, 0x4C, 0x24, 0x70, 0xE8, 0x95, 0x24, 0x00, 0x00, 0x44, 0x8B, 0x84,
                0x24, 0xC0, 0x01, 0x00, 0x00, 0x8B, 0x94, 0x24, 0x88, 0x01, 0x00, 0x00,
                0x48, 0x8B, 0x0D, 0x19, 0x46, 0x00, 0x00, 0xE8, 0x94, 0xD4, 0xFF, 0xFF,
                0x90, 0xE9, 0xF1, 0x1E, 0x00, 0x00, 0xB8, 0x01, 0x00, 0x00, 0x00, 0x48,
                0x6B, 0xC0, 0x00, 0x48, 0x8B, 0x4C, 0x24, 0x70, 0x0F, 0xBE, 0x04, 0x01,
                0x83, 0xF8, 0x43, 0x0F, 0x85, 0x40, 0x07, 0x00, 0x00, 0xB8, 0x01, 0x00,
                0x00, 0x00, 0x48, 0x6B, 0xC0, 0x01, 0x48, 0x8B, 0x4C, 0x24, 0x70, 0x0F,
                0xBE, 0x04, 0x01, 0x83, 0xF8, 0x54, 0x0F, 0x85, 0x25, 0x07, 0x00, 0x00,
                0xB8, 0x01, 0x00, 0x00, 0x00, 0x48, 0x6B, 0xC0, 0x02, 0x48, 0x8B, 0x4C,
                0x24, 0x70, 0x0F, 0xBE, 0x04, 0x01, 0x83, 0xF8, 0x20, 0x0F, 0x85, 0x0A,
                0x07, 0x00, 0x00, 0x48, 0x8B, 0x84, 0x24, 0xF0, 0x00, 0x00, 0x00, 0x48,
                0x83, 0xC0, 0x03, 0x48, 0x89, 0x44, 0x24, 0x70, 0x48, 0x8B, 0x44, 0x24,
                0x70, 0x48, 0x89, 0x84, 0x24, 0x88, 0x00, 0x00, 0x00, 0x48, 0x8B, 0x84,
                0x24, 0x88, 0x00, 0x00, 0x00, 0x0F, 0xBE, 0x00, 0x83, 0xF8, 0x20, 0x74,
                0x10, 0x48, 0x8B, 0x84, 0x24, 0x88, 0x00, 0x00, 0x00, 0x0F, 0xBE, 0x00,
                0x83, 0xF8, 0x09, 0x75, 0x15, 0x48, 0x8B, 0x84, 0x24, 0x88, 0x00, 0x00,
                0x00, 0x48, 0xFF, 0xC0, 0x48, 0x89, 0x84, 0x24, 0x88, 0x00, 0x00, 0x00,
                0xEB, 0xCB, 0xC6, 0x84, 0x24, 0x84, 0x00, 0x00, 0x00, 0x00, 0x48, 0x8B,
                0x84, 0x24, 0x88, 0x00, 0x00, 0x00, 0x0F, 0xBE, 0x00, 0x83, 0xF8, 0x30,
                0x74, 0x10, 0x48, 0x8B, 0x84, 0x24, 0x88, 0x00, 0x00, 0x00, 0x0F, 0xBE,
                0x00, 0x83, 0xF8, 0x31, 0x75, 0x49, 0x48, 0x8B, 0x84, 0x24, 0x88, 0x00,
                0x00, 0x00, 0x0F, 0xBE, 0x00, 0x83, 0xF8, 0x31, 0x75, 0x0D, 0xC7, 0x84,
                0x24, 0x38, 0x01, 0x00, 0x00, 0x01, 0x00, 0x00, 0x00, 0xEB, 0x0B, 0xC7,
                0x84, 0x24, 0x38, 0x01, 0x00, 0x00, 0x00, 0x00, 0x00, 0x00, 0x8A, 0x84,
                0x24, 0x38, 0x01, 0x00, 0x00, 0x88, 0x84, 0x24, 0x84, 0x00, 0x00, 0x00,
                0x48, 0x8B, 0x84, 0x24, 0x88, 0x00, 0x00, 0x00, 0x48, 0xFF, 0xC0, 0x48,
                0x89, 0x84, 0x24, 0x88, 0x00, 0x00, 0x00, 0x48, 0xC7, 0x84, 0x24, 0x90,
                0x00, 0x00, 0x00, 0x00, 0x00, 0x00, 0x00, 0xC7, 0x84, 0x24, 0xAC, 0x00,
                0x00, 0x00, 0x04, 0x00, 0x00, 0x00, 0xC7, 0x84, 0x24, 0x80, 0x00, 0x00,
                0x00, 0x00, 0x00, 0x00, 0x00, 0x8B, 0x84, 0x24, 0xAC, 0x00, 0x00, 0x00,
                0x48, 0xC1, 0xE0, 0x03, 0x41, 0xB8, 0x41, 0x63, 0x74, 0x53, 0x48, 0x8B,
                0xD0, 0x33, 0xC9, 0xFF, 0x15, 0x03, 0x34, 0x00, 0x00, 0x48, 0x89, 0x84,
                0x24, 0x90, 0x00, 0x00, 0x00, 0x48, 0x8B, 0x84, 0x24, 0x88, 0x00, 0x00,
                0x00, 0x0F, 0xBE, 0x00, 0x85, 0xC0, 0x0F, 0x84, 0x84, 0x03, 0x00, 0x00,
                0x48, 0x8B, 0x84, 0x24, 0x88, 0x00, 0x00, 0x00, 0x0F, 0xBE, 0x00, 0x83,
                0xF8, 0x20, 0x74, 0x10, 0x48, 0x8B, 0x84, 0x24, 0x88, 0x00, 0x00, 0x00,
                0x0F, 0xBE, 0x00, 0x83, 0xF8, 0x09, 0x75, 0x15, 0x48, 0x8B, 0x84, 0x24,
                0x88, 0x00, 0x00, 0x00, 0x48, 0xFF, 0xC0, 0x48, 0x89, 0x84, 0x24, 0x88,
                0x00, 0x00, 0x00, 0xEB, 0xCB, 0x48, 0x8B, 0x84, 0x24, 0x88, 0x00, 0x00,
                0x00, 0x0F, 0xBE, 0x00, 0x83, 0xF8, 0x22, 0x74, 0x05, 0xE9, 0x3A, 0x03,
                0x00, 0x00, 0x48, 0x8B, 0x84, 0x24, 0x88, 0x00, 0x00, 0x00, 0x48, 0xFF,
                0xC0, 0x48, 0x89, 0x84, 0x24, 0x88, 0x00, 0x00, 0x00, 0x48, 0x8B, 0x84,
                0x24, 0x88, 0x00, 0x00, 0x00, 0x48, 0x89, 0x84, 0x24, 0xF8, 0x01, 0x00,
                0x00, 0x48, 0x8B, 0x84, 0x24, 0x88, 0x00, 0x00, 0x00, 0x0F, 0xBE, 0x00,
                0x85, 0xC0, 0x74, 0x25, 0x48, 0x8B, 0x84, 0x24, 0x88, 0x00, 0x00, 0x00,
                0x0F, 0xBE, 0x00, 0x83, 0xF8, 0x22, 0x74, 0x15, 0x48, 0x8B, 0x84, 0x24,
                0x88, 0x00, 0x00, 0x00, 0x48, 0xFF, 0xC0, 0x48, 0x89, 0x84, 0x24, 0x88,
                0x00, 0x00, 0x00, 0xEB, 0xCC, 0x48, 0x8B, 0x84, 0x24, 0x88, 0x00, 0x00,
                0x00, 0x0F, 0xBE, 0x00, 0x83, 0xF8, 0x22, 0x74, 0x05, 0xE9, 0xCE, 0x02,
                0x00, 0x00, 0x48, 0x8B, 0x84, 0x24, 0xF8, 0x01, 0x00, 0x00, 0x48, 0x8B,
                0x8C, 0x24, 0x88, 0x00, 0x00, 0x00, 0x48, 0x2B, 0xC8, 0x48, 0x8B, 0xC1,
                0x89, 0x84, 0x24, 0xA8, 0x00, 0x00, 0x00, 0x8B, 0x84, 0x24, 0xA8, 0x00,
                0x00, 0x00, 0xFF, 0xC0, 0x8B, 0xC0, 0x48, 0xD1, 0xE0, 0x41, 0xB8, 0x41,
                0x63, 0x74, 0x53, 0x48, 0x8B, 0xD0, 0x33, 0xC9, 0xFF, 0x15, 0xF6, 0x32,
                0x00, 0x00, 0x48, 0x89, 0x84, 0x24, 0x40, 0x01, 0x00, 0x00, 0x48, 0x83,
                0xBC, 0x24, 0x40, 0x01, 0x00, 0x00, 0x00, 0x75, 0x72, 0xC7, 0x84, 0x24,
                0xC4, 0x00, 0x00, 0x00, 0x00, 0x00, 0x00, 0x00, 0xEB, 0x10, 0x8B, 0x84,
                0x24, 0xC4, 0x00, 0x00, 0x00, 0xFF, 0xC0, 0x89, 0x84, 0x24, 0xC4, 0x00,
                0x00, 0x00, 0x8B, 0x84, 0x24, 0x80, 0x00, 0x00, 0x00, 0x39, 0x84, 0x24,
                0xC4, 0x00, 0x00, 0x00, 0x73, 0x21, 0x8B, 0x84, 0x24, 0xC4, 0x00, 0x00,
                0x00, 0xBA, 0x41, 0x63, 0x74, 0x53, 0x48, 0x8B, 0x8C, 0x24, 0x90, 0x00,
                0x00, 0x00, 0x48, 0x8B, 0x0C, 0xC1, 0xFF, 0x15, 0xA0, 0x32, 0x00, 0x00,
                0x90, 0xEB, 0xBF, 0x48, 0x83, 0xBC, 0x24, 0x90, 0x00, 0x00, 0x00, 0x00,
                0x74, 0x14, 0xBA, 0x41, 0x63, 0x74, 0x53, 0x48, 0x8B, 0x8C, 0x24, 0x90,
                0x00, 0x00, 0x00, 0xFF, 0x15, 0x7F, 0x32, 0x00, 0x00, 0x90, 0xE9, 0x0D,
                0x02, 0x00, 0x00, 0x48, 0x8B, 0x84, 0x24, 0xF8, 0x01, 0x00, 0x00, 0x48,
                0x89, 0x84, 0x24, 0x40, 0x02, 0x00, 0x00, 0x0F, 0xB7, 0x84, 0x24, 0xA8,
                0x00, 0x00, 0x00, 0x66, 0x89, 0x84, 0x24, 0x38, 0x02, 0x00, 0x00, 0x0F,
                0xB7, 0x84, 0x24, 0xA8, 0x00, 0x00, 0x00, 0x66, 0x89, 0x84, 0x24, 0x3A,
                0x02, 0x00, 0x00, 0x48, 0x8B, 0x84, 0x24, 0x40, 0x01, 0x00, 0x00, 0x48,
                0x89, 0x84, 0x24, 0x70, 0x02, 0x00, 0x00, 0x8B, 0x84, 0x24, 0xA8, 0x00,
                0x00, 0x00, 0xFF, 0xC0, 0x8B, 0xC0, 0x48, 0xD1, 0xE0, 0x66, 0x89, 0x84,
                0x24, 0x6A, 0x02, 0x00, 0x00, 0x45, 0x33, 0xC0, 0x48, 0x8D, 0x94, 0x24,
                0x38, 0x02, 0x00, 0x00, 0x48, 0x8D, 0x8C, 0x24, 0x68, 0x02, 0x00, 0x00,
                0xFF, 0x15, 0xA2, 0x32, 0x00, 0x00, 0x8B, 0x84, 0x24, 0xA8, 0x00, 0x00,
                0x00, 0x33, 0xC9, 0x48, 0x8B, 0x94, 0x24, 0x40, 0x01, 0x00, 0x00, 0x66,
                0x89, 0x0C, 0x42, 0x8B, 0x84, 0x24, 0xAC, 0x00, 0x00, 0x00, 0x39, 0x84,
                0x24, 0x80, 0x00, 0x00, 0x00, 0x0F, 0x82, 0x32, 0x01, 0x00, 0x00, 0x8B,
                0x84, 0x24, 0xAC, 0x00, 0x00, 0x00, 0xD1, 0xE0, 0x89, 0x84, 0x24, 0xAC,
                0x00, 0x00, 0x00, 0x8B, 0x84, 0x24, 0xAC, 0x00, 0x00, 0x00, 0x48, 0xC1,
                0xE0, 0x03, 0x41, 0xB8, 0x41, 0x63, 0x74, 0x53, 0x48, 0x8B, 0xD0, 0x33,
                0xC9, 0xFF, 0x15, 0xAD, 0x31, 0x00, 0x00, 0x48, 0x89, 0x84, 0x24, 0xE0,
                0x01, 0x00, 0x00, 0x48, 0x83, 0xBC, 0x24, 0xE0, 0x01, 0x00, 0x00, 0x00,
                0x0F, 0x85, 0x9D, 0x00, 0x00, 0x00, 0xBA, 0x41, 0x63, 0x74, 0x53, 0x48,
                0x8B, 0x8C, 0x24, 0x40, 0x01, 0x00, 0x00, 0xFF, 0x15, 0x8B, 0x31, 0x00,
                0x00, 0x90, 0xC7, 0x84, 0x24, 0xC8, 0x00, 0x00, 0x00, 0x00, 0x00, 0x00,
                0x00, 0xEB, 0x10, 0x8B, 0x84, 0x24, 0xC8, 0x00, 0x00, 0x00, 0xFF, 0xC0,
                0x89, 0x84, 0x24, 0xC8, 0x00, 0x00, 0x00, 0x8B, 0x84, 0x24, 0x80, 0x00,
                0x00, 0x00, 0x39, 0x84, 0x24, 0xC8, 0x00, 0x00, 0x00, 0x73, 0x21, 0x8B,
                0x84, 0x24, 0xC8, 0x00, 0x00, 0x00, 0xBA, 0x41, 0x63, 0x74, 0x53, 0x48,
                0x8B, 0x8C, 0x24, 0x90, 0x00, 0x00, 0x00, 0x48, 0x8B, 0x0C, 0xC1, 0xFF,
                0x15, 0x3F, 0x31, 0x00, 0x00, 0x90, 0xEB, 0xBF, 0x48, 0x83, 0xBC, 0x24,
                0x90, 0x00, 0x00, 0x00, 0x00, 0x74, 0x14, 0xBA, 0x41, 0x63, 0x74, 0x53,
                0x48, 0x8B, 0x8C, 0x24, 0x90, 0x00, 0x00, 0x00, 0xFF, 0x15, 0x1E, 0x31,
                0x00, 0x00, 0x90, 0x48, 0xC7, 0x84, 0x24, 0x90, 0x00, 0x00, 0x00, 0x00,
                0x00, 0x00, 0x00, 0xC7, 0x84, 0x24, 0x80, 0x00, 0x00, 0x00, 0x00, 0x00,
                0x00, 0x00, 0xE9, 0x95, 0x00, 0x00, 0x00, 0x48, 0x83, 0xBC, 0x24, 0x90,
                0x00, 0x00, 0x00, 0x00, 0x74, 0x37, 0x8B, 0x84, 0x24, 0x80, 0x00, 0x00,
                0x00, 0x48, 0xC1, 0xE0, 0x03, 0x4C, 0x8B, 0xC0, 0x48, 0x8B, 0x94, 0x24,
                0x90, 0x00, 0x00, 0x00, 0x48, 0x8B, 0x8C, 0x24, 0xE0, 0x01, 0x00, 0x00,
                0xE8, 0xA3, 0x22, 0x00, 0x00, 0xBA, 0x41, 0x63, 0x74, 0x53, 0x48, 0x8B,
                0x8C, 0x24, 0x90, 0x00, 0x00, 0x00, 0xFF, 0x15, 0xC0, 0x30, 0x00, 0x00,
                0x90, 0x48, 0x8B, 0x84, 0x24, 0xE0, 0x01, 0x00, 0x00, 0x48, 0x89, 0x84,
                0x24, 0x90, 0x00, 0x00, 0x00, 0x8B, 0x84, 0x24, 0x80, 0x00, 0x00, 0x00,
                0x48, 0x8B, 0x8C, 0x24, 0x90, 0x00, 0x00, 0x00, 0x48, 0x8B, 0x94, 0x24,
                0x40, 0x01, 0x00, 0x00, 0x48, 0x89, 0x14, 0xC1, 0x8B, 0x84, 0x24, 0x80,
                0x00, 0x00, 0x00, 0xFF, 0xC0, 0x89, 0x84, 0x24, 0x80, 0x00, 0x00, 0x00,
                0x48, 0x8B, 0x84, 0x24, 0x88, 0x00, 0x00, 0x00, 0x48, 0xFF, 0xC0, 0x48,
                0x89, 0x84, 0x24, 0x88, 0x00, 0x00, 0x00, 0xE9, 0x69, 0xFC, 0xFF, 0xFF,
                0x83, 0xBC, 0x24, 0x80, 0x00, 0x00, 0x00, 0x00, 0x77, 0x21, 0x83, 0xBC,
                0x24, 0x80, 0x00, 0x00, 0x00, 0x00, 0x0F, 0x85, 0xC9, 0x01, 0x00, 0x00,
                0x48, 0x8B, 0x84, 0x24, 0x88, 0x00, 0x00, 0x00, 0x0F, 0xBE, 0x00, 0x85,
                0xC0, 0x0F, 0x85, 0xB6, 0x01, 0x00, 0x00, 0x48, 0xC7, 0x84, 0x24, 0x48,
                0x01, 0x00, 0x00, 0x00, 0x00, 0x00, 0x00, 0x48, 0xC7, 0x84, 0x24, 0x70,
                0x01, 0x00, 0x00, 0x00, 0x00, 0x00, 0x00, 0x48, 0xC7, 0x84, 0x24, 0x18,
                0x01, 0x00, 0x00, 0x00, 0x00, 0x00, 0x00, 0x83, 0xBC, 0x24, 0x80, 0x00,
                0x00, 0x00, 0x01, 0x72, 0x1D, 0xB8, 0x08, 0x00, 0x00, 0x00, 0x48, 0x6B,
                0xC0, 0x00, 0x48, 0x8B, 0x8C, 0x24, 0x90, 0x00, 0x00, 0x00, 0x48, 0x8B,
                0x04, 0x01, 0x48, 0x89, 0x84, 0x24, 0x48, 0x01, 0x00, 0x00, 0x83, 0xBC,
                0x24, 0x80, 0x00, 0x00, 0x00, 0x01, 0x0F, 0x86, 0xE4, 0x00, 0x00, 0x00,
                0x8B, 0x84, 0x24, 0x80, 0x00, 0x00, 0x00, 0x48, 0xC1, 0xE0, 0x03, 0x41,
                0xB8, 0x41, 0x63, 0x74, 0x53, 0x48, 0x8B, 0xD0, 0x33, 0xC9, 0xFF, 0x15,
                0xC4, 0x2F, 0x00, 0x00, 0x48, 0x89, 0x84, 0x24, 0x18, 0x01, 0x00, 0x00,
                0x48, 0x83, 0xBC, 0x24, 0x18, 0x01, 0x00, 0x00, 0x00, 0x0F, 0x84, 0x86,
                0x00, 0x00, 0x00, 0xC7, 0x84, 0x24, 0xB0, 0x00, 0x00, 0x00, 0x01, 0x00,
                0x00, 0x00, 0xEB, 0x10, 0x8B, 0x84, 0x24, 0xB0, 0x00, 0x00, 0x00, 0xFF,
                0xC0, 0x89, 0x84, 0x24, 0xB0, 0x00, 0x00, 0x00, 0x8B, 0x84, 0x24, 0x80,
                0x00, 0x00, 0x00, 0x39, 0x84, 0x24, 0xB0, 0x00, 0x00, 0x00, 0x73, 0x2C,
                0x8B, 0x84, 0x24, 0xB0, 0x00, 0x00, 0x00, 0x8B, 0x8C, 0x24, 0xB0, 0x00,
                0x00, 0x00, 0xFF, 0xC9, 0x8B, 0xC9, 0x48, 0x8B, 0x94, 0x24, 0x18, 0x01,
                0x00, 0x00, 0x48, 0x8B, 0xBC, 0x24, 0x90, 0x00, 0x00, 0x00, 0x48, 0x8B,
                0x04, 0xC7, 0x48, 0x89, 0x04, 0xCA, 0xEB, 0xB4, 0x8B, 0x84, 0x24, 0x80,
                0x00, 0x00, 0x00, 0xFF, 0xC8, 0x8B, 0xC0, 0x48, 0x8B, 0x8C, 0x24, 0x18,
                0x01, 0x00, 0x00, 0x48, 0xC7, 0x04, 0xC1, 0x00, 0x00, 0x00, 0x00, 0x48,
                0x8B, 0x84, 0x24, 0x18, 0x01, 0x00, 0x00, 0x48, 0x89, 0x84, 0x24, 0x70,
                0x01, 0x00, 0x00, 0xEB, 0x29, 0xB8, 0x08, 0x00, 0x00, 0x00, 0x48, 0x6B,
                0xC0, 0x00, 0x48, 0x8B, 0x8C, 0x24, 0x90, 0x00, 0x00, 0x00, 0x48, 0x8B,
                0x04, 0x01, 0x48, 0x89, 0x84, 0x24, 0x48, 0x01, 0x00, 0x00, 0x48, 0xC7,
                0x84, 0x24, 0x70, 0x01, 0x00, 0x00, 0x00, 0x00, 0x00, 0x00, 0xEB, 0x0C,
                0x48, 0xC7, 0x84, 0x24, 0x48, 0x01, 0x00, 0x00, 0x00, 0x00, 0x00, 0x00,
                0x4C, 0x8B, 0x8C, 0x24, 0x70, 0x01, 0x00, 0x00, 0x4C, 0x8B, 0x84, 0x24,
                0x48, 0x01, 0x00, 0x00, 0x8A, 0x94, 0x24, 0x84, 0x00, 0x00, 0x00, 0x48,
                0x8B, 0x0D, 0x92, 0x3F, 0x00, 0x00, 0xE8, 0x71, 0xB1, 0xFF, 0xFF, 0x3D,
                0x0D, 0x00, 0x00, 0xC0, 0x75, 0x24, 0x4C, 0x8B, 0x8C, 0x24, 0x70, 0x01,
                0x00, 0x00, 0x4C, 0x8B, 0x84, 0x24, 0x48, 0x01, 0x00, 0x00, 0x8A, 0x94,
                0x24, 0x84, 0x00, 0x00, 0x00, 0x48, 0x8B, 0x0D, 0x70, 0x3F, 0x00, 0x00,
                0xE8, 0x47, 0xB1, 0xFF, 0xFF, 0x90, 0x48, 0x83, 0xBC, 0x24, 0x18, 0x01,
                0x00, 0x00, 0x00, 0x74, 0x14, 0xBA, 0x41, 0x63, 0x74, 0x53, 0x48, 0x8B,
                0x8C, 0x24, 0x18, 0x01, 0x00, 0x00, 0xFF, 0x15, 0x8C, 0x2E, 0x00, 0x00,
                0x90, 0x48, 0x83, 0xBC, 0x24, 0x90, 0x00, 0x00, 0x00, 0x00, 0x74, 0x78,
                0xC7, 0x84, 0x24, 0xB4, 0x00, 0x00, 0x00, 0x00, 0x00, 0x00, 0x00, 0xEB,
                0x10, 0x8B, 0x84, 0x24, 0xB4, 0x00, 0x00, 0x00, 0xFF, 0xC0, 0x89, 0x84,
                0x24, 0xB4, 0x00, 0x00, 0x00, 0x8B, 0x84, 0x24, 0x80, 0x00, 0x00, 0x00,
                0x39, 0x84, 0x24, 0xB4, 0x00, 0x00, 0x00, 0x73, 0x37, 0x8B, 0x84, 0x24,
                0xB4, 0x00, 0x00, 0x00, 0x48, 0x8B, 0x8C, 0x24, 0x90, 0x00, 0x00, 0x00,
                0x48, 0x83, 0x3C, 0xC1, 0x00, 0x74, 0x1F, 0x8B, 0x84, 0x24, 0xB4, 0x00,
                0x00, 0x00, 0xBA, 0x41, 0x63, 0x74, 0x53, 0x48, 0x8B, 0x8C, 0x24, 0x90,
                0x00, 0x00, 0x00, 0x48, 0x8B, 0x0C, 0xC1, 0xFF, 0x15, 0x1F, 0x2E, 0x00,
                0x00, 0x90, 0xEB, 0xA9, 0xBA, 0x41, 0x63, 0x74, 0x53, 0x48, 0x8B, 0x8C,
                0x24, 0x90, 0x00, 0x00, 0x00, 0xFF, 0x15, 0x09, 0x2E, 0x00, 0x00, 0x90,
                0xE9, 0x96, 0x17, 0x00, 0x00, 0xB8, 0x01, 0x00, 0x00, 0x00, 0x48, 0x6B,
                0xC0, 0x00, 0x48, 0x8B, 0x4C, 0x24, 0x70, 0x0F, 0xBE, 0x04, 0x01, 0x83,
                0xF8, 0x44, 0x0F, 0x85, 0xBC, 0x06, 0x00, 0x00, 0xB8, 0x01, 0x00, 0x00,
                0x00, 0x48, 0x6B, 0xC0, 0x01, 0x48, 0x8B, 0x4C, 0x24, 0x70, 0x0F, 0xBE,
                0x04, 0x01, 0x83, 0xF8, 0x53, 0x0F, 0x85, 0xA1, 0x06, 0x00, 0x00, 0xB8,
                0x01, 0x00, 0x00, 0x00, 0x48, 0x6B, 0xC0, 0x02, 0x48, 0x8B, 0x4C, 0x24,
                0x70, 0x0F, 0xBE, 0x04, 0x01, 0x83, 0xF8, 0x20, 0x0F, 0x85, 0x86, 0x06,
                0x00, 0x00, 0x48, 0x8B, 0x44, 0x24, 0x70, 0x48, 0x83, 0xC0, 0x03, 0x48,
                0x89, 0x44, 0x24, 0x78, 0x48, 0x8B, 0x44, 0x24, 0x78, 0x0F, 0xBE, 0x00,
                0x83, 0xF8, 0x20, 0x74, 0x0D, 0x48, 0x8B, 0x44, 0x24, 0x78, 0x0F, 0xBE,
                0x00, 0x83, 0xF8, 0x09, 0x75, 0x0F, 0x48, 0x8B, 0x44, 0x24, 0x78, 0x48,
                0xFF, 0xC0, 0x48, 0x89, 0x44, 0x24, 0x78, 0xEB, 0xD7, 0x48, 0x8B, 0x44,
                0x24, 0x78, 0x0F, 0xBE, 0x00, 0x83, 0xF8, 0x7B, 0x75, 0x0D, 0x48, 0x8B,
                0x44, 0x24, 0x78, 0x48, 0xFF, 0xC0, 0x48, 0x89, 0x44, 0x24, 0x78, 0x48,
                0x8B, 0x44, 0x24, 0x78, 0x0F, 0xBE, 0x00, 0x85, 0xC0, 0x0F, 0x84, 0x20,
                0x06, 0x00, 0x00, 0x48, 0x8B, 0x44, 0x24, 0x78, 0x0F, 0xBE, 0x00, 0x83,
                0xF8, 0x7D, 0x0F, 0x84, 0x0F, 0x06, 0x00, 0x00, 0x48, 0x8B, 0x44, 0x24,
                0x78, 0x0F, 0xBE, 0x00, 0x83, 0xF8, 0x20, 0x74, 0x0D, 0x48, 0x8B, 0x44,
                0x24, 0x78, 0x0F, 0xBE, 0x00, 0x83, 0xF8, 0x09, 0x75, 0x0F, 0x48, 0x8B,
                0x44, 0x24, 0x78, 0x48, 0xFF, 0xC0, 0x48, 0x89, 0x44, 0x24, 0x78, 0xEB,
                0xD7, 0x48, 0x8B, 0x44, 0x24, 0x78, 0x0F, 0xBE, 0x00, 0x85, 0xC0, 0x74,
                0x0D, 0x48, 0x8B, 0x44, 0x24, 0x78, 0x0F, 0xBE, 0x00, 0x83, 0xF8, 0x7D,
                0x75, 0x05, 0xE9, 0xC8, 0x05, 0x00, 0x00, 0x48, 0x8B, 0x44, 0x24, 0x78,
                0x0F, 0xBE, 0x00, 0x83, 0xF8, 0x22, 0x74, 0x05, 0xE9, 0xB6, 0x05, 0x00,
                0x00, 0x48, 0x8B, 0x44, 0x24, 0x78, 0x48, 0xFF, 0xC0, 0x48, 0x89, 0x84,
                0x24, 0xE8, 0x01, 0x00, 0x00, 0x48, 0x8B, 0x84, 0x24, 0xE8, 0x01, 0x00,
                0x00, 0x48, 0x89, 0x84, 0x24, 0xF8, 0x00, 0x00, 0x00, 0x48, 0x8B, 0x84,
                0x24, 0xF8, 0x00, 0x00, 0x00, 0x0F, 0xBE, 0x00, 0x85, 0xC0, 0x74, 0x25,
                0x48, 0x8B, 0x84, 0x24, 0xF8, 0x00, 0x00, 0x00, 0x0F, 0xBE, 0x00, 0x83,
                0xF8, 0x22, 0x74, 0x15, 0x48, 0x8B, 0x84, 0x24, 0xF8, 0x00, 0x00, 0x00,
                0x48, 0xFF, 0xC0, 0x48, 0x89, 0x84, 0x24, 0xF8, 0x00, 0x00, 0x00, 0xEB,
                0xCC, 0x48, 0x8B, 0x84, 0x24, 0xF8, 0x00, 0x00, 0x00, 0x0F, 0xBE, 0x00,
                0x83, 0xF8, 0x22, 0x74, 0x05, 0xE9, 0x4D, 0x05, 0x00, 0x00, 0x48, 0x8B,
                0x84, 0x24, 0xE8, 0x01, 0x00, 0x00, 0x48, 0x8B, 0x8C, 0x24, 0xF8, 0x00,
                0x00, 0x00, 0x48, 0x2B, 0xC8, 0x48, 0x8B, 0xC1, 0x89, 0x84, 0x24, 0x00,
                0x01, 0x00, 0x00, 0x8B, 0x84, 0x24, 0x00, 0x01, 0x00, 0x00, 0xFF, 0xC0,
                0x8B, 0xC0, 0x41, 0xB8, 0x41, 0x70, 0x53, 0x44, 0x8B, 0xD0, 0x33, 0xC9,
                0xFF, 0x15, 0x3E, 0x2C, 0x00, 0x00, 0x48, 0x89, 0x84, 0x24, 0xE8, 0x00,
                0x00, 0x00, 0x48, 0x83, 0xBC, 0x24, 0xE8, 0x00, 0x00, 0x00, 0x00, 0x75,
                0x39, 0x48, 0x8B, 0x84, 0x24, 0x78, 0x03, 0x00, 0x00, 0xC7, 0x40, 0x30,
                0x9A, 0x00, 0x00, 0xC0, 0x48, 0x8B, 0x84, 0x24, 0x78, 0x03, 0x00, 0x00,
                0x48, 0xC7, 0x40, 0x38, 0x00, 0x00, 0x00, 0x00, 0x33, 0xD2, 0x48, 0x8B,
                0x8C, 0x24, 0x78, 0x03, 0x00, 0x00, 0xFF, 0x15, 0x44, 0x2C, 0x00, 0x00,
                0xB8, 0x9A, 0x00, 0x00, 0xC0, 0xE9, 0xBE, 0x15, 0x00, 0x00, 0x8B, 0x84,
                0x24, 0x00, 0x01, 0x00, 0x00, 0x44, 0x8B, 0xC0, 0x48, 0x8B, 0x94, 0x24,
                0xE8, 0x01, 0x00, 0x00, 0x48, 0x8B, 0x8C, 0x24, 0xE8, 0x00, 0x00, 0x00,
                0xE8, 0xAB, 0x1D, 0x00, 0x00, 0x8B, 0x84, 0x24, 0x00, 0x01, 0x00, 0x00,
                0x48, 0x8B, 0x8C, 0x24, 0xE8, 0x00, 0x00, 0x00, 0xC6, 0x04, 0x01, 0x00,
                0xE8, 0xAF, 0x5F, 0xFF, 0xFF, 0x83, 0xF8, 0x01, 0x0F, 0x85, 0xA9, 0x01,
                0x00, 0x00, 0x48, 0x8B, 0x84, 0x24, 0xF8, 0x00, 0x00, 0x00, 0x48, 0xFF,
                0xC0, 0x48, 0x89, 0x84, 0x24, 0x30, 0x01, 0x00, 0x00, 0x48, 0x8B, 0x84,
                0x24, 0x30, 0x01, 0x00, 0x00, 0x0F, 0xBE, 0x00, 0x83, 0xF8, 0x20, 0x74,
                0x10, 0x48, 0x8B, 0x84, 0x24, 0x30, 0x01, 0x00, 0x00, 0x0F, 0xBE, 0x00,
                0x83, 0xF8, 0x09, 0x75, 0x15, 0x48, 0x8B, 0x84, 0x24, 0x30, 0x01, 0x00,
                0x00, 0x48, 0xFF, 0xC0, 0x48, 0x89, 0x84, 0x24, 0x30, 0x01, 0x00, 0x00,
                0xEB, 0xCB, 0x48, 0x8D, 0x84, 0x24, 0xAC, 0x01, 0x00, 0x00, 0x48, 0x89,
                0x44, 0x24, 0x30, 0x48, 0x8D, 0x84, 0x24, 0xB4, 0x01, 0x00, 0x00, 0x48,
                0x89, 0x44, 0x24, 0x28, 0x48, 0x8D, 0x84, 0x24, 0x94, 0x01, 0x00, 0x00,
                0x48, 0x89, 0x44, 0x24, 0x20, 0x4C, 0x8D, 0x8C, 0x24, 0x90, 0x01, 0x00,
                0x00, 0x4C, 0x8D, 0x84, 0x24, 0xB8, 0x01, 0x00, 0x00, 0x48, 0x8D, 0x15,
                0xD4, 0x21, 0x00, 0x00, 0x48, 0x8B, 0x8C, 0x24, 0x30, 0x01, 0x00, 0x00,
                0xE8, 0x3D, 0x1A, 0x00, 0x00, 0x89, 0x84, 0x24, 0x8C, 0x01, 0x00, 0x00,
                0x83, 0xBC, 0x24, 0x8C, 0x01, 0x00, 0x00, 0x05, 0x74, 0x19, 0xBA, 0x41,
                0x70, 0x53, 0x44, 0x48, 0x8B, 0x8C, 0x24, 0xE8, 0x00, 0x00, 0x00, 0xFF,
                0x15, 0x03, 0x2B, 0x00, 0x00, 0x90, 0xE9, 0xCC, 0x03, 0x00, 0x00, 0x48,
                0x8B, 0x84, 0x24, 0xE8, 0x00, 0x00, 0x00, 0x48, 0x89, 0x05, 0xBE, 0x3B,
                0x00, 0x00, 0x8B, 0x84, 0x24, 0xB8, 0x01, 0x00, 0x00, 0x89, 0x05, 0x6D,
                0x3B, 0x00, 0x00, 0x8B, 0x84, 0x24, 0x90, 0x01, 0x00, 0x00, 0x89, 0x05,
                0xAC, 0x3B, 0x00, 0x00, 0x8A, 0x84, 0x24, 0x94, 0x01, 0x00, 0x00, 0x88,
                0x05, 0x50, 0x3B, 0x00, 0x00, 0x8A, 0x84, 0x24, 0xB4, 0x01, 0x00, 0x00,
                0x88, 0x05, 0x44, 0x3B, 0x00, 0x00, 0x8A, 0x84, 0x24, 0xAC, 0x01, 0x00,
                0x00, 0x88, 0x05, 0x38, 0x3B, 0x00, 0x00, 0x33, 0xD2, 0x48, 0x8D, 0x0D,
                0x84, 0xA0, 0xFF, 0xFF, 0xFF, 0x15, 0x6E, 0x2A, 0x00, 0x00, 0x33, 0xD2,
                0x48, 0x8D, 0x0D, 0xA5, 0x5F, 0xFF, 0xFF, 0xFF, 0x15, 0x5F, 0x2A, 0x00,
                0x00, 0xBA, 0x41, 0x70, 0x53, 0x44, 0x48, 0x8B, 0x0D, 0x53, 0x3B, 0x00,
                0x00, 0xFF, 0x15, 0x7D, 0x2A, 0x00, 0x00, 0x48, 0xC7, 0x05, 0x42, 0x3B,
                0x00, 0x00, 0x00, 0x00, 0x00, 0x00, 0x48, 0x8B, 0x84, 0x24, 0x30, 0x01,
                0x00, 0x00, 0x48, 0x89, 0x44, 0x24, 0x78, 0x48, 0x8B, 0x44, 0x24, 0x78,
                0x0F, 0xBE, 0x00, 0x85, 0xC0, 0x74, 0x29, 0x48, 0x8B, 0x44, 0x24, 0x78,
                0x0F, 0xBE, 0x00, 0x83, 0xF8, 0x2C, 0x74, 0x1C, 0x48, 0x8B, 0x44, 0x24,
                0x78, 0x0F, 0xBE, 0x00, 0x83, 0xF8, 0x7D, 0x74, 0x0F, 0x48, 0x8B, 0x44,
                0x24, 0x78, 0x48, 0xFF, 0xC0, 0x48, 0x89, 0x44, 0x24, 0x78, 0xEB, 0xCB,
                0x48, 0x8B, 0x44, 0x24, 0x78, 0x0F, 0xBE, 0x00, 0x83, 0xF8, 0x2C, 0x75,
                0x0D, 0x48, 0x8B, 0x44, 0x24, 0x78, 0x48, 0xFF, 0xC0, 0x48, 0x89, 0x44,
                0x24, 0x78, 0xE9, 0xDB, 0x02, 0x00, 0x00, 0x48, 0xC7, 0x84, 0x24, 0x20,
                0x01, 0x00, 0x00, 0x00, 0x00, 0x00, 0x00, 0x48, 0x8B, 0x94, 0x24, 0xE8,
                0x00, 0x00, 0x00, 0x48, 0x8D, 0x8C, 0x24, 0x78, 0x02, 0x00, 0x00, 0xFF,
                0x15, 0x9F, 0x2A, 0x00, 0x00, 0x48, 0x8D, 0x8C, 0x24, 0x78, 0x02, 0x00,
                0x00, 0xFF, 0x15, 0x71, 0x2A, 0x00, 0x00, 0x8B, 0xC0, 0x33, 0xD2, 0xB9,
                0x02, 0x00, 0x00, 0x00, 0x48, 0xF7, 0xF1, 0x89, 0x84, 0x24, 0x3C, 0x01,
                0x00, 0x00, 0x8B, 0x84, 0x24, 0x3C, 0x01, 0x00, 0x00, 0xFF, 0xC0, 0x8B,
                0xC0, 0x48, 0xD1, 0xE0, 0x41, 0xB8, 0x57, 0x70, 0x53, 0x44, 0x48, 0x8B,
                0xD0, 0x33, 0xC9, 0xFF, 0x15, 0xA7, 0x29, 0x00, 0x00, 0x48, 0x89, 0x84,
                0x24, 0x20, 0x01, 0x00, 0x00, 0x48, 0x83, 0xBC, 0x24, 0x20, 0x01, 0x00,
                0x00, 0x00, 0x75, 0x4C, 0xBA, 0x41, 0x70, 0x53, 0x44, 0x48, 0x8B, 0x8C,
                0x24, 0xE8, 0x00, 0x00, 0x00, 0xFF, 0x15, 0x89, 0x29, 0x00, 0x00, 0x48,
                0x8B, 0x84, 0x24, 0x78, 0x03, 0x00, 0x00, 0xC7, 0x40, 0x30, 0x9A, 0x00,
                0x00, 0xC0, 0x48, 0x8B, 0x84, 0x24, 0x78, 0x03, 0x00, 0x00, 0x48, 0xC7,
                0x40, 0x38, 0x00, 0x00, 0x00, 0x00, 0x33, 0xD2, 0x48, 0x8B, 0x8C, 0x24,
                0x78, 0x03, 0x00, 0x00, 0xFF, 0x15, 0x9A, 0x29, 0x00, 0x00, 0xB8, 0x9A,
                0x00, 0x00, 0xC0, 0xE9, 0x14, 0x13, 0x00, 0x00, 0x48, 0x8B, 0x84, 0x24,
                0x20, 0x01, 0x00, 0x00, 0x48, 0x89, 0x84, 0x24, 0x90, 0x02, 0x00, 0x00,
                0x8B, 0x84, 0x24, 0x3C, 0x01, 0x00, 0x00, 0xFF, 0xC0, 0x8B, 0xC0, 0x48,
                0xD1, 0xE0, 0x66, 0x89, 0x84, 0x24, 0x8A, 0x02, 0x00, 0x00, 0x45, 0x33,
                0xC0, 0x48, 0x8D, 0x94, 0x24, 0x78, 0x02, 0x00, 0x00, 0x48, 0x8D, 0x8C,
                0x24, 0x88, 0x02, 0x00, 0x00, 0xFF, 0x15, 0xA9, 0x29, 0x00, 0x00, 0x85,
                0xC0, 0x7D, 0x2C, 0xBA, 0x57, 0x70, 0x53, 0x44, 0x48, 0x8B, 0x8C, 0x24,
                0x20, 0x01, 0x00, 0x00, 0xFF, 0x15, 0xFA, 0x28, 0x00, 0x00, 0xBA, 0x41,
                0x70, 0x53, 0x44, 0x48, 0x8B, 0x8C, 0x24, 0xE8, 0x00, 0x00, 0x00, 0xFF,
                0x15, 0xE7, 0x28, 0x00, 0x00, 0x90, 0xE9, 0xB0, 0x01, 0x00, 0x00, 0xBA,
                0x41, 0x70, 0x53, 0x44, 0x48, 0x8B, 0x8C, 0x24, 0xE8, 0x00, 0x00, 0x00,
                0xFF, 0x15, 0xCE, 0x28, 0x00, 0x00, 0x48, 0x8B, 0x84, 0x24, 0xF8, 0x00,
                0x00, 0x00, 0x48, 0xFF, 0xC0, 0x48, 0x89, 0x84, 0x24, 0x28, 0x01, 0x00,
                0x00, 0x48, 0x8B, 0x84, 0x24, 0x28, 0x01, 0x00, 0x00, 0x0F, 0xBE, 0x00,
                0x83, 0xF8, 0x20, 0x74, 0x10, 0x48, 0x8B, 0x84, 0x24, 0x28, 0x01, 0x00,
                0x00, 0x0F, 0xBE, 0x00, 0x83, 0xF8, 0x09, 0x75, 0x15, 0x48, 0x8B, 0x84,
                0x24, 0x28, 0x01, 0x00, 0x00, 0x48, 0xFF, 0xC0, 0x48, 0x89, 0x84, 0x24,
                0x28, 0x01, 0x00, 0x00, 0xEB, 0xCB, 0x48, 0x8D, 0x84, 0x24, 0xA4, 0x00,
                0x00, 0x00, 0x48, 0x89, 0x44, 0x24, 0x40, 0x48, 0x8D, 0x84, 0x24, 0xA4,
                0x01, 0x00, 0x00, 0x48, 0x89, 0x44, 0x24, 0x38, 0x48, 0x8D, 0x84, 0x24,
                0xA0, 0x01, 0x00, 0x00, 0x48, 0x89, 0x44, 0x24, 0x30, 0x48, 0x8D, 0x84,
                0x24, 0x20, 0x02, 0x00, 0x00, 0x48, 0x89, 0x44, 0x24, 0x28, 0x48, 0x8D,
                0x84, 0x24, 0x9C, 0x01, 0x00, 0x00, 0x48, 0x89, 0x44, 0x24, 0x20, 0x4C,
                0x8D, 0x8C, 0x24, 0x98, 0x01, 0x00, 0x00, 0x4C, 0x8D, 0x84, 0x24, 0xB0,
                0x01, 0x00, 0x00, 0x48, 0x8D, 0x15, 0xDE, 0x1E, 0x00, 0x00, 0x48, 0x8B,
                0x8C, 0x24, 0x28, 0x01, 0x00, 0x00, 0xE8, 0x37, 0x17, 0x00, 0x00, 0x89,
                0x84, 0x24, 0xA8, 0x01, 0x00, 0x00, 0x83, 0xBC, 0x24, 0xA8, 0x01, 0x00,
                0x00, 0x07, 0x74, 0x19, 0xBA, 0x57, 0x70, 0x53, 0x44, 0x48, 0x8B, 0x8C,
                0x24, 0x20, 0x01, 0x00, 0x00, 0xFF, 0x15, 0xFD, 0x27, 0x00, 0x00, 0x90,
                0xE9, 0xC6, 0x00, 0x00, 0x00, 0x8A, 0x84, 0x24, 0xA4, 0x00, 0x00, 0x00,
                0x88, 0x44, 0x24, 0x38, 0x8B, 0x84, 0x24, 0xA4, 0x01, 0x00, 0x00, 0x89,
                0x44, 0x24, 0x30, 0x8B, 0x84, 0x24, 0xA0, 0x01, 0x00, 0x00, 0x89, 0x44,
                0x24, 0x28, 0x48, 0x8B, 0x84, 0x24, 0x20, 0x02, 0x00, 0x00, 0x48, 0x89,
                0x44, 0x24, 0x20, 0x44, 0x8B, 0x8C, 0x24, 0x9C, 0x01, 0x00, 0x00, 0x44,
                0x8B, 0x84, 0x24, 0x98, 0x01, 0x00, 0x00, 0x8B, 0x94, 0x24, 0xB0, 0x01,
                0x00, 0x00, 0x48, 0x8B, 0x8C, 0x24, 0x20, 0x01, 0x00, 0x00, 0xE8, 0x11,
                0x61, 0xFF, 0xFF, 0xBA, 0x57, 0x70, 0x53, 0x44, 0x48, 0x8B, 0x8C, 0x24,
                0x20, 0x01, 0x00, 0x00, 0xFF, 0x15, 0x92, 0x27, 0x00, 0x00, 0x48, 0x8B,
                0x84, 0x24, 0x28, 0x01, 0x00, 0x00, 0x48, 0x89, 0x44, 0x24, 0x78, 0x48,
                0x8B, 0x44, 0x24, 0x78, 0x0F, 0xBE, 0x00, 0x85, 0xC0, 0x74, 0x29, 0x48,
                0x8B, 0x44, 0x24, 0x78, 0x0F, 0xBE, 0x00, 0x83, 0xF8, 0x2C, 0x74, 0x1C,
                0x48, 0x8B, 0x44, 0x24, 0x78, 0x0F, 0xBE, 0x00, 0x83, 0xF8, 0x7D, 0x74,
                0x0F, 0x48, 0x8B, 0x44, 0x24, 0x78, 0x48, 0xFF, 0xC0, 0x48, 0x89, 0x44,
                0x24, 0x78, 0xEB, 0xCB, 0x48, 0x8B, 0x44, 0x24, 0x78, 0x0F, 0xBE, 0x00,
                0x83, 0xF8, 0x2C, 0x75, 0x0D, 0x48, 0x8B, 0x44, 0x24, 0x78, 0x48, 0xFF,
                0xC0, 0x48, 0x89, 0x44, 0x24, 0x78, 0xE9, 0xD0, 0xF9, 0xFF, 0xFF, 0xE9,
                0xBF, 0x10, 0x00, 0x00, 0xB8, 0x01, 0x00, 0x00, 0x00, 0x48, 0x6B, 0xC0,
                0x00, 0x48, 0x8B, 0x4C, 0x24, 0x70, 0x0F, 0xBE, 0x04, 0x01, 0x83, 0xF8,
                0x43, 0x0F, 0x85, 0xB0, 0x00, 0x00, 0x00, 0xB8, 0x01, 0x00, 0x00, 0x00,
                0x48, 0x6B, 0xC0, 0x01, 0x48, 0x8B, 0x4C, 0x24, 0x70, 0x0F, 0xBE, 0x04,
                0x01, 0x83, 0xF8, 0x37, 0x0F, 0x85, 0x95, 0x00, 0x00, 0x00, 0xB8, 0x01,
                0x00, 0x00, 0x00, 0x48, 0x6B, 0xC0, 0x02, 0x48, 0x8B, 0x4C, 0x24, 0x70,
                0x0F, 0xBE, 0x04, 0x01, 0x83, 0xF8, 0x20, 0x75, 0x7E, 0x48, 0x8B, 0x84,
                0x24, 0xF0, 0x00, 0x00, 0x00, 0x48, 0x83, 0xC0, 0x03, 0x48, 0x89, 0x44,
                0x24, 0x70, 0x4C, 0x8D, 0x0D, 0x47, 0x37, 0x00, 0x00, 0x4C, 0x8D, 0x05,
                0x44, 0x37, 0x00, 0x00, 0x48, 0x8D, 0x15, 0x49, 0x1D, 0x00, 0x00, 0x48,
                0x8B, 0x4C, 0x24, 0x70, 0xE8, 0xC5, 0x15, 0x00, 0x00, 0x90, 0x0F, 0xB6,
                0x05, 0x2F, 0x37, 0x00, 0x00, 0x85, 0xC0, 0x74, 0x0E, 0x48, 0x8D, 0x0D,
                0x7C, 0x37, 0x00, 0x00, 0xFF, 0x15, 0x6E, 0x26, 0x00, 0x00, 0x90, 0xC6,
                0x05, 0x9A, 0x37, 0x00, 0x00, 0x00, 0x4C, 0x8D, 0x0D, 0x57, 0x1D, 0x00,
                0x00, 0x41, 0xB8, 0x01, 0x00, 0x00, 0x00, 0x48, 0x8D, 0x15, 0x5A, 0x59,
                0xFF, 0xFF, 0x48, 0x8D, 0x0D, 0x53, 0x37, 0x00, 0x00, 0xFF, 0x15, 0x4D,
                0x26, 0x00, 0x00, 0xC6, 0x05, 0xEE, 0x36, 0x00, 0x00, 0x01, 0xE9, 0xF4,
                0x0F, 0x00, 0x00, 0xB8, 0x01, 0x00, 0x00, 0x00, 0x48, 0x6B, 0xC0, 0x00,
                0x48, 0x8B, 0x4C, 0x24, 0x70, 0x0F, 0xBE, 0x04, 0x01, 0x83, 0xF8, 0x52,
                0x75, 0x64, 0xB8, 0x01, 0x00, 0x00, 0x00, 0x48, 0x6B, 0xC0, 0x01, 0x48,
                0x8B, 0x4C, 0x24, 0x70, 0x0F, 0xBE, 0x04, 0x01, 0x83, 0xF8, 0x37, 0x75,
                0x4D, 0x0F, 0xB6, 0x05, 0xB4, 0x36, 0x00, 0x00, 0x85, 0xC0, 0x74, 0x0E,
                0x48, 0x8D, 0x0D, 0x01, 0x37, 0x00, 0x00, 0xFF, 0x15, 0xF3, 0x25, 0x00,
                0x00, 0x90, 0xC6, 0x05, 0x1F, 0x37, 0x00, 0x00, 0x00, 0x4C, 0x8D, 0x0D,
                0xDC, 0x1C, 0x00, 0x00, 0x41, 0xB8, 0x01, 0x00, 0x00, 0x00, 0x48, 0x8D,
                0x15, 0x8F, 0xDC, 0xFF, 0xFF, 0x48, 0x8D, 0x0D, 0xD8, 0x36, 0x00, 0x00,
                0xFF, 0x15, 0xD2, 0x25, 0x00, 0x00, 0xC6, 0x05, 0x73, 0x36, 0x00, 0x00,
                0x01, 0xE9, 0x79, 0x0F, 0x00, 0x00, 0xB8, 0x01, 0x00, 0x00, 0x00, 0x48,
                0x6B, 0xC0, 0x00, 0x48, 0x8B, 0x4C, 0x24, 0x70, 0x0F, 0xBE, 0x04, 0x01,
                0x83, 0xF8, 0x52, 0x0F, 0x85, 0x82, 0x00, 0x00, 0x00, 0xB8, 0x01, 0x00,
                0x00, 0x00, 0x48, 0x6B, 0xC0, 0x01, 0x48, 0x8B, 0x4C, 0x24, 0x70, 0x0F,
                0xBE, 0x04, 0x01, 0x83, 0xF8, 0x44, 0x75, 0x6B, 0x41, 0xB8, 0xFF, 0xFF,
                0xFF, 0xFF, 0x33, 0xD2, 0x48, 0x8B, 0x0D, 0x55, 0x36, 0x00, 0x00, 0xE8,
                0xD0, 0xC4, 0xFF, 0xFF, 0x33, 0xD2, 0x48, 0x8B, 0x0D, 0x3F, 0x36, 0x00,
                0x00, 0xE8, 0xAE, 0xC1, 0xFF, 0xFF, 0x48, 0xC7, 0x84, 0x24, 0x28, 0x02,
                0x00, 0x00, 0x00, 0x00, 0x00, 0x00, 0x48, 0xC7, 0x44, 0x24, 0x30, 0x00,
                0x00, 0x00, 0x00, 0x48, 0x8D, 0x05, 0x36, 0xE4, 0xFF, 0xFF, 0x48, 0x89,
                0x44, 0x24, 0x28, 0x48, 0xC7, 0x44, 0x24, 0x20, 0x00, 0x00, 0x00, 0x00,
                0x45, 0x33, 0xC9, 0x45, 0x33, 0xC0, 0xBA, 0xFF, 0xFF, 0x1F, 0x00, 0x48,
                0x8D, 0x8C, 0x24, 0x28, 0x02, 0x00, 0x00, 0xFF, 0x15, 0x7F, 0x25, 0x00,
                0x00, 0x90, 0xE9, 0xDC, 0x0E, 0x00, 0x00, 0xB8, 0x01, 0x00, 0x00, 0x00,
                0x48, 0x6B, 0xC0, 0x00, 0x48, 0x8B, 0x4C, 0x24, 0x70, 0x0F, 0xBE, 0x04,
                0x01, 0x83, 0xF8, 0x51, 0x0F, 0x85, 0x46, 0x0E, 0x00, 0x00, 0xB8, 0x01,
                0x00, 0x00, 0x00, 0x48, 0x6B, 0xC0, 0x01, 0x48, 0x8B, 0x4C, 0x24, 0x70,
                0x0F, 0xBE, 0x04, 0x01, 0x83, 0xF8, 0x52, 0x0F, 0x85, 0x2B, 0x0E, 0x00,
                0x00, 0xB8, 0x01, 0x00, 0x00, 0x00, 0x48, 0x6B, 0xC0, 0x02, 0x48, 0x8B,
                0x4C, 0x24, 0x70, 0x0F, 0xBE, 0x04, 0x01, 0x83, 0xF8, 0x20, 0x0F, 0x85,
                0x10, 0x0E, 0x00, 0x00, 0xC7, 0x84, 0x24, 0xA0, 0x00, 0x00, 0x00, 0x00,
                0x00, 0x00, 0x00, 0x48, 0x8B, 0x44, 0x24, 0x70, 0x48, 0x83, 0xC0, 0x03,
                0x48, 0x89, 0x44, 0x24, 0x58, 0x8B, 0x84, 0x24, 0xCC, 0x00, 0x00, 0x00,
                0x48, 0x8B, 0x8C, 0x24, 0xF0, 0x00, 0x00, 0x00, 0x48, 0x03, 0xC8, 0x48,
                0x8B, 0xC1, 0x48, 0x89, 0x84, 0x24, 0x98, 0x00, 0x00, 0x00, 0xC7, 0x84,
                0x24, 0x04, 0x01, 0x00, 0x00, 0x00, 0x00, 0x00, 0x00, 0xC7, 0x84, 0x24,
                0x08, 0x01, 0x00, 0x00, 0x00, 0x00, 0x00, 0x00, 0xC7, 0x84, 0x24, 0x00,
                0x02, 0x00, 0x00, 0xA9, 0x33, 0x00, 0x00, 0xC7, 0x84, 0x24, 0xB8, 0x00,
                0x00, 0x00, 0x00, 0x00, 0x00, 0x00, 0xC7, 0x84, 0x24, 0xBC, 0x00, 0x00,
                0x00, 0x00, 0x00, 0x00, 0x00, 0x48, 0xC7, 0x84, 0x24, 0x10, 0x01, 0x00,
                0x00, 0x00, 0x00, 0x00, 0x00, 0x48, 0x8B, 0x84, 0x24, 0x98, 0x00, 0x00,
                0x00, 0x48, 0x39, 0x44, 0x24, 0x58, 0x73, 0x43, 0x48, 0x8B, 0x44, 0x24,
                0x58, 0x0F, 0xBE, 0x00, 0x83, 0xF8, 0x20, 0x74, 0x27, 0x48, 0x8B, 0x44,
                0x24, 0x58, 0x0F, 0xBE, 0x00, 0x83, 0xF8, 0x09, 0x74, 0x1A, 0x48, 0x8B,
                0x44, 0x24, 0x58, 0x0F, 0xBE, 0x00, 0x83, 0xF8, 0x0D, 0x74, 0x0D, 0x48,
                0x8B, 0x44, 0x24, 0x58, 0x0F, 0xBE, 0x00, 0x83, 0xF8, 0x0A, 0x75, 0x0F,
                0x48, 0x8B, 0x44, 0x24, 0x58, 0x48, 0xFF, 0xC0, 0x48, 0x89, 0x44, 0x24,
                0x58, 0xEB, 0xAE, 0x48, 0x8B, 0x84, 0x24, 0x98, 0x00, 0x00, 0x00, 0x48,
                0x39, 0x44, 0x24, 0x58, 0x72, 0x39, 0x48, 0x8B, 0x84, 0x24, 0x78, 0x03,
                0x00, 0x00, 0xC7, 0x40, 0x30, 0x0D, 0x00, 0x00, 0xC0, 0x48, 0x8B, 0x84,
                0x24, 0x78, 0x03, 0x00, 0x00, 0x48, 0xC7, 0x40, 0x38, 0x00, 0x00, 0x00,
                0x00, 0x33, 0xD2, 0x48, 0x8B, 0x8C, 0x24, 0x78, 0x03, 0x00, 0x00, 0xFF,
                0x15, 0x2F, 0x24, 0x00, 0x00, 0xB8, 0x0D, 0x00, 0x00, 0xC0, 0xE9, 0xA9,
                0x0D, 0x00, 0x00, 0xB8, 0x01, 0x00, 0x00, 0x00, 0x48, 0x6B, 0xC0, 0x00,
                0x48, 0x8B, 0x4C, 0x24, 0x58, 0x0F, 0xBE, 0x04, 0x01, 0x83, 0xF8, 0x30,
                0x75, 0x3C, 0xB8, 0x01, 0x00, 0x00, 0x00, 0x48, 0x6B, 0xC0, 0x01, 0x48,
                0x8B, 0x4C, 0x24, 0x58, 0x0F, 0xBE, 0x04, 0x01, 0x83, 0xF8, 0x78, 0x74,
                0x17, 0xB8, 0x01, 0x00, 0x00, 0x00, 0x48, 0x6B, 0xC0, 0x01, 0x48, 0x8B,
                0x4C, 0x24, 0x58, 0x0F, 0xBE, 0x04, 0x01, 0x83, 0xF8, 0x58, 0x75, 0x0E,
                0x48, 0x8B, 0x44, 0x24, 0x58, 0x48, 0x83, 0xC0, 0x02, 0x48, 0x89, 0x44,
                0x24, 0x58, 0x48, 0x8B, 0x84, 0x24, 0x98, 0x00, 0x00, 0x00, 0x48, 0x39,
                0x44, 0x24, 0x58, 0x73, 0x4E, 0x48, 0x8B, 0x44, 0x24, 0x58, 0x0F, 0xBE,
                0x00, 0x83, 0xF8, 0x30, 0x7C, 0x0D, 0x48, 0x8B, 0x44, 0x24, 0x58, 0x0F,
                0xBE, 0x00, 0x83, 0xF8, 0x39, 0x7E, 0x6D, 0x48, 0x8B, 0x44, 0x24, 0x58,
                0x0F, 0xBE, 0x00, 0x83, 0xF8, 0x61, 0x7C, 0x0D, 0x48, 0x8B, 0x44, 0x24,
                0x58, 0x0F, 0xBE, 0x00, 0x83, 0xF8, 0x66, 0x7E, 0x53, 0x48, 0x8B, 0x44,
                0x24, 0x58, 0x0F, 0xBE, 0x00, 0x83, 0xF8, 0x41, 0x7C, 0x0D, 0x48, 0x8B,
                0x44, 0x24, 0x58, 0x0F, 0xBE, 0x00, 0x83, 0xF8, 0x46, 0x7E, 0x39, 0x48,
                0x8B, 0x84, 0x24, 0x78, 0x03, 0x00, 0x00, 0xC7, 0x40, 0x30, 0x0D, 0x00,
                0x00, 0xC0, 0x48, 0x8B, 0x84, 0x24, 0x78, 0x03, 0x00, 0x00, 0x48, 0xC7,
                0x40, 0x38, 0x00, 0x00, 0x00, 0x00, 0x33, 0xD2, 0x48, 0x8B, 0x8C, 0x24,
                0x78, 0x03, 0x00, 0x00, 0xFF, 0x15, 0x46, 0x23, 0x00, 0x00, 0xB8, 0x0D,
                0x00, 0x00, 0xC0, 0xE9, 0xC0, 0x0C, 0x00, 0x00, 0x48, 0xC7, 0x84, 0x24,
                0x58, 0x01, 0x00, 0x00, 0x00, 0x00, 0x00, 0x00, 0x48, 0x8B, 0x84, 0x24,
                0x98, 0x00, 0x00, 0x00, 0x48, 0x39, 0x44, 0x24, 0x58, 0x0F, 0x83, 0x49,
                0x01, 0x00, 0x00, 0x48, 0x8B, 0x44, 0x24, 0x58, 0x0F, 0xBE, 0x00, 0x83,
                0xF8, 0x30, 0x7C, 0x0D, 0x48, 0x8B, 0x44, 0x24, 0x58, 0x0F, 0xBE, 0x00,
                0x83, 0xF8, 0x39, 0x7E, 0x3C, 0x48, 0x8B, 0x44, 0x24, 0x58, 0x0F, 0xBE,
                0x00, 0x83, 0xF8, 0x61, 0x7C, 0x0D, 0x48, 0x8B, 0x44, 0x24, 0x58, 0x0F,
                0xBE, 0x00, 0x83, 0xF8, 0x66, 0x7E, 0x22, 0x48, 0x8B, 0x44, 0x24, 0x58,
                0x0F, 0xBE, 0x00, 0x83, 0xF8, 0x41, 0x0F, 0x8C, 0x04, 0x01, 0x00, 0x00,
                0x48, 0x8B, 0x44, 0x24, 0x58, 0x0F, 0xBE, 0x00, 0x83, 0xF8, 0x46, 0x0F,
                0x8F, 0xF3, 0x00, 0x00, 0x00, 0x48, 0x8B, 0x44, 0x24, 0x58, 0x8A, 0x00,
                0x88, 0x44, 0x24, 0x60, 0x0F, 0xBE, 0x44, 0x24, 0x60, 0x83, 0xF8, 0x30,
                0x7C, 0x1B, 0x0F, 0xBE, 0x44, 0x24, 0x60, 0x83, 0xF8, 0x39, 0x7F, 0x11,
                0x0F, 0xBE, 0x44, 0x24, 0x60, 0x83, 0xE8, 0x30, 0x89, 0x84, 0x24, 0xD0,
                0x00, 0x00, 0x00, 0xEB, 0x34, 0x0F, 0xBE, 0x44, 0x24, 0x60, 0x83, 0xF8,
                0x61, 0x7C, 0x1B, 0x0F, 0xBE, 0x44, 0x24, 0x60, 0x83, 0xF8, 0x66, 0x7F,
                0x11, 0x0F, 0xBE, 0x44, 0x24, 0x60, 0x83, 0xE8, 0x57, 0x89, 0x84, 0x24,
                0xD0, 0x00, 0x00, 0x00, 0xEB, 0x0F, 0x0F, 0xBE, 0x44, 0x24, 0x60, 0x83,
                0xE8, 0x37, 0x89, 0x84, 0x24, 0xD0, 0x00, 0x00, 0x00, 0x8B, 0x84, 0x24,
                0xD0, 0x00, 0x00, 0x00, 0xB9, 0xFF, 0xFF, 0xFF, 0xFF, 0x48, 0x2B, 0xC8,
                0x48, 0x8B, 0xC1, 0x33, 0xD2, 0xB9, 0x10, 0x00, 0x00, 0x00, 0x48, 0xF7,
                0xF1, 0x48, 0x39, 0x84, 0x24, 0x58, 0x01, 0x00, 0x00, 0x76, 0x39, 0x48,
                0x8B, 0x84, 0x24, 0x78, 0x03, 0x00, 0x00, 0xC7, 0x40, 0x30, 0x95, 0x00,
                0x00, 0xC0, 0x48, 0x8B, 0x84, 0x24, 0x78, 0x03, 0x00, 0x00, 0x48, 0xC7,
                0x40, 0x38, 0x00, 0x00, 0x00, 0x00, 0x33, 0xD2, 0x48, 0x8B, 0x8C, 0x24,
                0x78, 0x03, 0x00, 0x00, 0xFF, 0x15, 0x0E, 0x22, 0x00, 0x00, 0xB8, 0x95,
                0x00, 0x00, 0xC0, 0xE9, 0x88, 0x0B, 0x00, 0x00, 0x48, 0x8B, 0x84, 0x24,
                0x58, 0x01, 0x00, 0x00, 0x48, 0xC1, 0xE0, 0x04, 0x8B, 0x8C, 0x24, 0xD0,
                0x00, 0x00, 0x00, 0x48, 0x0B, 0xC1, 0x48, 0x89, 0x84, 0x24, 0x58, 0x01,
                0x00, 0x00, 0x48, 0x8B, 0x44, 0x24, 0x58, 0x48, 0xFF, 0xC0, 0x48, 0x89,
                0x44, 0x24, 0x58, 0xE9, 0xA4, 0xFE, 0xFF, 0xFF, 0x8B, 0x84, 0x24, 0x58,
                0x01, 0x00, 0x00, 0x89, 0x84, 0x24, 0x04, 0x01, 0x00, 0x00, 0x48, 0x8B,
                0x84, 0x24, 0x98, 0x00, 0x00, 0x00, 0x48, 0x39, 0x44, 0x24, 0x58, 0x73,
                0x43, 0x48, 0x8B, 0x44, 0x24, 0x58, 0x0F, 0xBE, 0x00, 0x83, 0xF8, 0x20,
                0x74, 0x27, 0x48, 0x8B, 0x44, 0x24, 0x58, 0x0F, 0xBE, 0x00, 0x83, 0xF8,
                0x09, 0x74, 0x1A, 0x48, 0x8B, 0x44, 0x24, 0x58, 0x0F, 0xBE, 0x00, 0x83,
                0xF8, 0x0D, 0x74, 0x0D, 0x48, 0x8B, 0x44, 0x24, 0x58, 0x0F, 0xBE, 0x00,
                0x83, 0xF8, 0x0A, 0x75, 0x0F, 0x48, 0x8B, 0x44, 0x24, 0x58, 0x48, 0xFF,
                0xC0, 0x48, 0x89, 0x44, 0x24, 0x58, 0xEB, 0xAE, 0x48, 0x8B, 0x84, 0x24,
                0x98, 0x00, 0x00, 0x00, 0x48, 0x39, 0x44, 0x24, 0x58, 0x72, 0x39, 0x48,
                0x8B, 0x84, 0x24, 0x78, 0x03, 0x00, 0x00, 0xC7, 0x40, 0x30, 0x0D, 0x00,
                0x00, 0xC0, 0x48, 0x8B, 0x84, 0x24, 0x78, 0x03, 0x00, 0x00, 0x48, 0xC7,
                0x40, 0x38, 0x00, 0x00, 0x00, 0x00, 0x33, 0xD2, 0x48, 0x8B, 0x8C, 0x24,
                0x78, 0x03, 0x00, 0x00, 0xFF, 0x15, 0x36, 0x21, 0x00, 0x00, 0xB8, 0x0D,
                0x00, 0x00, 0xC0, 0xE9, 0xB0, 0x0A, 0x00, 0x00, 0xB8, 0x01, 0x00, 0x00,
                0x00, 0x48, 0x6B, 0xC0, 0x00, 0x48, 0x8B, 0x4C, 0x24, 0x58, 0x0F, 0xBE,
                0x04, 0x01, 0x83, 0xF8, 0x30, 0x75, 0x3C, 0xB8, 0x01, 0x00, 0x00, 0x00,
                0x48, 0x6B, 0xC0, 0x01, 0x48, 0x8B, 0x4C, 0x24, 0x58, 0x0F, 0xBE, 0x04,
                0x01, 0x83, 0xF8, 0x78, 0x74, 0x17, 0xB8, 0x01, 0x00, 0x00, 0x00, 0x48,
                0x6B, 0xC0, 0x01, 0x48, 0x8B, 0x4C, 0x24, 0x58, 0x0F, 0xBE, 0x04, 0x01,
                0x83, 0xF8, 0x58, 0x75, 0x0E, 0x48, 0x8B, 0x44, 0x24, 0x58, 0x48, 0x83,
                0xC0, 0x02, 0x48, 0x89, 0x44, 0x24, 0x58, 0x48, 0x8B, 0x84, 0x24, 0x98,
                0x00, 0x00, 0x00, 0x48, 0x39, 0x44, 0x24, 0x58, 0x73, 0x4E, 0x48, 0x8B,
                0x44, 0x24, 0x58, 0x0F, 0xBE, 0x00, 0x83, 0xF8, 0x30, 0x7C, 0x0D, 0x48,
                0x8B, 0x44, 0x24, 0x58, 0x0F, 0xBE, 0x00, 0x83, 0xF8, 0x39, 0x7E, 0x6D,
                0x48, 0x8B, 0x44, 0x24, 0x58, 0x0F, 0xBE, 0x00, 0x83, 0xF8, 0x61, 0x7C,
                0x0D, 0x48, 0x8B, 0x44, 0x24, 0x58, 0x0F, 0xBE, 0x00, 0x83, 0xF8, 0x66,
                0x7E, 0x53, 0x48, 0x8B, 0x44, 0x24, 0x58, 0x0F, 0xBE, 0x00, 0x83, 0xF8,
                0x41, 0x7C, 0x0D, 0x48, 0x8B, 0x44, 0x24, 0x58, 0x0F, 0xBE, 0x00, 0x83,
                0xF8, 0x46, 0x7E, 0x39, 0x48, 0x8B, 0x84, 0x24, 0x78, 0x03, 0x00, 0x00,
                0xC7, 0x40, 0x30, 0x0D, 0x00, 0x00, 0xC0, 0x48, 0x8B, 0x84, 0x24, 0x78,
                0x03, 0x00, 0x00, 0x48, 0xC7, 0x40, 0x38, 0x00, 0x00, 0x00, 0x00, 0x33,
                0xD2, 0x48, 0x8B, 0x8C, 0x24, 0x78, 0x03, 0x00, 0x00, 0xFF, 0x15, 0x4D,
                0x20, 0x00, 0x00, 0xB8, 0x0D, 0x00, 0x00, 0xC0, 0xE9, 0xC7, 0x09, 0x00,
                0x00, 0x48, 0xC7, 0x84, 0x24, 0x60, 0x01, 0x00, 0x00, 0x00, 0x00, 0x00,
                0x00, 0x48, 0x8B, 0x84, 0x24, 0x98, 0x00, 0x00, 0x00, 0x48, 0x39, 0x44,
                0x24, 0x58, 0x0F, 0x83, 0x49, 0x01, 0x00, 0x00, 0x48, 0x8B, 0x44, 0x24,
                0x58, 0x0F, 0xBE, 0x00, 0x83, 0xF8, 0x30, 0x7C, 0x0D, 0x48, 0x8B, 0x44,
                0x24, 0x58, 0x0F, 0xBE, 0x00, 0x83, 0xF8, 0x39, 0x7E, 0x3C, 0x48, 0x8B,
                0x44, 0x24, 0x58, 0x0F, 0xBE, 0x00, 0x83, 0xF8, 0x61, 0x7C, 0x0D, 0x48,
                0x8B, 0x44, 0x24, 0x58, 0x0F, 0xBE, 0x00, 0x83, 0xF8, 0x66, 0x7E, 0x22,
                0x48, 0x8B, 0x44, 0x24, 0x58, 0x0F, 0xBE, 0x00, 0x83, 0xF8, 0x41, 0x0F,
                0x8C, 0x04, 0x01, 0x00, 0x00, 0x48, 0x8B, 0x44, 0x24, 0x58, 0x0F, 0xBE,
                0x00, 0x83, 0xF8, 0x46, 0x0F, 0x8F, 0xF3, 0x00, 0x00, 0x00, 0x48, 0x8B,
                0x44, 0x24, 0x58, 0x8A, 0x00, 0x88, 0x44, 0x24, 0x61, 0x0F, 0xBE, 0x44,
                0x24, 0x61, 0x83, 0xF8, 0x30, 0x7C, 0x1B, 0x0F, 0xBE, 0x44, 0x24, 0x61,
                0x83, 0xF8, 0x39, 0x7F, 0x11, 0x0F, 0xBE, 0x44, 0x24, 0x61, 0x83, 0xE8,
                0x30, 0x89, 0x84, 0x24, 0xD4, 0x00, 0x00, 0x00, 0xEB, 0x34, 0x0F, 0xBE,
                0x44, 0x24, 0x61, 0x83, 0xF8, 0x61, 0x7C, 0x1B, 0x0F, 0xBE, 0x44, 0x24,
                0x61, 0x83, 0xF8, 0x66, 0x7F, 0x11, 0x0F, 0xBE, 0x44, 0x24, 0x61, 0x83,
                0xE8, 0x57, 0x89, 0x84, 0x24, 0xD4, 0x00, 0x00, 0x00, 0xEB, 0x0F, 0x0F,
                0xBE, 0x44, 0x24, 0x61, 0x83, 0xE8, 0x37, 0x89, 0x84, 0x24, 0xD4, 0x00,
                0x00, 0x00, 0x8B, 0x84, 0x24, 0xD4, 0x00, 0x00, 0x00, 0xB9, 0xFF, 0xFF,
                0xFF, 0xFF, 0x48, 0x2B, 0xC8, 0x48, 0x8B, 0xC1, 0x33, 0xD2, 0xB9, 0x10,
                0x00, 0x00, 0x00, 0x48, 0xF7, 0xF1, 0x48, 0x39, 0x84, 0x24, 0x60, 0x01,
                0x00, 0x00, 0x76, 0x39, 0x48, 0x8B, 0x84, 0x24, 0x78, 0x03, 0x00, 0x00,
                0xC7, 0x40, 0x30, 0x95, 0x00, 0x00, 0xC0, 0x48, 0x8B, 0x84, 0x24, 0x78,
                0x03, 0x00, 0x00, 0x48, 0xC7, 0x40, 0x38, 0x00, 0x00, 0x00, 0x00, 0x33,
                0xD2, 0x48, 0x8B, 0x8C, 0x24, 0x78, 0x03, 0x00, 0x00, 0xFF, 0x15, 0x15,
                0x1F, 0x00, 0x00, 0xB8, 0x95, 0x00, 0x00, 0xC0, 0xE9, 0x8F, 0x08, 0x00,
                0x00, 0x48, 0x8B, 0x84, 0x24, 0x60, 0x01, 0x00, 0x00, 0x48, 0xC1, 0xE0,
                0x04, 0x8B, 0x8C, 0x24, 0xD4, 0x00, 0x00, 0x00, 0x48, 0x0B, 0xC1, 0x48,
                0x89, 0x84, 0x24, 0x60, 0x01, 0x00, 0x00, 0x48, 0x8B, 0x44, 0x24, 0x58,
                0x48, 0xFF, 0xC0, 0x48, 0x89, 0x44, 0x24, 0x58, 0xE9, 0xA4, 0xFE, 0xFF,
                0xFF, 0x8B, 0x84, 0x24, 0x60, 0x01, 0x00, 0x00, 0x89, 0x84, 0x24, 0x08,
                0x01, 0x00, 0x00, 0x8B, 0x84, 0x24, 0x04, 0x01, 0x00, 0x00, 0x8B, 0x8C,
                0x24, 0x08, 0x01, 0x00, 0x00, 0x48, 0x0F, 0xAF, 0xC1, 0x48, 0x3D, 0xA9,
                0x33, 0x00, 0x00, 0x74, 0x36, 0x48, 0x8B, 0x84, 0x24, 0x78, 0x03, 0x00,
                0x00, 0xC7, 0x40, 0x30, 0x00, 0x00, 0x00, 0x00, 0x48, 0x8B, 0x84, 0x24,
                0x78, 0x03, 0x00, 0x00, 0x48, 0xC7, 0x40, 0x38, 0x00, 0x00, 0x00, 0x00,
                0x33, 0xD2, 0x48, 0x8B, 0x8C, 0x24, 0x78, 0x03, 0x00, 0x00, 0xFF, 0x15,
                0x84, 0x1E, 0x00, 0x00, 0x33, 0xC0, 0xE9, 0x01, 0x08, 0x00, 0x00, 0x48,
                0x8B, 0x84, 0x24, 0x98, 0x00, 0x00, 0x00, 0x48, 0x39, 0x44, 0x24, 0x58,
                0x73, 0x43, 0x48, 0x8B, 0x44, 0x24, 0x58, 0x0F, 0xBE, 0x00, 0x83, 0xF8,
                0x20, 0x74, 0x27, 0x48, 0x8B, 0x44, 0x24, 0x58, 0x0F, 0xBE, 0x00, 0x83,
                0xF8, 0x09, 0x74, 0x1A, 0x48, 0x8B, 0x44, 0x24, 0x58, 0x0F, 0xBE, 0x00,
                0x83, 0xF8, 0x0D, 0x74, 0x0D, 0x48, 0x8B, 0x44, 0x24, 0x58, 0x0F, 0xBE,
                0x00, 0x83, 0xF8, 0x0A, 0x75, 0x0F, 0x48, 0x8B, 0x44, 0x24, 0x58, 0x48,
                0xFF, 0xC0, 0x48, 0x89, 0x44, 0x24, 0x58, 0xEB, 0xAE, 0x48, 0x8B, 0x84,
                0x24, 0x98, 0x00, 0x00, 0x00, 0x48, 0x39, 0x44, 0x24, 0x58, 0x73, 0x0D,
                0x48, 0x8B, 0x44, 0x24, 0x58, 0x0F, 0xBE, 0x00, 0x83, 0xF8, 0x7B, 0x74,
                0x39, 0x48, 0x8B, 0x84, 0x24, 0x78, 0x03, 0x00, 0x00, 0xC7, 0x40, 0x30,
                0x0D, 0x00, 0x00, 0xC0, 0x48, 0x8B, 0x84, 0x24, 0x78, 0x03, 0x00, 0x00,
                0x48, 0xC7, 0x40, 0x38, 0x00, 0x00, 0x00, 0x00, 0x33, 0xD2, 0x48, 0x8B,
                0x8C, 0x24, 0x78, 0x03, 0x00, 0x00, 0xFF, 0x15, 0xE0, 0x1D, 0x00, 0x00,
                0xB8, 0x0D, 0x00, 0x00, 0xC0, 0xE9, 0x5A, 0x07, 0x00, 0x00, 0x48, 0x8B,
                0x44, 0x24, 0x58, 0x48, 0xFF, 0xC0, 0x48, 0x89, 0x44, 0x24, 0x58, 0x48,
                0x8B, 0x44, 0x24, 0x58, 0x48, 0x89, 0x44, 0x24, 0x68, 0x48, 0x8B, 0x84,
                0x24, 0x98, 0x00, 0x00, 0x00, 0x48, 0x39, 0x44, 0x24, 0x68, 0x0F, 0x83,
                0x67, 0x01, 0x00, 0x00, 0x48, 0x8B, 0x44, 0x24, 0x68, 0x0F, 0xBE, 0x00,
                0x83, 0xF8, 0x7D, 0x0F, 0x84, 0x56, 0x01, 0x00, 0x00, 0x48, 0x8B, 0x84,
                0x24, 0x98, 0x00, 0x00, 0x00, 0x48, 0x39, 0x44, 0x24, 0x68, 0x73, 0x50,
                0x48, 0x8B, 0x44, 0x24, 0x68, 0x0F, 0xBE, 0x00, 0x83, 0xF8, 0x20, 0x74,
                0x34, 0x48, 0x8B, 0x44, 0x24, 0x68, 0x0F, 0xBE, 0x00, 0x83, 0xF8, 0x09,
                0x74, 0x27, 0x48, 0x8B, 0x44, 0x24, 0x68, 0x0F, 0xBE, 0x00, 0x83, 0xF8,
                0x0D, 0x74, 0x1A, 0x48, 0x8B, 0x44, 0x24, 0x68, 0x0F, 0xBE, 0x00, 0x83,
                0xF8, 0x0A, 0x74, 0x0D, 0x48, 0x8B, 0x44, 0x24, 0x68, 0x0F, 0xBE, 0x00,
                0x83, 0xF8, 0x2C, 0x75, 0x0F, 0x48, 0x8B, 0x44, 0x24, 0x68, 0x48, 0xFF,
                0xC0, 0x48, 0x89, 0x44, 0x24, 0x68, 0xEB, 0xA1, 0x48, 0x8B, 0x84, 0x24,
                0x98, 0x00, 0x00, 0x00, 0x48, 0x39, 0x44, 0x24, 0x68, 0x73, 0x0D, 0x48,
                0x8B, 0x44, 0x24, 0x68, 0x0F, 0xBE, 0x00, 0x83, 0xF8, 0x7D, 0x75, 0x05,
                0xE9, 0xD6, 0x00, 0x00, 0x00, 0x48, 0x8B, 0x44, 0x24, 0x68, 0x48, 0x89,
                0x84, 0x24, 0x30, 0x02, 0x00, 0x00, 0x48, 0x8B, 0x84, 0x24, 0x98, 0x00,
                0x00, 0x00, 0x48, 0x39, 0x44, 0x24, 0x68, 0x73, 0x5D, 0x48, 0x8B, 0x44,
                0x24, 0x68, 0x0F, 0xBE, 0x00, 0x83, 0xF8, 0x2C, 0x74, 0x50, 0x48, 0x8B,
                0x44, 0x24, 0x68, 0x0F, 0xBE, 0x00, 0x83, 0xF8, 0x7D, 0x74, 0x43, 0x48,
                0x8B, 0x44, 0x24, 0x68, 0x0F, 0xBE, 0x00, 0x83, 0xF8, 0x20, 0x74, 0x36,
                0x48, 0x8B, 0x44, 0x24, 0x68, 0x0F, 0xBE, 0x00, 0x83, 0xF8, 0x09, 0x74,
                0x29, 0x48, 0x8B, 0x44, 0x24, 0x68, 0x0F, 0xBE, 0x00, 0x83, 0xF8, 0x0D,
                0x74, 0x1C, 0x48, 0x8B, 0x44, 0x24, 0x68, 0x0F, 0xBE, 0x00, 0x83, 0xF8,
                0x0A, 0x74, 0x0F, 0x48, 0x8B, 0x44, 0x24, 0x68, 0x48, 0xFF, 0xC0, 0x48,
                0x89, 0x44, 0x24, 0x68, 0xEB, 0x94, 0x48, 0x8B, 0x84, 0x24, 0x30, 0x02,
                0x00, 0x00, 0x48, 0x39, 0x44, 0x24, 0x68, 0x75, 0x39, 0x48, 0x8B, 0x84,
                0x24, 0x78, 0x03, 0x00, 0x00, 0xC7, 0x40, 0x30, 0x0D, 0x00, 0x00, 0xC0,
                0x48, 0x8B, 0x84, 0x24, 0x78, 0x03, 0x00, 0x00, 0x48, 0xC7, 0x40, 0x38,
                0x00, 0x00, 0x00, 0x00, 0x33, 0xD2, 0x48, 0x8B, 0x8C, 0x24, 0x78, 0x03,
                0x00, 0x00, 0xFF, 0x15, 0x64, 0x1C, 0x00, 0x00, 0xB8, 0x0D, 0x00, 0x00,
                0xC0, 0xE9, 0xDE, 0x05, 0x00, 0x00, 0x8B, 0x84, 0x24, 0xB8, 0x00, 0x00,
                0x00, 0xFF, 0xC0, 0x89, 0x84, 0x24, 0xB8, 0x00, 0x00, 0x00, 0xE9, 0x86,
                0xFE, 0xFF, 0xFF, 0x81, 0xBC, 0x24, 0xB8, 0x00, 0x00, 0x00, 0xA9, 0x33,
                0x00, 0x00, 0x76, 0x39, 0x48, 0x8B, 0x84, 0x24, 0x78, 0x03, 0x00, 0x00,
                0xC7, 0x40, 0x30, 0x0D, 0x00, 0x00, 0xC0, 0x48, 0x8B, 0x84, 0x24, 0x78,
                0x03, 0x00, 0x00, 0x48, 0xC7, 0x40, 0x38, 0x00, 0x00, 0x00, 0x00, 0x33,
                0xD2, 0x48, 0x8B, 0x8C, 0x24, 0x78, 0x03, 0x00, 0x00, 0xFF, 0x15, 0x09,
                0x1C, 0x00, 0x00, 0xB8, 0x0D, 0x00, 0x00, 0xC0, 0xE9, 0x83, 0x05, 0x00,
                0x00, 0x41, 0xB8, 0x74, 0x50, 0x72, 0x51, 0xBA, 0xA4, 0xCE, 0x00, 0x00,
                0x33, 0xC9, 0xFF, 0x15, 0xA4, 0x1B, 0x00, 0x00, 0x48, 0x89, 0x84, 0x24,
                0x10, 0x01, 0x00, 0x00, 0x48, 0x83, 0xBC, 0x24, 0x10, 0x01, 0x00, 0x00,
                0x00, 0x75, 0x39, 0x48, 0x8B, 0x84, 0x24, 0x78, 0x03, 0x00, 0x00, 0xC7,
                0x40, 0x30, 0x9A, 0x00, 0x00, 0xC0, 0x48, 0x8B, 0x84, 0x24, 0x78, 0x03,
                0x00, 0x00, 0x48, 0xC7, 0x40, 0x38, 0x00, 0x00, 0x00, 0x00, 0x33, 0xD2,
                0x48, 0x8B, 0x8C, 0x24, 0x78, 0x03, 0x00, 0x00, 0xFF, 0x15, 0xAA, 0x1B,
                0x00, 0x00, 0xB8, 0x9A, 0x00, 0x00, 0xC0, 0xE9, 0x24, 0x05, 0x00, 0x00,
                0x41, 0xB8, 0xA4, 0xCE, 0x00, 0x00, 0x33, 0xD2, 0x48, 0x8B, 0x8C, 0x24,
                0x10, 0x01, 0x00, 0x00, 0xE8, 0xDB, 0x0F, 0x00, 0x00, 0x48, 0x8B, 0x44,
                0x24, 0x58, 0x48, 0x89, 0x44, 0x24, 0x68, 0x48, 0x8B, 0x84, 0x24, 0x98,
                0x00, 0x00, 0x00, 0x48, 0x39, 0x44, 0x24, 0x68, 0x0F, 0x83, 0x44, 0x03,
                0x00, 0x00, 0x48, 0x8B, 0x44, 0x24, 0x68, 0x0F, 0xBE, 0x00, 0x83, 0xF8,
                0x7D, 0x0F, 0x84, 0x33, 0x03, 0x00, 0x00, 0x8B, 0x84, 0x24, 0xB8, 0x00,
                0x00, 0x00, 0x39, 0x84, 0x24, 0xBC, 0x00, 0x00, 0x00, 0x0F, 0x83, 0x1F,
                0x03, 0x00, 0x00, 0x48, 0x8B, 0x84, 0x24, 0x98, 0x00, 0x00, 0x00, 0x48,
                0x39, 0x44, 0x24, 0x68, 0x73, 0x50, 0x48, 0x8B, 0x44, 0x24, 0x68, 0x0F,
                0xBE, 0x00, 0x83, 0xF8, 0x20, 0x74, 0x34, 0x48, 0x8B, 0x44, 0x24, 0x68,
                0x0F, 0xBE, 0x00, 0x83, 0xF8, 0x09, 0x74, 0x27, 0x48, 0x8B, 0x44, 0x24,
                0x68, 0x0F, 0xBE, 0x00, 0x83, 0xF8, 0x0D, 0x74, 0x1A, 0x48, 0x8B, 0x44,
                0x24, 0x68, 0x0F, 0xBE, 0x00, 0x83, 0xF8, 0x0A, 0x74, 0x0D, 0x48, 0x8B,
                0x44, 0x24, 0x68, 0x0F, 0xBE, 0x00, 0x83, 0xF8, 0x2C, 0x75, 0x0F, 0x48,
                0x8B, 0x44, 0x24, 0x68, 0x48, 0xFF, 0xC0, 0x48, 0x89, 0x44, 0x24, 0x68,
                0xEB, 0xA1, 0x48, 0x8B, 0x84, 0x24, 0x98, 0x00, 0x00, 0x00, 0x48, 0x39,
                0x44, 0x24, 0x68, 0x73, 0x0D, 0x48, 0x8B, 0x44, 0x24, 0x68, 0x0F, 0xBE,
                0x00, 0x83, 0xF8, 0x7D, 0x75, 0x05, 0xE9, 0x9F, 0x02, 0x00, 0x00, 0x48,
                0x8B, 0x44, 0x24, 0x68, 0x48, 0x89, 0x84, 0x24, 0xE0, 0x00, 0x00, 0x00,
                0x48, 0x8B, 0x84, 0x24, 0x98, 0x00, 0x00, 0x00, 0x48, 0x39, 0x44, 0x24,
                0x68, 0x73, 0x5D, 0x48, 0x8B, 0x44, 0x24, 0x68, 0x0F, 0xBE, 0x00, 0x83,
                0xF8, 0x2C, 0x74, 0x50, 0x48, 0x8B, 0x44, 0x24, 0x68, 0x0F, 0xBE, 0x00,
                0x83, 0xF8, 0x7D, 0x74, 0x43, 0x48, 0x8B, 0x44, 0x24, 0x68, 0x0F, 0xBE,
                0x00, 0x83, 0xF8, 0x20, 0x74, 0x36, 0x48, 0x8B, 0x44, 0x24, 0x68, 0x0F,
                0xBE, 0x00, 0x83, 0xF8, 0x09, 0x74, 0x29, 0x48, 0x8B, 0x44, 0x24, 0x68,
                0x0F, 0xBE, 0x00, 0x83, 0xF8, 0x0D, 0x74, 0x1C, 0x48, 0x8B, 0x44, 0x24,
                0x68, 0x0F, 0xBE, 0x00, 0x83, 0xF8, 0x0A, 0x74, 0x0F, 0x48, 0x8B, 0x44,
                0x24, 0x68, 0x48, 0xFF, 0xC0, 0x48, 0x89, 0x44, 0x24, 0x68, 0xEB, 0x94,
                0x48, 0x8B, 0x84, 0x24, 0xE0, 0x00, 0x00, 0x00, 0x48, 0x39, 0x44, 0x24,
                0x68, 0x75, 0x10, 0xC7, 0x84, 0x24, 0xA0, 0x00, 0x00, 0x00, 0x0D, 0x00,
                0x00, 0xC0, 0xE9, 0x07, 0x02, 0x00, 0x00, 0x48, 0x8B, 0x84, 0x24, 0xE0,
                0x00, 0x00, 0x00, 0x48, 0x8B, 0x4C, 0x24, 0x68, 0x48, 0x2B, 0xC8, 0x48,
                0x8B, 0xC1, 0x48, 0x83, 0xF8, 0x02, 0x7C, 0x62, 0xB8, 0x01, 0x00, 0x00,
                0x00, 0x48, 0x6B, 0xC0, 0x00, 0x48, 0x8B, 0x8C, 0x24, 0xE0, 0x00, 0x00,
                0x00, 0x0F, 0xBE, 0x04, 0x01, 0x83, 0xF8, 0x30, 0x75, 0x48, 0xB8, 0x01,
                0x00, 0x00, 0x00, 0x48, 0x6B, 0xC0, 0x01, 0x48, 0x8B, 0x8C, 0x24, 0xE0,
                0x00, 0x00, 0x00, 0x0F, 0xBE, 0x04, 0x01, 0x83, 0xF8, 0x78, 0x74, 0x1A,
                0xB8, 0x01, 0x00, 0x00, 0x00, 0x48, 0x6B, 0xC0, 0x01, 0x48, 0x8B, 0x8C,
                0x24, 0xE0, 0x00, 0x00, 0x00, 0x0F, 0xBE, 0x04, 0x01, 0x83, 0xF8, 0x58,
                0x75, 0x14, 0x48, 0x8B, 0x84, 0x24, 0xE0, 0x00, 0x00, 0x00, 0x48, 0x83,
                0xC0, 0x02, 0x48, 0x89, 0x84, 0x24, 0xE0, 0x00, 0x00, 0x00, 0x48, 0x8B,
                0x44, 0x24, 0x68, 0x48, 0x39, 0x84, 0x24, 0xE0, 0x00, 0x00, 0x00, 0x72,
                0x10, 0xC7, 0x84, 0x24, 0xA0, 0x00, 0x00, 0x00, 0x0D, 0x00, 0x00, 0xC0,
                0xE9, 0x6D, 0x01, 0x00, 0x00, 0x48, 0xC7, 0x84, 0x24, 0x80, 0x01, 0x00,
                0x00, 0x00, 0x00, 0x00, 0x00, 0xC6, 0x84, 0x24, 0x85, 0x00, 0x00, 0x00,
                0x01, 0x48, 0x8B, 0x84, 0x24, 0xE0, 0x00, 0x00, 0x00, 0x48, 0x89, 0x84,
                0x24, 0x78, 0x01, 0x00, 0x00, 0xEB, 0x13, 0x48, 0x8B, 0x84, 0x24, 0x78,
                0x01, 0x00, 0x00, 0x48, 0xFF, 0xC0, 0x48, 0x89, 0x84, 0x24, 0x78, 0x01,
                0x00, 0x00, 0x48, 0x8B, 0x44, 0x24, 0x68, 0x48, 0x39, 0x84, 0x24, 0x78,
                0x01, 0x00, 0x00, 0x0F, 0x83, 0xDA, 0x00, 0x00, 0x00, 0x48, 0x8B, 0x84,
                0x24, 0x78, 0x01, 0x00, 0x00, 0x8A, 0x00, 0x88, 0x44, 0x24, 0x50, 0x0F,
                0xBE, 0x44, 0x24, 0x50, 0x83, 0xF8, 0x30, 0x7C, 0x1B, 0x0F, 0xBE, 0x44,
                0x24, 0x50, 0x83, 0xF8, 0x39, 0x7F, 0x11, 0x0F, 0xBE, 0x44, 0x24, 0x50,
                0x83, 0xE8, 0x30, 0x89, 0x84, 0x24, 0xD8, 0x00, 0x00, 0x00, 0xEB, 0x54,
                0x0F, 0xBE, 0x44, 0x24, 0x50, 0x83, 0xF8, 0x61, 0x7C, 0x1B, 0x0F, 0xBE,
                0x44, 0x24, 0x50, 0x83, 0xF8, 0x66, 0x7F, 0x11, 0x0F, 0xBE, 0x44, 0x24,
                0x50, 0x83, 0xE8, 0x57, 0x89, 0x84, 0x24, 0xD8, 0x00, 0x00, 0x00, 0xEB,
                0x2F, 0x0F, 0xBE, 0x44, 0x24, 0x50, 0x83, 0xF8, 0x41, 0x7C, 0x1B, 0x0F,
                0xBE, 0x44, 0x24, 0x50, 0x83, 0xF8, 0x46, 0x7F, 0x11, 0x0F, 0xBE, 0x44,
                0x24, 0x50, 0x83, 0xE8, 0x37, 0x89, 0x84, 0x24, 0xD8, 0x00, 0x00, 0x00,
                0xEB, 0x0A, 0xC6, 0x84, 0x24, 0x85, 0x00, 0x00, 0x00, 0x00, 0xEB, 0x53,
                0x8B, 0x84, 0x24, 0xD8, 0x00, 0x00, 0x00, 0xB9, 0xFF, 0xFF, 0xFF, 0xFF,
                0x48, 0x2B, 0xC8, 0x48, 0x8B, 0xC1, 0x33, 0xD2, 0xB9, 0x10, 0x00, 0x00,
                0x00, 0x48, 0xF7, 0xF1, 0x48, 0x39, 0x84, 0x24, 0x80, 0x01, 0x00, 0x00,
                0x76, 0x0A, 0xC6, 0x84, 0x24, 0x85, 0x00, 0x00, 0x00, 0x00, 0xEB, 0x23,
                0x48, 0x8B, 0x84, 0x24, 0x80, 0x01, 0x00, 0x00, 0x48, 0xC1, 0xE0, 0x04,
                0x8B, 0x8C, 0x24, 0xD8, 0x00, 0x00, 0x00, 0x48, 0x0B, 0xC1, 0x48, 0x89,
                0x84, 0x24, 0x80, 0x01, 0x00, 0x00, 0xE9, 0x00, 0xFF, 0xFF, 0xFF, 0x0F,
                0xB6, 0x84, 0x24, 0x85, 0x00, 0x00, 0x00, 0x85, 0xC0, 0x75, 0x0D, 0xC7,
                0x84, 0x24, 0xA0, 0x00, 0x00, 0x00, 0x0D, 0x00, 0x00, 0xC0, 0xEB, 0x2E,
                0x8B, 0x84, 0x24, 0xBC, 0x00, 0x00, 0x00, 0x48, 0x8B, 0x8C, 0x24, 0x10,
                0x01, 0x00, 0x00, 0x8B, 0x94, 0x24, 0x80, 0x01, 0x00, 0x00, 0x89, 0x14,
                0x81, 0x8B, 0x84, 0x24, 0xBC, 0x00, 0x00, 0x00, 0xFF, 0xC0, 0x89, 0x84,
                0x24, 0xBC, 0x00, 0x00, 0x00, 0xE9, 0xA9, 0xFC, 0xFF, 0xFF, 0x83, 0xBC,
                0x24, 0xA0, 0x00, 0x00, 0x00, 0x00, 0x7C, 0x1B, 0x8B, 0x84, 0x24, 0xB8,
                0x00, 0x00, 0x00, 0x39, 0x84, 0x24, 0xBC, 0x00, 0x00, 0x00, 0x74, 0x0B,
                0xC7, 0x84, 0x24, 0xA0, 0x00, 0x00, 0x00, 0x0D, 0x00, 0x00, 0xC0, 0x83,
                0xBC, 0x24, 0xA0, 0x00, 0x00, 0x00, 0x00, 0x7D, 0x5D, 0x48, 0x83, 0xBC,
                0x24, 0x10, 0x01, 0x00, 0x00, 0x00, 0x74, 0x14, 0xBA, 0x74, 0x50, 0x72,
                0x51, 0x48, 0x8B, 0x8C, 0x24, 0x10, 0x01, 0x00, 0x00, 0xFF, 0x15, 0x9D,
                0x17, 0x00, 0x00, 0x90, 0x48, 0x8B, 0x84, 0x24, 0x78, 0x03, 0x00, 0x00,
                0x8B, 0x8C, 0x24, 0xA0, 0x00, 0x00, 0x00, 0x89, 0x48, 0x30, 0x48, 0x8B,
                0x84, 0x24, 0x78, 0x03, 0x00, 0x00, 0x48, 0xC7, 0x40, 0x38, 0x00, 0x00,
                0x00, 0x00, 0x33, 0xD2, 0x48, 0x8B, 0x8C, 0x24, 0x78, 0x03, 0x00, 0x00,
                0xFF, 0x15, 0xAA, 0x17, 0x00, 0x00, 0x8B, 0x84, 0x24, 0xA0, 0x00, 0x00,
                0x00, 0xE9, 0x22, 0x01, 0x00, 0x00, 0x8B, 0x84, 0x24, 0x04, 0x01, 0x00,
                0x00, 0x89, 0x84, 0x24, 0x48, 0x02, 0x00, 0x00, 0x8B, 0x84, 0x24, 0x08,
                0x01, 0x00, 0x00, 0x89, 0x84, 0x24, 0x4C, 0x02, 0x00, 0x00, 0xC7, 0x84,
                0x24, 0x50, 0x02, 0x00, 0x00, 0x20, 0x00, 0x00, 0x00, 0xC7, 0x84, 0x24,
                0x54, 0x02, 0x00, 0x00, 0xA4, 0xCE, 0x00, 0x00, 0xC7, 0x84, 0x24, 0x58,
                0x02, 0x00, 0x00, 0x00, 0x00, 0x00, 0x00, 0xC7, 0x84, 0x24, 0x5C, 0x02,
                0x00, 0x00, 0x00, 0x00, 0x00, 0x00, 0x48, 0x8B, 0x84, 0x24, 0x10, 0x01,
                0x00, 0x00, 0x48, 0x89, 0x84, 0x24, 0x60, 0x02, 0x00, 0x00, 0xE8, 0x99,
                0x6B, 0xFF, 0xFF, 0x41, 0xB8, 0xA4, 0xCE, 0x00, 0x00, 0x48, 0x8D, 0x94,
                0x24, 0x48, 0x02, 0x00, 0x00, 0x48, 0x8B, 0xC8, 0xE8, 0xA7, 0x8F, 0xFF,
                0xFF, 0x90, 0xEB, 0x7B, 0xB8, 0x01, 0x00, 0x00, 0x00, 0x48, 0x6B, 0xC0,
                0x00, 0x48, 0x8B, 0x4C, 0x24, 0x70, 0x0F, 0xBE, 0x04, 0x01, 0x83, 0xF8,
                0x42, 0x75, 0x64, 0xB8, 0x01, 0x00, 0x00, 0x00, 0x48, 0x6B, 0xC0, 0x01,
                0x48, 0x8B, 0x4C, 0x24, 0x70, 0x0F, 0xBE, 0x04, 0x01, 0x83, 0xF8, 0x43,
                0x75, 0x4D, 0xE8, 0xA1, 0x4A, 0xFF, 0xFF, 0x83, 0xF8, 0x01, 0x75, 0x0E,
                0xB9, 0x14, 0x45, 0x11, 0x00, 0xFF, 0x15, 0x05, 0x17, 0x00, 0x00, 0x90,
                0xEB, 0x35, 0x48, 0xB8, 0x80, 0xD1, 0xE7, 0x5F, 0x00, 0xF8, 0xFF, 0xFF,
                0x48, 0x89, 0x44, 0x24, 0x20, 0x49, 0xB9, 0x00, 0x10, 0xCE, 0x92, 0x0F,
                0xD8, 0xFF, 0xFF, 0x41, 0xB8, 0x00, 0x01, 0x00, 0x00, 0x48, 0xBA, 0x00,
                0x00, 0x00, 0x00, 0x27, 0x0E, 0x00, 0x00, 0xB9, 0x01, 0x00, 0x00, 0x00,
                0xFF, 0x15, 0x56, 0x16, 0x00, 0x00, 0x90, 0x48, 0x8B, 0x84, 0x24, 0x78,
                0x03, 0x00, 0x00, 0xC7, 0x40, 0x30, 0x00, 0x00, 0x00, 0x00, 0x48, 0x8B,
                0x84, 0x24, 0x78, 0x03, 0x00, 0x00, 0x48, 0xC7, 0x40, 0x38, 0x00, 0x00,
                0x00, 0x00, 0x33, 0xD2, 0x48, 0x8B, 0x8C, 0x24, 0x78, 0x03, 0x00, 0x00,
                0xFF, 0x15, 0x7E, 0x16, 0x00, 0x00, 0x33, 0xC0, 0x48, 0x8B, 0x8C, 0x24,
                0x50, 0x03, 0x00, 0x00, 0x48, 0x33, 0xCC, 0xE8, 0x6C, 0x07, 0x00, 0x00,
                0x48, 0x81, 0xC4, 0x60, 0x03, 0x00, 0x00, 0x5F, 0xC3, 0xCC, 0xCC, 0xCC,
                0x4C, 0x89, 0x44, 0x24, 0x18, 0x48, 0x89, 0x54, 0x24, 0x10, 0x48, 0x89,
                0x4C, 0x24, 0x08, 0x48, 0x83, 0xEC, 0x58, 0x48, 0x83, 0x7C, 0x24, 0x60,
                0x00, 0x74, 0x10, 0x48, 0x83, 0x7C, 0x24, 0x68, 0x00, 0x74, 0x08, 0x48,
                0x83, 0x7C, 0x24, 0x70, 0x00, 0x75, 0x0A, 0xB8, 0x0D, 0x00, 0x00, 0xC0,
                0xE9, 0xC2, 0x00, 0x00, 0x00, 0x48, 0xC7, 0x44, 0x24, 0x20, 0x00, 0x00,
                0x00, 0x00, 0x45, 0x33, 0xC9, 0x45, 0x33, 0xC0, 0x8B, 0x54, 0x24, 0x70,
                0x48, 0x8B, 0x4C, 0x24, 0x60, 0xFF, 0x15, 0x05, 0x16, 0x00, 0x00, 0x48,
                0x89, 0x44, 0x24, 0x38, 0x48, 0x83, 0x7C, 0x24, 0x38, 0x00, 0x75, 0x0A,
                0xB8, 0x9A, 0x00, 0x00, 0xC0, 0xE9, 0x8D, 0x00, 0x00, 0x00, 0x45, 0x33,
                0xC0, 0x33, 0xD2, 0x48, 0x8B, 0x4C, 0x24, 0x38, 0xFF, 0x15, 0xAE, 0x15,
                0x00, 0x00, 0x90, 0xEB, 0x15, 0x89, 0x44, 0x24, 0x30, 0x48, 0x8B, 0x4C,
                0x24, 0x38, 0xFF, 0x15, 0xEC, 0x15, 0x00, 0x00, 0x8B, 0x44, 0x24, 0x30,
                0xEB, 0x65, 0xBA, 0x10, 0x00, 0x00, 0x00, 0x48, 0x8B, 0x4C, 0x24, 0x38,
                0xE8, 0x87, 0x03, 0x00, 0x00, 0x48, 0x89, 0x44, 0x24, 0x40, 0x48, 0x83,
                0x7C, 0x24, 0x40, 0x00, 0x75, 0x1D, 0x48, 0x8B, 0x4C, 0x24, 0x38, 0xFF,
                0x15, 0x77, 0x15, 0x00, 0x00, 0x48, 0x8B, 0x4C, 0x24, 0x38, 0xFF, 0x15,
                0xB4, 0x15, 0x00, 0x00, 0xB8, 0x9A, 0x00, 0x00, 0xC0, 0xEB, 0x2C, 0x4C,
                0x8B, 0x44, 0x24, 0x70, 0x48, 0x8B, 0x54, 0x24, 0x68, 0x48, 0x8B, 0x4C,
                0x24, 0x40, 0xE8, 0x11, 0x07, 0x00, 0x00, 0x48, 0x8B, 0x4C, 0x24, 0x38,
                0xFF, 0x15, 0x46, 0x15, 0x00, 0x00, 0x48, 0x8B, 0x4C, 0x24, 0x38, 0xFF,
                0x15, 0x83, 0x15, 0x00, 0x00, 0x33, 0xC0, 0x48, 0x83, 0xC4, 0x58, 0xC3,
                0x44, 0x88, 0x4C, 0x24, 0x20, 0x44, 0x89, 0x44, 0x24, 0x18, 0x89, 0x54,
                0x24, 0x10, 0x48, 0x89, 0x4C, 0x24, 0x08, 0x48, 0x83, 0xEC, 0x48, 0xFF,
                0x15, 0x77, 0x15, 0x00, 0x00, 0x90, 0x0F, 0xB6, 0x44, 0x24, 0x68, 0x85,
                0xC0, 0x74, 0x6E, 0x0F, 0xB6, 0x44, 0x24, 0x68, 0x85, 0xC0, 0x74, 0x0A,
                0xC7, 0x44, 0x24, 0x2C, 0x80, 0x00, 0x00, 0x00, 0xEB, 0x08, 0xC7, 0x44,
                0x24, 0x2C, 0x00, 0x00, 0x00, 0x00, 0x8B, 0x44, 0x24, 0x58, 0x83, 0xE0,
                0x0F, 0x8B, 0x4C, 0x24, 0x58, 0x83, 0xE1, 0x07, 0xC1, 0xE1, 0x04, 0x0B,
                0xC1, 0x0B, 0x44, 0x24, 0x2C, 0x88, 0x44, 0x24, 0x21, 0x0F, 0xB6, 0x44,
                0x24, 0x68, 0x85, 0xC0, 0x74, 0x0A, 0xC7, 0x44, 0x24, 0x30, 0x80, 0x00,
                0x00, 0x00, 0xEB, 0x08, 0xC7, 0x44, 0x24, 0x30, 0x00, 0x00, 0x00, 0x00,
                0x8B, 0x44, 0x24, 0x60, 0x83, 0xE0, 0x0F, 0x8B, 0x4C, 0x24, 0x58, 0x83,
                0xE1, 0x07, 0xC1, 0xE1, 0x04, 0x0B, 0xC1, 0x0B, 0x44, 0x24, 0x30, 0x88,
                0x44, 0x24, 0x20, 0xEB, 0x25, 0x8B, 0x44, 0x24, 0x58, 0x83, 0xE0, 0x0F,
                0xC1, 0xE0, 0x04, 0x88, 0x44, 0x24, 0x21, 0x8B, 0x44, 0x24, 0x60, 0x83,
                0xE0, 0x0F, 0x8B, 0x4C, 0x24, 0x58, 0x83, 0xE1, 0x0F, 0xC1, 0xE1, 0x04,
                0x0B, 0xC1, 0x88, 0x44, 0x24, 0x20, 0xC7, 0x44, 0x24, 0x28, 0x00, 0x00,
                0x00, 0x00, 0xC7, 0x44, 0x24, 0x24, 0x00, 0x00, 0x00, 0x00, 0xEB, 0x15,
                0x8B, 0x44, 0x24, 0x28, 0x83, 0xC0, 0x02, 0x89, 0x44, 0x24, 0x28, 0x8B,
                0x44, 0x24, 0x24, 0xFF, 0xC0, 0x89, 0x44, 0x24, 0x24, 0x8B, 0x44, 0x24,
                0x24, 0x48, 0x8B, 0x4C, 0x24, 0x50, 0x0F, 0xB6, 0x04, 0x01, 0x85, 0xC0,
                0x74, 0x33, 0x8B, 0x44, 0x24, 0x24, 0x8B, 0x4C, 0x24, 0x28, 0x48, 0x8B,
                0x15, 0xEB, 0x24, 0x00, 0x00, 0x4C, 0x8B, 0x44, 0x24, 0x50, 0x41, 0x8A,
                0x04, 0x00, 0x88, 0x04, 0x0A, 0x8B, 0x44, 0x24, 0x28, 0xFF, 0xC0, 0x8B,
                0xC0, 0x48, 0x8B, 0x0D, 0xD0, 0x24, 0x00, 0x00, 0x8A, 0x54, 0x24, 0x20,
                0x88, 0x14, 0x01, 0xEB, 0xA7, 0x8B, 0x44, 0x24, 0x24, 0xD1, 0xE0, 0x89,
                0x44, 0x24, 0x24, 0xEB, 0x0B, 0x8B, 0x44, 0x24, 0x24, 0x83, 0xC0, 0x02,
                0x89, 0x44, 0x24, 0x24, 0x81, 0x7C, 0x24, 0x24, 0x40, 0x1F, 0x00, 0x00,
                0x73, 0x27, 0x8B, 0x44, 0x24, 0x24, 0x48, 0x8B, 0x0D, 0x9B, 0x24, 0x00,
                0x00, 0xC6, 0x04, 0x01, 0x20, 0x8B, 0x44, 0x24, 0x24, 0xFF, 0xC0, 0x8B,
                0xC0, 0x48, 0x8B, 0x0D, 0x88, 0x24, 0x00, 0x00, 0x8A, 0x54, 0x24, 0x21,
                0x88, 0x14, 0x01, 0xEB, 0xC4, 0x48, 0x83, 0xC4, 0x48, 0xC3, 0xCC, 0xCC,
                0x48, 0x89, 0x54, 0x24, 0x10, 0x48, 0x89, 0x4C, 0x24, 0x08, 0x48, 0x83,
                0xEC, 0x78, 0xE8, 0x79, 0x63, 0xFF, 0xFF, 0x48, 0x89, 0x05, 0x3E, 0x24,
                0x00, 0x00, 0xE8, 0x91, 0x6F, 0xFF, 0xFF, 0x48, 0x89, 0x05, 0x3A, 0x24,
                0x00, 0x00, 0xE8, 0x39, 0x52, 0xFF, 0xFF, 0x48, 0x89, 0x05, 0x36, 0x24,
                0x00, 0x00, 0xE8, 0x95, 0x5E, 0xFF, 0xFF, 0x48, 0x89, 0x05, 0x32, 0x24,
                0x00, 0x00, 0x48, 0xC7, 0x44, 0x24, 0x48, 0x00, 0x80, 0x0B, 0x00, 0x45,
                0x33, 0xC0, 0xBA, 0x40, 0x1F, 0x00, 0x00, 0x48, 0x8B, 0x4C, 0x24, 0x48,
                0xFF, 0x15, 0x76, 0x13, 0x00, 0x00, 0x48, 0x89, 0x05, 0x17, 0x24, 0x00,
                0x00, 0x48, 0xC7, 0x44, 0x24, 0x40, 0x00, 0x00, 0x00, 0x00, 0xB8, 0x1C,
                0x00, 0x00, 0x00, 0x66, 0x89, 0x44, 0x24, 0x50, 0xB8, 0x1E, 0x00, 0x00,
                0x00, 0x66, 0x89, 0x44, 0x24, 0x52, 0x48, 0x8D, 0x05, 0x0B, 0x0A, 0x00,
                0x00, 0x48, 0x89, 0x44, 0x24, 0x58, 0xB8, 0x10, 0x00, 0x00, 0x00, 0x66,
                0x89, 0x44, 0x24, 0x60, 0xB8, 0x12, 0x00, 0x00, 0x00, 0x66, 0x89, 0x44,
                0x24, 0x62, 0x48, 0x8D, 0x05, 0x0B, 0x0A, 0x00, 0x00, 0x48, 0x89, 0x44,
                0x24, 0x68, 0x48, 0x8D, 0x44, 0x24, 0x40, 0x48, 0x89, 0x44, 0x24, 0x30,
                0xC6, 0x44, 0x24, 0x28, 0x00, 0xC7, 0x44, 0x24, 0x20, 0x00, 0x01, 0x00,
                0x00, 0x41, 0xB9, 0x22, 0x00, 0x00, 0x00, 0x4C, 0x8D, 0x44, 0x24, 0x50,
                0x33, 0xD2, 0x48, 0x8B, 0x8C, 0x24, 0x80, 0x00, 0x00, 0x00, 0xFF, 0x15,
                0x1C, 0x13, 0x00, 0x00, 0x48, 0x8D, 0x54, 0x24, 0x50, 0x48, 0x8D, 0x4C,
                0x24, 0x60, 0xFF, 0x15, 0x14, 0x13, 0x00, 0x00, 0x90, 0x48, 0x83, 0x7C,
                0x24, 0x40, 0x00, 0x74, 0x6A, 0xB8, 0x08, 0x00, 0x00, 0x00, 0x48, 0x6B,
                0xC0, 0x00, 0x48, 0x8B, 0x8C, 0x24, 0x80, 0x00, 0x00, 0x00, 0x48, 0x8D,
                0x15, 0x53, 0x46, 0xFF, 0xFF, 0x48, 0x89, 0x54, 0x01, 0x70, 0xB8, 0x08,
                0x00, 0x00, 0x00, 0x48, 0x6B, 0xC0, 0x02, 0x48, 0x8B, 0x8C, 0x24, 0x80,
                0x00, 0x00, 0x00, 0x48, 0x8D, 0x15, 0x36, 0x46, 0xFF, 0xFF, 0x48, 0x89,
                0x54, 0x01, 0x70, 0xB8, 0x08, 0x00, 0x00, 0x00, 0x48, 0x6B, 0xC0, 0x04,
                0x48, 0x8B, 0x8C, 0x24, 0x80, 0x00, 0x00, 0x00, 0x48, 0x8D, 0x15, 0xC9,
                0xD5, 0xFF, 0xFF, 0x48, 0x89, 0x54, 0x01, 0x70, 0x48, 0x8B, 0x44, 0x24,
                0x40, 0x8B, 0x40, 0x30, 0x83, 0xC8, 0x04, 0x48, 0x8B, 0x4C, 0x24, 0x40,
                0x89, 0x41, 0x30, 0x33, 0xC0, 0x48, 0x83, 0xC4, 0x78, 0xC3, 0xCC, 0xCC,
                0x48, 0x89, 0x4C, 0x24, 0x08, 0x48, 0x8B, 0x44, 0x24, 0x08, 0x48, 0x8B,
                0x80, 0xB8, 0x00, 0x00, 0x00, 0xC3, 0xCC, 0xCC, 0xF0, 0x83, 0x0C, 0x24,
                0x00, 0xC3, 0xCC, 0xCC, 0x88, 0x4C, 0x24, 0x08, 0x0F, 0xB6, 0x44, 0x24,
                0x08, 0x44, 0x0F, 0x22, 0xC0, 0xC3, 0xCC, 0xCC, 0x88, 0x4C, 0x24, 0x08,
                0x48, 0x83, 0xEC, 0x38, 0xFF, 0x15, 0xD6, 0x11, 0x00, 0x00, 0x88, 0x44,
                0x24, 0x20, 0x0F, 0xB6, 0x44, 0x24, 0x40, 0x44, 0x0F, 0x22, 0xC0, 0x8A,
                0x44, 0x24, 0x20, 0x48, 0x83, 0xC4, 0x38, 0xC3, 0x89, 0x54, 0x24, 0x10,
                0x48, 0x89, 0x4C, 0x24, 0x08, 0x48, 0x83, 0xEC, 0x38, 0x48, 0x8B, 0x44,
                0x24, 0x40, 0x0F, 0xBF, 0x40, 0x0A, 0x83, 0xE0, 0x05, 0x85, 0xC0, 0x74,
                0x0D, 0x48, 0x8B, 0x44, 0x24, 0x40, 0x48, 0x8B, 0x40, 0x18, 0xEB, 0x28,
                0xEB, 0x26, 0x8B, 0x44, 0x24, 0x48, 0x89, 0x44, 0x24, 0x28, 0xC7, 0x44,
                0x24, 0x20, 0x00, 0x00, 0x00, 0x00, 0x45, 0x33, 0xC9, 0x41, 0xB8, 0x01,
                0x00, 0x00, 0x00, 0x33, 0xD2, 0x48, 0x8B, 0x4C, 0x24, 0x40, 0xFF, 0x15,
                0xC0, 0x11, 0x00, 0x00, 0x48, 0x83, 0xC4, 0x38, 0xC3, 0xCC, 0xCC, 0xCC,
                0x48, 0x89, 0x4C, 0x24, 0x08, 0x48, 0x83, 0xEC, 0x18, 0x0F, 0xB7, 0x54,
                0x24, 0x20, 0xEC, 0x88, 0x04, 0x24, 0x8A, 0x04, 0x24, 0x48, 0x83, 0xC4,
                0x18, 0xC3, 0xCC, 0xCC, 0x88, 0x54, 0x24, 0x10, 0x48, 0x89, 0x4C, 0x24,
                0x08, 0x0F, 0xB7, 0x54, 0x24, 0x08, 0x8A, 0x44, 0x24, 0x10, 0xEE, 0xC3,
                0x48, 0x83, 0xEC, 0x38, 0x48, 0x83, 0x64, 0x24, 0x20, 0x00, 0x48, 0x8B,
                0xD1, 0x4C, 0x8B, 0x0D, 0xF4, 0x20, 0x00, 0x00, 0xB9, 0xF7, 0x00, 0x00,
                0x00, 0x4C, 0x8B, 0x05, 0xE0, 0x20, 0x00, 0x00, 0x48, 0xFF, 0x15, 0x31,
                0x11, 0x00, 0x00, 0x0F, 0x1F, 0x44, 0x00, 0x00, 0xCC, 0xCC, 0xCC, 0xCC,
                0x48, 0x83, 0xEC, 0x28, 0xB9, 0x08, 0x00, 0x00, 0x00, 0xE8, 0x02, 0x00,
                0x00, 0x00, 0xCC, 0xCC, 0x48, 0x83, 0xEC, 0x38, 0x4C, 0x8B, 0x0D, 0xBD,
                0x20, 0x00, 0x00, 0x4C, 0x8B, 0x05, 0xAE, 0x20, 0x00, 0x00, 0x8B, 0xD1,
                0xB9, 0xF7, 0x00, 0x00, 0x00, 0x48, 0xC7, 0x44, 0x24, 0x20, 0x01, 0x00,
                0x00, 0x00, 0x48, 0xFF, 0x15, 0xEF, 0x10, 0x00, 0x00, 0x0F, 0x1F, 0x44,
                0x00, 0x00, 0xCC, 0xCC, 0xC2, 0x00, 0x00, 0xCC, 0xCC, 0xCC, 0xCC, 0xCC,
                0xCC, 0xCC, 0xCC, 0xCC, 0xCC, 0xCC, 0xCC, 0xCC, 0xFF, 0x25, 0xAA, 0x11,
                0x00, 0x00, 0xFF, 0x25, 0x4C, 0x11, 0x00, 0x00, 0xFF, 0x25, 0x5E, 0x11,
                0x00, 0x00, 0xCC, 0xCC, 0x48, 0x83, 0xEC, 0x28, 0x4D, 0x8B, 0x41, 0x38,
                0x48, 0x8B, 0xCA, 0x49, 0x8B, 0xD1, 0xE8, 0x0D, 0x00, 0x00, 0x00, 0xB8,
                0x01, 0x00, 0x00, 0x00, 0x48, 0x83, 0xC4, 0x28, 0xC3, 0xCC, 0xCC, 0xCC,
                0x48, 0x83, 0xEC, 0x28, 0x41, 0x8B, 0x00, 0x4C, 0x8B, 0xC9, 0x44, 0x8B,
                0xD8, 0x4C, 0x8B, 0xD1, 0x41, 0x83, 0xE3, 0xF8, 0xA8, 0x04, 0x74, 0x13,
                0x41, 0x8B, 0x40, 0x08, 0x4D, 0x63, 0x50, 0x04, 0xF7, 0xD8, 0x4C, 0x03,
                0xD1, 0x48, 0x63, 0xC8, 0x4C, 0x23, 0xD1, 0x49, 0x63, 0xC3, 0x4E, 0x8B,
                0x04, 0x10, 0x48, 0x8B, 0x42, 0x10, 0x8B, 0x48, 0x08, 0x48, 0x8B, 0x42,
                0x08, 0x0F, 0xB6, 0x54, 0x01, 0x03, 0xF6, 0xC2, 0x0F, 0x74, 0x08, 0x8B,
                0xC2, 0x83, 0xE0, 0xF0, 0x4C, 0x03, 0xC8, 0x4D, 0x33, 0xC8, 0x49, 0x8B,
                0xC9, 0xE8, 0xA2, 0x01, 0x00, 0x00, 0x48, 0x83, 0xC4, 0x28, 0xC3, 0xCC,
                0x48, 0x8B, 0xC4, 0x48, 0x89, 0x58, 0x08, 0x48, 0x89, 0x68, 0x10, 0x48,
                0x89, 0x70, 0x18, 0x48, 0x89, 0x78, 0x20, 0x41, 0x56, 0x48, 0x83, 0xEC,
                0x20, 0x4D, 0x8B, 0x51, 0x38, 0x48, 0x8B, 0xF2, 0x4D, 0x8B, 0xF0, 0x48,
                0x8B, 0xE9, 0x49, 0x8B, 0xD1, 0x48, 0x8B, 0xCE, 0x49, 0x8B, 0xF9, 0x41,
                0x8B, 0x1A, 0x48, 0xC1, 0xE3, 0x04, 0x49, 0x03, 0xDA, 0x4C, 0x8D, 0x43,
                0x04, 0xE8, 0x5E, 0xFF, 0xFF, 0xFF, 0x8B, 0x45, 0x04, 0x24, 0x66, 0xF6,
                0xD8, 0xB8, 0x01, 0x00, 0x00, 0x00, 0x1B, 0xD2, 0xF7, 0xDA, 0x03, 0xD0,
                0x85, 0x53, 0x04, 0x74, 0x11, 0x4C, 0x8B, 0xCF, 0x4D, 0x8B, 0xC6, 0x48,
                0x8B, 0xD6, 0x48, 0x8B, 0xCD, 0xE8, 0x0E, 0xFF, 0xFF, 0xFF, 0x48, 0x8B,
                0x5C, 0x24, 0x30, 0x48, 0x8B, 0x6C, 0x24, 0x38, 0x48, 0x8B, 0x74, 0x24,
                0x40, 0x48, 0x8B, 0x7C, 0x24, 0x48, 0x48, 0x83, 0xC4, 0x20, 0x41, 0x5E,
                0xC3, 0xCC, 0xCC, 0xCC, 0xCC, 0xCC, 0xCC, 0xCC, 0x40, 0x53, 0x48, 0x83,
                0xEC, 0x10, 0x33, 0xC0, 0x33, 0xC9, 0x0F, 0xA2, 0x44, 0x8B, 0xC8, 0x33,
                0xC9, 0xB8, 0x01, 0x00, 0x00, 0x00, 0x45, 0x32, 0xC0, 0x0F, 0xA2, 0x89,
                0x04, 0x24, 0x89, 0x5C, 0x24, 0x04, 0x89, 0x4C, 0x24, 0x08, 0x89, 0x54,
                0x24, 0x0C, 0x0F, 0xBA, 0xE1, 0x14, 0x73, 0x2E, 0xB3, 0x08, 0x44, 0x8A,
                0xC3, 0x0F, 0xBA, 0xE1, 0x1B, 0x73, 0x23, 0x0F, 0xBA, 0xE1, 0x1C, 0x73,
                0x1D, 0x33, 0xC9, 0x0F, 0x01, 0xD0, 0x48, 0xC1, 0xE2, 0x20, 0x48, 0x0B,
                0xD0, 0x44, 0x0F, 0xB6, 0xC3, 0x80, 0xE2, 0x06, 0x8D, 0x41, 0x0C, 0x80,
                0xFA, 0x06, 0x44, 0x0F, 0x44, 0xC0, 0xB8, 0x07, 0x00, 0x00, 0x00, 0x44,
                0x3B, 0xC8, 0x7C, 0x39, 0x33, 0xC9, 0x0F, 0xA2, 0x89, 0x04, 0x24, 0x41,
                0x8A, 0xC0, 0x0C, 0x02, 0x89, 0x54, 0x24, 0x0C, 0x0F, 0xB6, 0xD0, 0x0F,
                0xBA, 0xE3, 0x09, 0x41, 0x0F, 0xB6, 0xC0, 0x0F, 0x43, 0xD0, 0x89, 0x5C,
                0x24, 0x04, 0x89, 0x4C, 0x24, 0x08, 0x44, 0x8A, 0xC2, 0xF6, 0xC3, 0x20,
                0x74, 0x0B, 0xF6, 0xC2, 0x04, 0x74, 0x06, 0x80, 0xCA, 0x10, 0x44, 0x8A,
                0xC2, 0x41, 0x80, 0xC8, 0x01, 0x44, 0x88, 0x05, 0xF4, 0x1E, 0x00, 0x00,
                0x33, 0xC0, 0x48, 0x83, 0xC4, 0x10, 0x5B, 0xC3, 0xCC, 0xCC, 0xCC, 0xCC,
                0xCC, 0xCC, 0xCC, 0xCC, 0xCC, 0xCC, 0xCC, 0xCC, 0xFF, 0x25, 0xAA, 0x0E,
                0x00, 0x00, 0xCC, 0xCC, 0xCC, 0xCC, 0xCC, 0xCC, 0xCC, 0xCC, 0xCC, 0xCC,
                0xFF, 0x25, 0xA2, 0x0E, 0x00, 0x00, 0xCC, 0xCC, 0xCC, 0xCC, 0xCC, 0xCC,
                0xCC, 0xCC, 0xCC, 0xCC, 0xFF, 0x25, 0xA2, 0x0E, 0x00, 0x00, 0xCC, 0xCC,
                0xCC, 0xCC, 0xCC, 0xCC, 0xCC, 0xCC, 0xCC, 0xCC, 0xFF, 0x25, 0x8A, 0x0E,
                0x00, 0x00, 0xCC, 0xCC, 0xCC, 0xCC, 0xCC, 0xCC, 0xCC, 0xCC, 0xCC, 0xCC,
                0xCC, 0xCC, 0xCC, 0xCC, 0xCC, 0xCC, 0x66, 0x66, 0x0F, 0x1F, 0x84, 0x00,
                0x00, 0x00, 0x00, 0x00, 0x48, 0x3B, 0x0D, 0x49, 0x1E, 0x00, 0x00, 0x75,
                0x10, 0x48, 0xC1, 0xC1, 0x10, 0x66, 0xF7, 0xC1, 0xFF, 0xFF, 0x75, 0x01,
                0xC3, 0x48, 0xC1, 0xC9, 0x10, 0xE9, 0x32, 0xFD, 0xFF, 0xFF, 0xCC, 0xCC,
                0xCC, 0xCC, 0xCC, 0xCC, 0xCC, 0xCC, 0x66, 0x66, 0x0F, 0x1F, 0x84, 0x00,
                0x00, 0x00, 0x00, 0x00, 0xFF, 0xE0, 0xCC, 0xCC, 0xCC, 0xCC, 0xCC, 0xCC,
                0xCC, 0xCC, 0xCC, 0xCC, 0xCC, 0xCC, 0xCC, 0xCC, 0xCC, 0xCC, 0xCC, 0xCC,
                0xCC, 0xCC, 0x66, 0x66, 0x0F, 0x1F, 0x84, 0x00, 0x00, 0x00, 0x00, 0x00,
                0xFF, 0x25, 0x42, 0x0F, 0x00, 0x00, 0xCC, 0xCC, 0xCC, 0xCC, 0xCC, 0xCC,
                0xCC, 0xCC, 0xCC, 0xCC, 0xCC, 0xCC, 0xCC, 0xCC, 0xCC, 0xCC, 0xCC, 0xCC,
                0xCC, 0xCC, 0xCC, 0xCC, 0xCC, 0xCC, 0xCC, 0xCC, 0xCC, 0xCC, 0xCC, 0xCC,
                0xCC, 0xCC, 0xCC, 0xCC, 0xCC, 0xCC, 0xCC, 0xCC, 0xCC, 0xCC, 0xCC, 0xCC,
                0xCC, 0xCC, 0xCC, 0xCC, 0xCC, 0xCC, 0xCC, 0xCC, 0xCC, 0xCC, 0xCC, 0xCC,
                0xCC, 0xCC, 0xCC, 0xCC, 0x48, 0x8B, 0xC1, 0x49, 0x83, 0xF8, 0x08, 0x72,
                0x37, 0x49, 0x83, 0xF8, 0x10, 0x77, 0x11, 0x4C, 0x8B, 0x1A, 0x4A, 0x8B,
                0x54, 0x02, 0xF8, 0x4C, 0x89, 0x19, 0x4A, 0x89, 0x54, 0x01, 0xF8, 0xC3,
                0x49, 0x83, 0xF8, 0x20, 0x77, 0x5A, 0x0F, 0x10, 0x02, 0x42, 0x0F, 0x10,
                0x4C, 0x02, 0xF0, 0x0F, 0x11, 0x01, 0x42, 0x0F, 0x11, 0x4C, 0x01, 0xF0,
                0xC3, 0x0F, 0x1F, 0x80, 0x00, 0x00, 0x00, 0x00, 0x4D, 0x85, 0xC0, 0x74,
                0x15, 0x48, 0x2B, 0xD1, 0x72, 0x16, 0x44, 0x8A, 0x1C, 0x11, 0x48, 0xFF,
                0xC1, 0x49, 0xFF, 0xC8, 0x44, 0x88, 0x59, 0xFF, 0x75, 0xF0, 0xC3, 0x0F,
                0x1F, 0x44, 0x00, 0x00, 0x49, 0x03, 0xC8, 0x44, 0x8A, 0x5C, 0x11, 0xFF,
                0x48, 0xFF, 0xC9, 0x49, 0xFF, 0xC8, 0x44, 0x88, 0x19, 0x75, 0xF0, 0xC3,
                0x66, 0x66, 0x66, 0x66, 0x0F, 0x1F, 0x84, 0x00, 0x00, 0x00, 0x00, 0x00,
                0x4E, 0x8D, 0x1C, 0x02, 0x48, 0x2B, 0xD1, 0x73, 0x09, 0x4C, 0x3B, 0xD9,
                0x0F, 0x87, 0x6E, 0x01, 0x00, 0x00, 0x0F, 0x10, 0x04, 0x11, 0x48, 0x83,
                0xC1, 0x10, 0xF6, 0xC1, 0x0F, 0x74, 0x12, 0x48, 0x83, 0xE1, 0xF0, 0x0F,
                0x10, 0x0C, 0x11, 0x0F, 0x11, 0x00, 0x0F, 0x28, 0xC1, 0x48, 0x83, 0xC1,
                0x10, 0x4C, 0x03, 0xC0, 0x4C, 0x2B, 0xC1, 0x4D, 0x8B, 0xC8, 0x49, 0xC1,
                0xE9, 0x06, 0x74, 0x6F, 0x49, 0x81, 0xF9, 0x00, 0x10, 0x00, 0x00, 0x0F,
                0x87, 0xB3, 0x00, 0x00, 0x00, 0x49, 0x83, 0xE0, 0x3F, 0xEB, 0x2D, 0x66,
                0x66, 0x66, 0x66, 0x66, 0x66, 0x66, 0x0F, 0x1F, 0x84, 0x00, 0x00, 0x00,
                0x00, 0x00, 0x66, 0x66, 0x66, 0x66, 0x66, 0x66, 0x66, 0x0F, 0x1F, 0x84,
                0x00, 0x00, 0x00, 0x00, 0x00, 0x66, 0x66, 0x66, 0x66, 0x66, 0x66, 0x66,
                0x0F, 0x1F, 0x84, 0x00, 0x00, 0x00, 0x00, 0x00, 0x0F, 0x10, 0x0C, 0x11,
                0x0F, 0x10, 0x54, 0x11, 0x10, 0x0F, 0x10, 0x5C, 0x11, 0x20, 0x0F, 0x10,
                0x64, 0x11, 0x30, 0x0F, 0x29, 0x41, 0xF0, 0x48, 0x83, 0xC1, 0x40, 0x49,
                0xFF, 0xC9, 0x0F, 0x29, 0x49, 0xC0, 0x0F, 0x29, 0x51, 0xD0, 0x0F, 0x29,
                0x59, 0xE0, 0x0F, 0x28, 0xC4, 0x75, 0xD1, 0x4D, 0x8B, 0xC8, 0x49, 0xC1,
                0xE9, 0x04, 0x74, 0x19, 0x0F, 0x1F, 0x84, 0x00, 0x00, 0x00, 0x00, 0x00,
                0x0F, 0x29, 0x41, 0xF0, 0x0F, 0x10, 0x04, 0x11, 0x48, 0x83, 0xC1, 0x10,
                0x49, 0xFF, 0xC9, 0x75, 0xEF, 0x49, 0x83, 0xE0, 0x0F, 0x74, 0x0E, 0x4E,
                0x8D, 0x5C, 0x01, 0xF0, 0x41, 0x0F, 0x10, 0x0C, 0x13, 0x41, 0x0F, 0x11,
                0x0B, 0x0F, 0x29, 0x41, 0xF0, 0xC3, 0x66, 0x66, 0x66, 0x66, 0x66, 0x66,
                0x66, 0x0F, 0x1F, 0x84, 0x00, 0x00, 0x00, 0x00, 0x00, 0x0F, 0x1F, 0x80,
                0x00, 0x00, 0x00, 0x00, 0x4D, 0x8B, 0xC8, 0x49, 0xC1, 0xE9, 0x06, 0x49,
                0x83, 0xE0, 0x3F, 0x0F, 0x18, 0x44, 0x11, 0x40, 0xEB, 0x2E, 0x66, 0x66,
                0x66, 0x66, 0x66, 0x66, 0x66, 0x0F, 0x1F, 0x84, 0x00, 0x00, 0x00, 0x00,
                0x00, 0x66, 0x66, 0x66, 0x66, 0x66, 0x66, 0x66, 0x0F, 0x1F, 0x84, 0x00,
                0x00, 0x00, 0x00, 0x00, 0x66, 0x66, 0x66, 0x66, 0x66, 0x66, 0x66, 0x0F,
                0x1F, 0x84, 0x00, 0x00, 0x00, 0x00, 0x00, 0x90, 0x0F, 0x10, 0x0C, 0x11,
                0x0F, 0x10, 0x54, 0x11, 0x10, 0x0F, 0x10, 0x5C, 0x11, 0x20, 0x0F, 0x10,
                0x64, 0x11, 0x30, 0x0F, 0x2B, 0x41, 0xF0, 0x48, 0x83, 0xC1, 0x40, 0x0F,
                0x18, 0x44, 0x11, 0x40, 0x49, 0xFF, 0xC9, 0x0F, 0x2B, 0x49, 0xC0, 0x0F,
                0x2B, 0x51, 0xD0, 0x0F, 0x2B, 0x59, 0xE0, 0x0F, 0x28, 0xC4, 0x75, 0xCC,
                0x0F, 0xAE, 0xF8, 0xE9, 0x33, 0xFF, 0xFF, 0xFF, 0x0F, 0x1F, 0x40, 0x00,
                0x49, 0x03, 0xC8, 0x0F, 0x10, 0x44, 0x11, 0xF0, 0x48, 0x83, 0xE9, 0x10,
                0x49, 0x83, 0xE8, 0x10, 0xF6, 0xC1, 0x0F, 0x74, 0x18, 0x4C, 0x8B, 0xD9,
                0x48, 0x83, 0xE1, 0xF0, 0x0F, 0x10, 0x0C, 0x11, 0x41, 0x0F, 0x11, 0x03,
                0x0F, 0x28, 0xC1, 0x4C, 0x8B, 0xC1, 0x4C, 0x2B, 0xC0, 0x4D, 0x8B, 0xC8,
                0x49, 0xC1, 0xE9, 0x06, 0x74, 0x39, 0x49, 0x83, 0xE0, 0x3F, 0xEB, 0x04,
                0x0F, 0x1F, 0x40, 0x00, 0x0F, 0x10, 0x4C, 0x11, 0xF0, 0x0F, 0x10, 0x54,
                0x11, 0xE0, 0x0F, 0x10, 0x5C, 0x11, 0xD0, 0x0F, 0x10, 0x64, 0x11, 0xC0,
                0x0F, 0x29, 0x01, 0x48, 0x83, 0xE9, 0x40, 0x49, 0xFF, 0xC9, 0x0F, 0x29,
                0x49, 0x30, 0x0F, 0x29, 0x51, 0x20, 0x0F, 0x29, 0x59, 0x10, 0x0F, 0x28,
                0xC4, 0x75, 0xD1, 0x4D, 0x8B, 0xC8, 0x49, 0xC1, 0xE9, 0x04, 0x74, 0x19,
                0x0F, 0x1F, 0x84, 0x00, 0x00, 0x00, 0x00, 0x00, 0x0F, 0x29, 0x01, 0x0F,
                0x10, 0x44, 0x11, 0xF0, 0x48, 0x83, 0xE9, 0x10, 0x49, 0xFF, 0xC9, 0x75,
                0xEF, 0x49, 0x83, 0xE0, 0x0F, 0x74, 0x0F, 0x4C, 0x8B, 0xD9, 0x4D, 0x2B,
                0xD8, 0x41, 0x0F, 0x10, 0x0C, 0x13, 0x41, 0x0F, 0x11, 0x0B, 0x0F, 0x29,
                0x01, 0xC3, 0xCC, 0xCC, 0xCC, 0xCC, 0xCC, 0xCC, 0xCC, 0xCC, 0xCC, 0xCC,
                0xCC, 0xCC, 0xCC, 0xCC, 0xCC, 0xCC, 0xCC, 0xCC, 0xCC, 0xCC, 0xCC, 0xCC,
                0x48, 0x8B, 0xC1, 0x0F, 0xB6, 0xD2, 0x49, 0xB9, 0x01, 0x01, 0x01, 0x01,
                0x01, 0x01, 0x01, 0x01, 0x49, 0x0F, 0xAF, 0xD1, 0x66, 0x48, 0x0F, 0x6E,
                0xC2, 0x0F, 0x16, 0xC0, 0x49, 0x83, 0xF8, 0x40, 0x72, 0x6E, 0xF6, 0x05,
                0x17, 0x1B, 0x00, 0x00, 0x02, 0x74, 0x0D, 0x49, 0x81, 0xF8, 0x20, 0x03,
                0x00, 0x00, 0x0F, 0x83, 0x08, 0x01, 0x00, 0x00, 0x0F, 0x11, 0x01, 0x4C,
                0x03, 0xC1, 0x48, 0x83, 0xC1, 0x10, 0x48, 0x83, 0xE1, 0xF0, 0x4C, 0x2B,
                0xC1, 0x49, 0x83, 0xF8, 0x40, 0x72, 0x47, 0x4A, 0x8D, 0x54, 0x01, 0xF0,
                0x4E, 0x8D, 0x4C, 0x01, 0xD0, 0x49, 0x83, 0xE1, 0xF0, 0x49, 0xC1, 0xE8,
                0x06, 0x0F, 0x29, 0x01, 0x0F, 0x29, 0x41, 0x10, 0x48, 0x83, 0xC1, 0x40,
                0x49, 0xFF, 0xC8, 0x0F, 0x29, 0x41, 0xE0, 0x0F, 0x29, 0x41, 0xF0, 0x75,
                0xE8, 0x41, 0x0F, 0x29, 0x01, 0x41, 0x0F, 0x29, 0x41, 0x10, 0x41, 0x0F,
                0x29, 0x41, 0x20, 0x0F, 0x11, 0x02, 0xC3, 0x0F, 0x1F, 0x44, 0x00, 0x00,
                0x49, 0x83, 0xF8, 0x10, 0x72, 0x2A, 0x4D, 0x8D, 0x4C, 0x08, 0xF0, 0x49,
                0x83, 0xE0, 0x20, 0x0F, 0x11, 0x01, 0x49, 0xD1, 0xE8, 0x41, 0x0F, 0x11,
                0x01, 0x42, 0x0F, 0x11, 0x04, 0x01, 0x49, 0xF7, 0xD8, 0x43, 0x0F, 0x11,
                0x04, 0x01, 0xC3, 0x66, 0x0F, 0x1F, 0x84, 0x00, 0x00, 0x00, 0x00, 0x00,
                0x49, 0x83, 0xF8, 0x04, 0x72, 0x2A, 0x4D, 0x8D, 0x4C, 0x08, 0xFC, 0x49,
                0x83, 0xE0, 0x08, 0x89, 0x11, 0x49, 0xD1, 0xE8, 0x41, 0x89, 0x11, 0x42,
                0x89, 0x14, 0x01, 0x49, 0xF7, 0xD8, 0x43, 0x89, 0x14, 0x01, 0xC3, 0x66,
                0x66, 0x66, 0x66, 0x66, 0x0F, 0x1F, 0x84, 0x00, 0x00, 0x00, 0x00, 0x00,
                0x4D, 0x85, 0xC0, 0x74, 0x11, 0x88, 0x11, 0x4E, 0x8D, 0x4C, 0x01, 0xFE,
                0x49, 0x83, 0xF8, 0x01, 0x74, 0x04, 0x66, 0x41, 0x89, 0x11, 0xC3, 0xCC,
                0xCC, 0xCC, 0xCC, 0xCC, 0xCC, 0xCC, 0xCC, 0xCC, 0xCC, 0xCC, 0xCC, 0xCC,
                0xCC, 0xCC, 0xCC, 0xCC, 0xCC, 0xCC, 0xCC, 0xCC, 0xCC, 0xCC, 0xCC, 0xCC,
                0xCC, 0xCC, 0xCC, 0xCC, 0xCC, 0xCC, 0xCC, 0xCC, 0xCC, 0xCC, 0xCC, 0xCC,
                0xCC, 0xCC, 0xCC, 0xCC, 0xCC, 0xCC, 0xCC, 0xCC, 0xCC, 0xCC, 0xCC, 0xCC,
                0xCC, 0xCC, 0xCC, 0xCC, 0xCC, 0xCC, 0xCC, 0xCC, 0x57, 0xF6, 0x05, 0xF8,
                0x19, 0x00, 0x00, 0x01, 0x74, 0x32, 0x48, 0x8B, 0xF9, 0x4C, 0x03, 0xC1,
                0x0F, 0x11, 0x01, 0x48, 0x83, 0xC7, 0x40, 0x0F, 0x11, 0x41, 0x10, 0x48,
                0x83, 0xE7, 0xC0, 0x0F, 0x11, 0x41, 0x20, 0x4C, 0x2B, 0xC7, 0x0F, 0x11,
                0x41, 0x30, 0x49, 0x8B, 0xC8, 0x4C, 0x8B, 0xC8, 0x66, 0x48, 0x0F, 0x7E,
                0xC0, 0xF3, 0xAA, 0x49, 0x8B, 0xC1, 0x5F, 0xC3, 0xE8, 0x3F, 0x00, 0x00,
                0x00, 0xEB, 0xC7, 0xCC, 0xCC, 0xCC, 0xCC, 0xCC, 0xCC, 0xCC, 0xCC, 0xCC,
                0xCC, 0xCC, 0xCC, 0xCC, 0xCC, 0xCC, 0xCC, 0xCC, 0xCC, 0xCC, 0xCC, 0xCC,
                0xCC, 0xCC, 0xCC, 0xCC, 0xCC, 0xCC, 0xCC, 0xCC, 0xCC, 0xCC, 0xCC, 0xCC,
                0xCC, 0xCC, 0xCC, 0xCC, 0xCC, 0xCC, 0xCC, 0xCC, 0xCC, 0xCC, 0xCC, 0xCC,
                0xCC, 0xCC, 0xCC, 0xCC, 0xCC, 0xCC, 0xCC, 0xCC, 0xCC, 0xCC, 0xCC, 0xCC,
                0xCC, 0xCC, 0xCC, 0xCC, 0x41, 0x51, 0x41, 0x50, 0x52, 0x51, 0x50, 0x48,
                0x83, 0xEC, 0x30, 0x0F, 0x29, 0x44, 0x24, 0x20, 0xE8, 0xCB, 0xF9, 0xFF,
                0xFF, 0x0F, 0x28, 0x44, 0x24, 0x20, 0x48, 0x83, 0xC4, 0x30, 0x58, 0x59,
                0x5A, 0x41, 0x58, 0x41, 0x59, 0xC3, 0xCC, 0xCC, 0xCC, 0xCC, 0xCC, 0xCC,
                0xCC, 0xCC, 0xCC, 0xCC, 0x25, 0x6C, 0x6C, 0x75, 0x00, 0xCC, 0xCC, 0xCC,
                0xCC, 0xCC, 0xCC, 0xCC, 0xCC, 0xCC, 0xCC, 0xCC, 0x25, 0x6C, 0x75, 0x20,
                0x25, 0x6C, 0x75, 0x00, 0xCC, 0xCC, 0xCC, 0xCC, 0xCC, 0xCC, 0xCC, 0xCC,
                0x25, 0x78, 0x20, 0x25, 0x78, 0x20, 0x25, 0x78, 0x20, 0x25, 0x78, 0x20,
                0x25, 0x78, 0x00, 0xCC, 0x25, 0x78, 0x20, 0x25, 0x78, 0x20, 0x25, 0x78,
                0x20, 0x25, 0x6C, 0x6C, 0x78, 0x20, 0x25, 0x78, 0x20, 0x25, 0x78, 0x20,
                0x25, 0x75, 0x00, 0xCC, 0xCC, 0xCC, 0xCC, 0xCC, 0xCC, 0xCC, 0xCC, 0xCC,
                0x42, 0x53, 0x4F, 0x44, 0x00, 0xCC, 0xCC, 0xCC, 0xCC, 0xCC, 0xCC, 0xCC,
                0xCC, 0xCC, 0xCC, 0xCC, 0x5C, 0x00, 0x44, 0x00, 0x65, 0x00, 0x76, 0x00,
                0x69, 0x00, 0x63, 0x00, 0x65, 0x00, 0x5C, 0x00, 0x4E, 0x00, 0x5F, 0x00,
                0x42, 0x00, 0x53, 0x00, 0x4F, 0x00, 0x44, 0x00, 0x00, 0x00, 0xCC, 0xCC,
                0x5C, 0x00, 0x3F, 0x00, 0x3F, 0x00, 0x5C, 0x00, 0x42, 0x00, 0x53, 0x00,
                0x4F, 0x00, 0x44, 0x00, 0x00, 0x00, 0x40, 0x55, 0x48, 0x83, 0xEC, 0x20,
                0x48, 0x8B, 0xEA, 0xB8, 0x01, 0x00, 0x00, 0x00, 0x48, 0x83, 0xC4, 0x20,
                0x5D, 0xC3, 0xCC, 0x40, 0x55, 0x48, 0x83, 0xEC, 0x20, 0x48, 0x8B, 0xEA,
                0xB8, 0x01, 0x00, 0x00, 0x00, 0x48, 0x83, 0xC4, 0x20, 0x5D, 0xC3, 0xCC,
                0x40, 0x55, 0x48, 0x83, 0xEC, 0x20, 0x48, 0x8B, 0xEA, 0xB8, 0x01, 0x00,
                0x00, 0x00, 0x48, 0x83, 0xC4, 0x20, 0x5D, 0xC3, 0xCC, 0x40, 0x55, 0x48,
                0x83, 0xEC, 0x20, 0x48, 0x8B, 0xEA, 0xB8, 0x01, 0x00, 0x00, 0x00, 0x48,
                0x83, 0xC4, 0x20, 0x5D, 0xC3, 0xCC, 0x40, 0x55, 0x48, 0x83, 0xEC, 0x20,
                0x48, 0x8B, 0xEA, 0xB8, 0x01, 0x00, 0x00, 0x00, 0x48, 0x83, 0xC4, 0x20,
                0x5D, 0xC3, 0xCC, 0x40, 0x55, 0x48, 0x83, 0xEC, 0x20, 0x48, 0x8B, 0xEA,
                0xB8, 0x01, 0x00, 0x00, 0x00, 0x48, 0x83, 0xC4, 0x20, 0x5D, 0xC3, 0xCC,
                0x40, 0x55, 0x48, 0x83, 0xEC, 0x20, 0x48, 0x8B, 0xEA, 0xB8, 0x01, 0x00,
                0x00, 0x00, 0x48, 0x83, 0xC4, 0x20, 0x5D, 0xC3, 0xCC, 0x40, 0x55, 0x48,
                0x83, 0xEC, 0x30, 0x48, 0x8B, 0xEA, 0xB8, 0x01, 0x00, 0x00, 0x00, 0x48,
                0x83, 0xC4, 0x30, 0x5D, 0xC3, 0xCC, 0x00, 0x00, 0x00, 0x00, 0x00, 0x00,
                0x00, 0x00, 0x00, 0x00, 0x00, 0x00, 0x00, 0x00, 0x00, 0x00, 0x00, 0x00,
                0x00, 0x00, 0x00, 0x00, 0x00, 0x00, 0x00, 0x00, 0x00, 0x00, 0x00, 0x00,
                0x00, 0x00, 0x00, 0x00, 0x00, 0x00, 0x00, 0x00, 0x00, 0x00, 0x00, 0x00,
                0x00, 0x00, 0x00, 0x00, 0x00, 0x00, 0x00, 0x00, 0x00, 0x00, 0x00, 0x00,
                0x00, 0x00, 0x00, 0x00, 0x00, 0x00, 0x00, 0x00, 0x00, 0x00, 0x00, 0x00,
                0x00, 0x00, 0x00, 0x00, 0x00, 0x00, 0x00, 0x00, 0x00, 0x00, 0x00, 0x00,
                0x00, 0x00, 0x00, 0x00, 0x00, 0x00, 0x00, 0x00, 0x00, 0x00, 0x00, 0x00,
                0x00, 0x00, 0x00, 0x00, 0x00, 0x00, 0x00, 0x00, 0x00, 0x00, 0x00, 0x00,
                0x00, 0x00, 0x00, 0x00, 0x00, 0x00, 0x00, 0x00, 0x00, 0x00, 0x00, 0x00,
                0x00, 0x00, 0x00, 0x00, 0x00, 0x00, 0x00, 0x00, 0x00, 0x00, 0x00, 0x00,
                0x00, 0x00, 0x00, 0x00, 0x00, 0x00, 0x00, 0x00, 0x00, 0x00, 0x00, 0x00,
                0x00, 0x00, 0x00, 0x00, 0x00, 0x00, 0x00, 0x00, 0x00, 0x00, 0x00, 0x00,
                0x00, 0x00, 0x00, 0x00, 0x00, 0x00, 0x00, 0x00, 0x00, 0x00, 0x00, 0x00,
                0x00, 0x00, 0x00, 0x00, 0x00, 0x00, 0x00, 0x00, 0x00, 0x00, 0x00, 0x00,
                0x00, 0x00, 0x00, 0x00, 0x00, 0x00, 0x00, 0x00, 0x00, 0x00, 0x00, 0x00,
                0x00, 0x00, 0x00, 0x00, 0x00, 0x00, 0x00, 0x00, 0x00, 0x00, 0x00, 0x00,
                0x00, 0x00, 0x00, 0x00, 0x00, 0x00, 0x00, 0x00, 0x00, 0x00, 0x00, 0x00,
                0x00, 0x00, 0x00, 0x00, 0x00, 0x00, 0x00, 0x00, 0x00, 0x00, 0x00, 0x00,
                0x00, 0x00, 0x00, 0x00, 0x00, 0x00, 0x00, 0x00, 0x00, 0x00, 0x00, 0x00,
                0x00, 0x00, 0x00, 0x00, 0x00, 0x00, 0x00, 0x00, 0x00, 0x00, 0x00, 0x00,
                0x00, 0x00, 0x00, 0x00, 0x00, 0x00, 0x00, 0x00, 0x00, 0x00, 0x00, 0x00,
                0x00, 0x00, 0x00, 0x00, 0x00, 0x00, 0x00, 0x00, 0x00, 0x00, 0x00, 0x00,
                0x00, 0x00, 0x00, 0x00, 0x00, 0x00, 0x00, 0x00, 0x00, 0x00, 0x00, 0x00,
                0x00, 0x00, 0x00, 0x00, 0x00, 0x00, 0x00, 0x00, 0x00, 0x00, 0x00, 0x00,
                0x00, 0x00, 0x00, 0x00, 0x00, 0x00, 0x00, 0x00, 0x00, 0x00, 0x00, 0x00,
                0x00, 0x00, 0x00, 0x00, 0x00, 0x00, 0x00, 0x00, 0x00, 0x00, 0x00, 0x00,
                0x00, 0x00, 0x00, 0x00, 0x00, 0x00, 0x00, 0x00, 0x00, 0x00, 0x00, 0x00,
                0x00, 0x00, 0x00, 0x00, 0x00, 0x00, 0x00, 0x00, 0x00, 0x00, 0x00, 0x00,
                0x00, 0x00, 0x00, 0x00, 0x00, 0x00, 0x00, 0x00, 0x00, 0x00, 0x00, 0x00,
                0x00, 0x00, 0x00, 0x00, 0x00, 0x00, 0x00, 0x00, 0x00, 0x00, 0x00, 0x00,
                0x00, 0x00, 0x00, 0x00, 0x00, 0x00, 0x00, 0x00, 0x00, 0x00, 0x00, 0x00,
                0x00, 0x00, 0x00, 0x00, 0x00, 0x00, 0x00, 0x00, 0x00, 0x00, 0x00, 0x00,
                0x00, 0x00, 0x00, 0x00, 0x00, 0x00, 0x00, 0x00, 0x00, 0x00, 0x00, 0x00,
                0x00, 0x00, 0x00, 0x00, 0x00, 0x00, 0x00, 0x00, 0x00, 0x00, 0x00, 0x00,
                0x00, 0x00, 0x00, 0x00, 0x00, 0x00, 0x00, 0x00, 0x00, 0x00, 0x00, 0x00,
                0x00, 0x00, 0x00, 0x00, 0x00, 0x00, 0x00, 0x00, 0x00, 0x00, 0x00, 0x00,
                0x00, 0x00, 0x00, 0x00, 0x00, 0x00, 0x00, 0x00, 0x00, 0x00, 0x00, 0x00,
                0x00, 0x00, 0x00, 0x00, 0x00, 0x00, 0x00, 0x00, 0x00, 0x00, 0x00, 0x00,
                0x00, 0x00, 0x00, 0x00, 0x00, 0x00, 0x00, 0x00, 0x9E, 0x24, 0x01, 0x00,
                0x00, 0x00, 0x00, 0x00, 0x00, 0x00, 0x00, 0x00, 0x00, 0x00, 0x00, 0x00,
                0xDA, 0x24, 0x01, 0x00, 0x00, 0x00, 0x00, 0x00, 0xEE, 0x24, 0x01, 0x00,
                0x00, 0x00, 0x00, 0x00, 0x16, 0x25, 0x01, 0x00, 0x00, 0x00, 0x00, 0x00,
                0x00, 0x25, 0x01, 0x00, 0x00, 0x00, 0x00, 0x00, 0x00, 0x00, 0x00, 0x00,
                0x00, 0x00, 0x00, 0x00, 0x90, 0x22, 0x01, 0x00, 0x00, 0x00, 0x00, 0x00,
                0xA4, 0x22, 0x01, 0x00, 0x00, 0x00, 0x00, 0x00, 0xB8, 0x22, 0x01, 0x00,
                0x00, 0x00, 0x00, 0x00, 0xDE, 0x22, 0x01, 0x00, 0x00, 0x00, 0x00, 0x00,
                0x02, 0x23, 0x01, 0x00, 0x00, 0x00, 0x00, 0x00, 0x12, 0x23, 0x01, 0x00,
                0x00, 0x00, 0x00, 0x00, 0x24, 0x23, 0x01, 0x00, 0x00, 0x00, 0x00, 0x00,
                0x3C, 0x23, 0x01, 0x00, 0x00, 0x00, 0x00, 0x00, 0x50, 0x23, 0x01, 0x00,
                0x00, 0x00, 0x00, 0x00, 0x66, 0x23, 0x01, 0x00, 0x00, 0x00, 0x00, 0x00,
                0x76, 0x23, 0x01, 0x00, 0x00, 0x00, 0x00, 0x00, 0x96, 0x23, 0x01, 0x00,
                0x00, 0x00, 0x00, 0x00, 0x7C, 0x22, 0x01, 0x00, 0x00, 0x00, 0x00, 0x00,
                0xB8, 0x23, 0x01, 0x00, 0x00, 0x00, 0x00, 0x00, 0xD0, 0x23, 0x01, 0x00,
                0x00, 0x00, 0x00, 0x00, 0xE0, 0x23, 0x01, 0x00, 0x00, 0x00, 0x00, 0x00,
                0xF6, 0x23, 0x01, 0x00, 0x00, 0x00, 0x00, 0x00, 0x08, 0x24, 0x01, 0x00,
                0x00, 0x00, 0x00, 0x00, 0x20, 0x24, 0x01, 0x00, 0x00, 0x00, 0x00, 0x00,
                0x2C, 0x24, 0x01, 0x00, 0x00, 0x00, 0x00, 0x00, 0x3A, 0x24, 0x01, 0x00,
                0x00, 0x00, 0x00, 0x00, 0x46, 0x24, 0x01, 0x00, 0x00, 0x00, 0x00, 0x00,
                0x64, 0x24, 0x01, 0x00, 0x00, 0x00, 0x00, 0x00, 0x78, 0x24, 0x01, 0x00,
                0x00, 0x00, 0x00, 0x00, 0x6C, 0x22, 0x01, 0x00, 0x00, 0x00, 0x00, 0x00,
                0x4E, 0x22, 0x01, 0x00, 0x00, 0x00, 0x00, 0x00, 0x2E, 0x22, 0x01, 0x00,
                0x00, 0x00, 0x00, 0x00, 0xC2, 0x24, 0x01, 0x00, 0x00, 0x00, 0x00, 0x00,
                0x16, 0x22, 0x01, 0x00, 0x00, 0x00, 0x00, 0x00, 0x02, 0x22, 0x01, 0x00,
                0x00, 0x00, 0x00, 0x00, 0xA6, 0x23, 0x01, 0x00, 0x00, 0x00, 0x00, 0x00,
                0xF8, 0x21, 0x01, 0x00, 0x00, 0x00, 0x00, 0x00, 0x00, 0x00, 0x00, 0x00,
                0x00, 0x00, 0x00, 0x00, 0x70, 0xCF, 0x00, 0x40, 0x01, 0x00, 0x00, 0x00,
                0xE0, 0xD1, 0x00, 0x40, 0x01, 0x00, 0x00, 0x00, 0x70, 0xCF, 0x00, 0x40,
                0x01, 0x00, 0x00, 0x00, 0x00, 0xD2, 0x00, 0x40, 0x01, 0x00, 0x00, 0x00,
                0x00, 0xD2, 0x00, 0x40, 0x01, 0x00, 0x00, 0x00, 0x00, 0x00, 0x00, 0x00,
                0x00, 0x00, 0x00, 0x00, 0x00, 0x00, 0x00, 0x00, 0x00, 0x00, 0x00, 0x00,
                0x00, 0x00, 0x00, 0x00, 0x00, 0x00, 0x00, 0x00, 0x00, 0x00, 0x00, 0x00,
                0x00, 0x00, 0x00, 0x00, 0x00, 0x00, 0x00, 0x00, 0x00, 0x00, 0x00, 0x00,
                0x00, 0x00, 0x00, 0x00, 0x00, 0x00, 0x00, 0x00, 0x00, 0x00, 0x00, 0x00,
                0x00, 0x00, 0x00, 0x00, 0x00, 0x00, 0x00, 0x00, 0x00, 0x00, 0x00, 0x00,
                0x00, 0x00, 0x00, 0x00, 0x00, 0x00, 0x00, 0x00, 0x00, 0x00, 0x00, 0x00,
                0x00, 0x00, 0x00, 0x00, 0x00, 0x00, 0x00, 0x00, 0x00, 0x00, 0x00, 0x00,
                0x00, 0x00, 0x00, 0x00, 0x00, 0x00, 0x00, 0x00, 0x00, 0x00, 0x00, 0x00,
                0x00, 0x00, 0x00, 0x00, 0x00, 0x00, 0x00, 0x00, 0x00, 0x00, 0x00, 0x00,
                0x00, 0x00, 0x00, 0x00, 0x00, 0x00, 0x00, 0x00, 0x00, 0x00, 0x00, 0x00,
                0x00, 0x00, 0x00, 0x00, 0x00, 0x00, 0x00, 0x00, 0x00, 0x00, 0x00, 0x00,
                0x00, 0x00, 0x00, 0x00, 0x00, 0x00, 0x00, 0x00, 0x00, 0x00, 0x00, 0x00,
                0x00, 0x00, 0x00, 0x00, 0x00, 0x00, 0x00, 0x00, 0x00, 0x00, 0x00, 0x00,
                0x00, 0x00, 0x00, 0x00, 0x00, 0x00, 0x00, 0x00, 0x00, 0x00, 0x00, 0x00,
                0x00, 0x00, 0x00, 0x00, 0x00, 0x00, 0x00, 0x00, 0x00, 0x00, 0x00, 0x00,
                0x00, 0x00, 0x00, 0x00, 0x00, 0x00, 0x00, 0x00, 0x00, 0x00, 0x00, 0x00,
                0x00, 0x00, 0x00, 0x00, 0x00, 0x00, 0x00, 0x00, 0x00, 0x00, 0x00, 0x00,
                0x00, 0x00, 0x00, 0x00, 0x00, 0x00, 0x00, 0x00, 0x00, 0x00, 0x00, 0x00,
                0x00, 0x00, 0x00, 0x00, 0x00, 0x00, 0x00, 0x00, 0x00, 0x00, 0x00, 0x00,
                0x00, 0x00, 0x00, 0x00, 0x00, 0x00, 0x00, 0x00, 0x00, 0x00, 0x00, 0x00,
                0x00, 0x00, 0x00, 0x00, 0x00, 0x00, 0x00, 0x00, 0x00, 0x00, 0x00, 0x00,
                0x00, 0x00, 0x00, 0x00, 0x00, 0x00, 0x00, 0x00, 0x00, 0x00, 0x00, 0x00,
                0x00, 0x00, 0x00, 0x00, 0x00, 0x00, 0x00, 0x00, 0x00, 0x00, 0x00, 0x00,
                0x00, 0x00, 0x00, 0x00, 0x00, 0x00, 0x00, 0x00, 0x00, 0x00, 0x00, 0x00,
                0x00, 0x00, 0x00, 0x00, 0x00, 0x00, 0x00, 0x00, 0x00, 0x00, 0x00, 0x00,
                0x00, 0x00, 0x00, 0x00, 0x00, 0x00, 0x00, 0x00, 0x00, 0x00, 0x00, 0x00,
                0x00, 0x00, 0x00, 0x00, 0x00, 0x00, 0x00, 0x00, 0x00, 0x00, 0x00, 0x00,
                0x00, 0x00, 0x00, 0x00, 0x00, 0x00, 0x00, 0x00, 0x00, 0x00, 0x00, 0x00,
                0x00, 0x00, 0x00, 0x00, 0x00, 0x10, 0x00, 0x00, 0x30, 0x10, 0x00, 0x00,
                0x40, 0x10, 0x00, 0x00, 0x70, 0x10, 0x00, 0x00, 0xA0, 0x11, 0x00, 0x00,
                0xD0, 0x11, 0x00, 0x00, 0x50, 0x12, 0x00, 0x00, 0xE0, 0x12, 0x00, 0x00,
                0x50, 0x13, 0x00, 0x00, 0x20, 0x14, 0x00, 0x00, 0x80, 0x15, 0x00, 0x00,
                0x50, 0x56, 0x00, 0x00, 0x00, 0x97, 0x00, 0x00, 0x30, 0x9F, 0x00, 0x00,
                0xD0, 0xA3, 0x00, 0x00, 0xC0, 0xCC, 0x00, 0x00, 0x00, 0xCF, 0x00, 0x00,
                0x70, 0xCF, 0x00, 0x00, 0xA0, 0xD0, 0x00, 0x00, 0x60, 0xD1, 0x00, 0x00,
                0x70, 0xD1, 0x00, 0x00, 0x80, 0xD1, 0x00, 0x00, 0x90, 0xD1, 0x00, 0x00,
                0x40, 0xD6, 0x00, 0x00, 0xC0, 0xD6, 0x00, 0x00, 0x00, 0x20, 0x01, 0x00,
                0x58, 0xE0, 0x00, 0x00, 0x00, 0x00, 0x00, 0x00, 0x00, 0x00, 0x00, 0x00,
                0x00, 0x00, 0x00, 0x00, 0x7E, 0x81, 0xA5, 0x81, 0xBD, 0x99, 0x81, 0x7E,
                0x7E, 0xFF, 0xDB, 0xFF, 0xC3, 0xE7, 0xFF, 0x7E, 0x6C, 0xFE, 0xFE, 0xFE,
                0x7C, 0x38, 0x10, 0x00, 0x10, 0x38, 0x7C, 0xFE, 0x7C, 0x38, 0x10, 0x00,
                0x38, 0x7C, 0x38, 0xFE, 0xFE, 0x7C, 0x38, 0x7C, 0x10, 0x10, 0x38, 0x7C,
                0xFE, 0x7C, 0x10, 0x38, 0x00, 0x00, 0x18, 0x3C, 0x3C, 0x18, 0x00, 0x00,
                0xFF, 0xFF, 0xE7, 0xC3, 0xC3, 0xE7, 0xFF, 0xFF, 0x00, 0x3C, 0x66, 0x42,
                0x42, 0x66, 0x3C, 0x00, 0xFF, 0xC3, 0x99, 0xBD, 0xBD, 0x99, 0xC3, 0xFF,
                0x0F, 0x03, 0x0F, 0x3E, 0x66, 0x66, 0x3C, 0x00, 0x3F, 0x33, 0x3F, 0x30,
                0x30, 0x70, 0xF0, 0xE0, 0x7F, 0x63, 0x7F, 0x63, 0x63, 0x67, 0xE6, 0xC0,
                0x99, 0x5A, 0x3C, 0xE7, 0xE7, 0x3C, 0x5A, 0x99, 0x80, 0xE0, 0xF8, 0xFE,
                0xF8, 0xE0, 0x80, 0x00, 0x02, 0x0E, 0x3E, 0xFE, 0x3E, 0x0E, 0x02, 0x00,
                0x18, 0x3C, 0x7E, 0x18, 0x18, 0x7E, 0x3C, 0x18, 0x66, 0x66, 0x66, 0x66,
                0x66, 0x00, 0x66, 0x00, 0x7F, 0xDB, 0xDB, 0x7B, 0x1B, 0x1B, 0x1B, 0x00,
                0x3E, 0x63, 0x38, 0x6C, 0x6C, 0x38, 0xCC, 0x78, 0x00, 0x00, 0x00, 0x00,
                0x00, 0x00, 0x00, 0x00, 0x18, 0x3C, 0x7E, 0x18, 0x7E, 0x3C, 0x18, 0xFF,
                0x18, 0x3C, 0x7E, 0x18, 0x18, 0x18, 0x18, 0x00, 0x18, 0x18, 0x18, 0x18,
                0x7E, 0x3C, 0x18, 0x00, 0x00, 0x18, 0x0C, 0xFE, 0x0C, 0x18, 0x00, 0x00,
                0x00, 0x30, 0x60, 0xFE, 0x60, 0x30, 0x00, 0x00, 0x00, 0x00, 0xC0, 0xC0,
                0xFE, 0x00, 0x00, 0x00, 0x00, 0x24, 0x66, 0xFF, 0x66, 0x24, 0x00, 0x00,
                0x00, 0x18, 0x3C, 0x7E, 0xFF, 0xFF, 0x00, 0x00, 0x00, 0xFF, 0xFF, 0x7E,
                0x3C, 0x18, 0x00, 0x00, 0x00, 0x00, 0x00, 0x00, 0x00, 0x00, 0x00, 0x00,
                0x18, 0x18, 0x18, 0x18, 0x18, 0x00, 0x18, 0x00, 0x66, 0x66, 0x00, 0x00,
                0x00, 0x00, 0x00, 0x00, 0x66, 0x66, 0xFF, 0x66, 0xFF, 0x66, 0x66, 0x00,
                0x18, 0x7E, 0xC0, 0x7C, 0x06, 0xFC, 0x18, 0x00, 0x62, 0x66, 0x0C, 0x18,
                0x30, 0x66, 0x46, 0x00, 0x3C, 0x66, 0x3C, 0x38, 0x67, 0x66, 0x3F, 0x00,
                0x06, 0x0C, 0x18, 0x00, 0x00, 0x00, 0x00, 0x00, 0x0C, 0x18, 0x30, 0x30,
                0x30, 0x18, 0x0C, 0x00, 0x30, 0x18, 0x0C, 0x0C, 0x0C, 0x18, 0x30, 0x00,
                0x00, 0x66, 0x3C, 0xFF, 0x3C, 0x66, 0x00, 0x00, 0x00, 0x18, 0x18, 0x7E,
                0x18, 0x18, 0x00, 0x00, 0x00, 0x00, 0x00, 0x00, 0x00, 0x18, 0x18, 0x30,
                0x00, 0x00, 0x00, 0x7E, 0x00, 0x00, 0x00, 0x00, 0x00, 0x00, 0x00, 0x00,
                0x00, 0x18, 0x18, 0x00, 0x06, 0x0C, 0x18, 0x30, 0x60, 0xC0, 0x80, 0x00,
                0x3C, 0x66, 0x6E, 0x76, 0x66, 0x66, 0x3C, 0x00, 0x18, 0x38, 0x18, 0x18,
                0x18, 0x18, 0x7E, 0x00, 0x3C, 0x66, 0x06, 0x0C, 0x18, 0x30, 0x7E, 0x00,
                0x3C, 0x66, 0x06, 0x1C, 0x06, 0x66, 0x3C, 0x00, 0x0C, 0x1C, 0x3C, 0x6C,
                0x7E, 0x0C, 0x0C, 0x00, 0x7E, 0x60, 0x7C, 0x06, 0x06, 0x66, 0x3C, 0x00,
                0x1C, 0x30, 0x60, 0x7C, 0x66, 0x66, 0x3C, 0x00, 0x7E, 0x66, 0x06, 0x0C,
                0x18, 0x18, 0x18, 0x00, 0x3C, 0x66, 0x66, 0x3C, 0x66, 0x66, 0x3C, 0x00,
                0x3C, 0x66, 0x66, 0x3E, 0x06, 0x0C, 0x38, 0x00, 0x00, 0x18, 0x18, 0x00,
                0x00, 0x18, 0x18, 0x00, 0x00, 0x18, 0x18, 0x00, 0x00, 0x18, 0x18, 0x30,
                0x0C, 0x18, 0x30, 0x60, 0x30, 0x18, 0x0C, 0x00, 0x00, 0x00, 0x7E, 0x00,
                0x00, 0x7E, 0x00, 0x00, 0x30, 0x18, 0x0C, 0x06, 0x0C, 0x18, 0x30, 0x00,
                0x3C, 0x66, 0x06, 0x0C, 0x18, 0x00, 0x18, 0x00, 0x3C, 0x66, 0x6E, 0x6A,
                0x6E, 0x60, 0x3C, 0x00, 0x18, 0x3C, 0x66, 0x66, 0x7E, 0x66, 0x66, 0x00,
                0x7C, 0x66, 0x66, 0x7C, 0x66, 0x66, 0x7C, 0x00, 0x3C, 0x66, 0x60, 0x60,
                0x60, 0x66, 0x3C, 0x00, 0x78, 0x6C, 0x66, 0x66, 0x66, 0x6C, 0x78, 0x00,
                0x7E, 0x60, 0x60, 0x7C, 0x60, 0x60, 0x7E, 0x00, 0x7E, 0x60, 0x60, 0x7C,
                0x60, 0x60, 0x60, 0x00, 0x3C, 0x66, 0x60, 0x6E, 0x66, 0x66, 0x3C, 0x00,
                0x66, 0x66, 0x66, 0x7E, 0x66, 0x66, 0x66, 0x00, 0x3C, 0x18, 0x18, 0x18,
                0x18, 0x18, 0x3C, 0x00, 0x1E, 0x0C, 0x0C, 0x0C, 0x0C, 0x6C, 0x38, 0x00,
                0x66, 0x6C, 0x78, 0x70, 0x78, 0x6C, 0x66, 0x00, 0x60, 0x60, 0x60, 0x60,
                0x60, 0x60, 0x7E, 0x00, 0x63, 0x77, 0x7F, 0x6B, 0x63, 0x63, 0x63, 0x00,
                0x66, 0x76, 0x7E, 0x7E, 0x6E, 0x66, 0x66, 0x00, 0x3C, 0x66, 0x66, 0x66,
                0x66, 0x66, 0x3C, 0x00, 0x7C, 0x66, 0x66, 0x7C, 0x60, 0x60, 0x60, 0x00,
                0x3C, 0x66, 0x66, 0x66, 0x6E, 0x3C, 0x0E, 0x00, 0x7C, 0x66, 0x66, 0x7C,
                0x78, 0x6C, 0x66, 0x00, 0x3C, 0x66, 0x60, 0x3C, 0x06, 0x66, 0x3C, 0x00,
                0x7E, 0x5A, 0x18, 0x18, 0x18, 0x18, 0x3C, 0x00, 0x66, 0x66, 0x66, 0x66,
                0x66, 0x66, 0x3C, 0x00, 0x66, 0x66, 0x66, 0x66, 0x66, 0x3C, 0x18, 0x00,
                0x63, 0x63, 0x63, 0x6B, 0x7F, 0x77, 0x63, 0x00, 0x66, 0x66, 0x3C, 0x18,
                0x3C, 0x66, 0x66, 0x00, 0x66, 0x66, 0x66, 0x3C, 0x18, 0x18, 0x3C, 0x00,
                0x7E, 0x06, 0x0C, 0x18, 0x30, 0x60, 0x7E, 0x00, 0x3C, 0x30, 0x30, 0x30,
                0x30, 0x30, 0x3C, 0x00, 0xC0, 0x60, 0x30, 0x18, 0x0C, 0x06, 0x03, 0x00,
                0x3C, 0x0C, 0x0C, 0x0C, 0x0C, 0x0C, 0x3C, 0x00, 0x10, 0x38, 0x6C, 0xC6,
                0x00, 0x00, 0x00, 0x00, 0x00, 0x00, 0x00, 0x00, 0x00, 0x00, 0x00, 0xFF,
                0x30, 0x18, 0x0C, 0x00, 0x00, 0x00, 0x00, 0x00, 0x00, 0x00, 0x3C, 0x06,
                0x3E, 0x66, 0x3E, 0x00, 0x60, 0x60, 0x7C, 0x66, 0x66, 0x66, 0x7C, 0x00,
                0x00, 0x00, 0x3C, 0x66, 0x60, 0x66, 0x3C, 0x00, 0x06, 0x06, 0x3E, 0x66,
                0x66, 0x66, 0x3E, 0x00, 0x00, 0x00, 0x3C, 0x66, 0x7E, 0x60, 0x3C, 0x00,
                0x1C, 0x36, 0x30, 0x7C, 0x30, 0x30, 0x30, 0x00, 0x00, 0x00, 0x3E, 0x66,
                0x66, 0x3E, 0x06, 0x7C, 0x60, 0x60, 0x7C, 0x66, 0x66, 0x66, 0x66, 0x00,
                0x18, 0x00, 0x38, 0x18, 0x18, 0x18, 0x3C, 0x00, 0x06, 0x00, 0x0E, 0x06,
                0x06, 0x66, 0x66, 0x3C, 0x60, 0x60, 0x66, 0x6C, 0x78, 0x6C, 0x66, 0x00,
                0x38, 0x18, 0x18, 0x18, 0x18, 0x18, 0x3C, 0x00, 0x00, 0x00, 0x66, 0x7F,
                0x7F, 0x6B, 0x63, 0x00, 0x00, 0x00, 0x7C, 0x66, 0x66, 0x66, 0x66, 0x00,
                0x00, 0x00, 0x3C, 0x66, 0x66, 0x66, 0x3C, 0x00, 0x00, 0x00, 0x7C, 0x66,
                0x66, 0x7C, 0x60, 0x60, 0x00, 0x00, 0x3E, 0x66, 0x66, 0x3E, 0x06, 0x06,
                0x00, 0x00, 0x6C, 0x76, 0x60, 0x60, 0x60, 0x00, 0x00, 0x00, 0x3E, 0x60,
                0x3C, 0x06, 0x7C, 0x00, 0x30, 0x30, 0x7C, 0x30, 0x30, 0x36, 0x1C, 0x00,
                0x00, 0x00, 0x66, 0x66, 0x66, 0x66, 0x3E, 0x00, 0x00, 0x00, 0x66, 0x66,
                0x66, 0x3C, 0x18, 0x00, 0x00, 0x00, 0x63, 0x6B, 0x7F, 0x7F, 0x36, 0x00,
                0x00, 0x00, 0x66, 0x3C, 0x18, 0x3C, 0x66, 0x00, 0x00, 0x00, 0x66, 0x66,
                0x66, 0x3E, 0x06, 0x7C, 0x00, 0x00, 0x7E, 0x0C, 0x18, 0x30, 0x7E, 0x00,
                0x0E, 0x18, 0x18, 0x70, 0x18, 0x18, 0x0E, 0x00, 0x18, 0x18, 0x18, 0x18,
                0x18, 0x18, 0x18, 0x00, 0x70, 0x18, 0x18, 0x0E, 0x18, 0x18, 0x70, 0x00,
                0x32, 0x4C, 0x00, 0x00, 0x00, 0x00, 0x00, 0x00, 0x00, 0x10, 0x38, 0x6C,
                0xC6, 0xC6, 0xFE, 0x00, 0x00, 0x00, 0x00, 0x00, 0x00, 0x00, 0x00, 0x00,
                0x4B, 0x00, 0x6D, 0x00, 0x64, 0x00, 0x66, 0x00, 0x4C, 0x00, 0x69, 0x00,
                0x62, 0x00, 0x72, 0x00, 0x61, 0x00, 0x72, 0x00, 0x79, 0x00, 0x00, 0x00,
                0x00, 0x00, 0x00, 0x00, 0x00, 0x00, 0x00, 0x00, 0x48, 0x01, 0x00, 0x00,
                0x00, 0x00, 0x00, 0x00, 0x00, 0x00, 0x00, 0x00, 0x00, 0x00, 0x00, 0x00,
                0x00, 0x00, 0x00, 0x00, 0x00, 0x00, 0x00, 0x00, 0x00, 0x00, 0x00, 0x00,
                0x00, 0x00, 0x00, 0x00, 0x00, 0x00, 0x00, 0x00, 0x00, 0x00, 0x00, 0x00,
                0x00, 0x00, 0x00, 0x00, 0x00, 0x00, 0x00, 0x00, 0x00, 0x00, 0x00, 0x00,
                0x00, 0x00, 0x00, 0x00, 0x00, 0x00, 0x00, 0x00, 0x00, 0x00, 0x00, 0x00,
                0x00, 0x00, 0x00, 0x00, 0x00, 0x00, 0x00, 0x00, 0x00, 0x00, 0x00, 0x00,
                0x00, 0x00, 0x00, 0x00, 0x00, 0x00, 0x00, 0x00, 0x00, 0x00, 0x00, 0x00,
                0x00, 0xF0, 0x00, 0x40, 0x01, 0x00, 0x00, 0x00, 0x00, 0x00, 0x00, 0x00,
                0x00, 0x00, 0x00, 0x00, 0x00, 0x00, 0x00, 0x00, 0x00, 0x00, 0x00, 0x00,
                0x40, 0xE1, 0x00, 0x40, 0x01, 0x00, 0x00, 0x00, 0x48, 0xE1, 0x00, 0x40,
                0x01, 0x00, 0x00, 0x00, 0xC0, 0xE2, 0x00, 0x40, 0x01, 0x00, 0x00, 0x00,
                0x1A, 0x00, 0x00, 0x00, 0x00, 0x00, 0x00, 0x00, 0x00, 0x45, 0x01, 0x00,
                0x00, 0x00, 0x00, 0x00, 0x00, 0x00, 0x00, 0x00, 0x00, 0x00, 0x00, 0x00,
                0x28, 0xE3, 0x00, 0x40, 0x01, 0x00, 0x00, 0x00, 0x01, 0x00, 0x00, 0x00,
                0x00, 0x00, 0x00, 0x00, 0x00, 0x00, 0x00, 0x00, 0x00, 0x00, 0x00, 0x00,
                0x00, 0x00, 0x00, 0x00, 0x00, 0x00, 0x00, 0x00, 0x00, 0x00, 0x00, 0x00,
                0x00, 0x00, 0x00, 0x00, 0x00, 0x00, 0x00, 0x00, 0x00, 0x00, 0x00, 0x00,
                0x00, 0x00, 0x00, 0x00, 0x00, 0x00, 0x00, 0x00, 0x00, 0x00, 0x00, 0x00,
                0x00, 0x00, 0x00, 0x00, 0x00, 0x00, 0x00, 0x00, 0x00, 0x00, 0x00, 0x00,
                0x00, 0x00, 0x00, 0x00, 0x00, 0x00, 0x00, 0x00, 0x00, 0x00, 0x00, 0x00,
                0x00, 0x00, 0x00, 0x00, 0x00, 0x00, 0x00, 0x00, 0x00, 0x00, 0x00, 0x00,
                0x00, 0x00, 0x00, 0x00, 0x00, 0x00, 0x00, 0x00, 0x00, 0x00, 0x00, 0x00,
                0x00, 0x00, 0x00, 0x00, 0x00, 0x00, 0x00, 0x00, 0x00, 0x00, 0x00, 0x00,
                0x50, 0xE1, 0x00, 0x40, 0x01, 0x00, 0x00, 0x00, 0x58, 0xE1, 0x00, 0x40,
                0x01, 0x00, 0x00, 0x00, 0x60, 0xE1, 0x00, 0x40, 0x01, 0x00, 0x00, 0x00,
                0x68, 0xE1, 0x00, 0x40, 0x01, 0x00, 0x00, 0x00, 0x00, 0x00, 0x00, 0x00,
                0x00, 0x00, 0x00, 0x00, 0x70, 0xE1, 0x00, 0x40, 0x01, 0x00, 0x00, 0x00,
                0x00, 0x00, 0x00, 0x00, 0x7A, 0x77, 0x81, 0x6A, 0x00, 0x00, 0x00, 0x00,
                0x0D, 0x00, 0x00, 0x00, 0x00, 0x02, 0x00, 0x00, 0x00, 0xE9, 0x00, 0x00,
                0x00, 0xD7, 0x00, 0x00, 0x00, 0x00, 0x00, 0x00, 0x00, 0x00, 0x00, 0x00,
                0x00, 0x00, 0x00, 0x00, 0x00, 0x00, 0x00, 0x00, 0x00, 0x00, 0x00, 0x00,
                0x00, 0x00, 0x00, 0x00, 0x00, 0x00, 0x00, 0x00, 0x00, 0x00, 0x00, 0x00,
                0x00, 0x00, 0x00, 0x00, 0x00, 0x00, 0x00, 0x00, 0x00, 0x00, 0x00, 0x00,
                0x00, 0x00, 0x00, 0x00, 0x00, 0x00, 0x00, 0x00, 0x00, 0x00, 0x00, 0x00,
                0x00, 0x00, 0x00, 0x00, 0x00, 0x00, 0x00, 0x00, 0x00, 0x00, 0x00, 0x00,
                0x00, 0x00, 0x00, 0x00, 0x00, 0x00, 0x00, 0x00, 0x00, 0x00, 0x00, 0x00,
                0x00, 0x10, 0x00, 0x00, 0x50, 0x03, 0x00, 0x00, 0x2E, 0x74, 0x65, 0x78,
                0x74, 0x00, 0x00, 0x00, 0x50, 0x13, 0x00, 0x00, 0x50, 0xBE, 0x00, 0x00,
                0x2E, 0x74, 0x65, 0x78, 0x74, 0x24, 0x6D, 0x6E, 0x00, 0x00, 0x00, 0x00,
                0xA0, 0xD1, 0x00, 0x00, 0xA0, 0x00, 0x00, 0x00, 0x2E, 0x74, 0x65, 0x78,
                0x74, 0x24, 0x6D, 0x6E, 0x24, 0x30, 0x30, 0x00, 0x40, 0xD2, 0x00, 0x00,
                0xB0, 0x04, 0x00, 0x00, 0x2E, 0x74, 0x65, 0x78, 0x74, 0x24, 0x6D, 0x6E,
                0x24, 0x32, 0x31, 0x00, 0xF0, 0xD6, 0x00, 0x00, 0x92, 0x00, 0x00, 0x00,
                0x2E, 0x74, 0x65, 0x78, 0x74, 0x24, 0x73, 0x00, 0x82, 0xD7, 0x00, 0x00,
                0xA8, 0x00, 0x00, 0x00, 0x2E, 0x74, 0x65, 0x78, 0x74, 0x24, 0x78, 0x00,
                0x00, 0xE0, 0x00, 0x00, 0x40, 0x01, 0x00, 0x00, 0x2E, 0x69, 0x64, 0x61,
                0x74, 0x61, 0x24, 0x35, 0x00, 0x00, 0x00, 0x00, 0x40, 0xE1, 0x00, 0x00,
                0x80, 0x01, 0x00, 0x00, 0x2E, 0x30, 0x30, 0x63, 0x66, 0x67, 0x00, 0x00,
                0xC0, 0xE2, 0x00, 0x00, 0x68, 0x00, 0x00, 0x00, 0x2E, 0x67, 0x66, 0x69,
                0x64, 0x73, 0x00, 0x00, 0x28, 0xE3, 0x00, 0x00, 0x08, 0x00, 0x00, 0x00,
                0x2E, 0x67, 0x69, 0x61, 0x74, 0x73, 0x00, 0x00, 0x30, 0xE3, 0x00, 0x00,
                0xD0, 0x05, 0x00, 0x00, 0x2E, 0x72, 0x64, 0x61, 0x74, 0x61, 0x00, 0x00,
                0x00, 0xE9, 0x00, 0x00, 0x28, 0x02, 0x00, 0x00, 0x2E, 0x72, 0x64, 0x61,
                0x74, 0x61, 0x24, 0x7A, 0x7A, 0x7A, 0x64, 0x62, 0x67, 0x00, 0x00, 0x00,
                0x28, 0xEB, 0x00, 0x00, 0x10, 0x04, 0x00, 0x00, 0x2E, 0x78, 0x64, 0x61,
                0x74, 0x61, 0x00, 0x00, 0x00, 0xF0, 0x00, 0x00, 0xB0, 0x00, 0x00, 0x00,
                0x2E, 0x64, 0x61, 0x74, 0x61, 0x00, 0x00, 0x00, 0xB0, 0xF0, 0x00, 0x00,
                0x10, 0x00, 0x00, 0x00, 0x2E, 0x6B, 0x6D, 0x64, 0x66, 0x63, 0x6C, 0x61,
                0x73, 0x73, 0x62, 0x69, 0x6E, 0x64, 0x24, 0x61, 0x00, 0x00, 0x00, 0x00,
                0xC0, 0xF0, 0x00, 0x00, 0x08, 0x00, 0x00, 0x00, 0x2E, 0x6B, 0x6D, 0x64,
                0x66, 0x63, 0x6C, 0x61, 0x73, 0x73, 0x62, 0x69, 0x6E, 0x64, 0x24, 0x63,
                0x00, 0x00, 0x00, 0x00, 0xC8, 0xF0, 0x00, 0x00, 0x08, 0x00, 0x00, 0x00,
                0x2E, 0x6B, 0x6D, 0x64, 0x66, 0x63, 0x6C, 0x61, 0x73, 0x73, 0x62, 0x69,
                0x6E, 0x64, 0x24, 0x64, 0x00, 0x00, 0x00, 0x00, 0xD0, 0xF0, 0x00, 0x00,
                0x10, 0x00, 0x00, 0x00, 0x2E, 0x6B, 0x6D, 0x64, 0x66, 0x74, 0x79, 0x70,
                0x65, 0x69, 0x6E, 0x69, 0x74, 0x24, 0x61, 0x00, 0xE0, 0xF0, 0x00, 0x00,
                0x10, 0x00, 0x00, 0x00, 0x2E, 0x6B, 0x6D, 0x64, 0x66, 0x74, 0x79, 0x70,
                0x65, 0x69, 0x6E, 0x69, 0x74, 0x24, 0x63, 0x00, 0xF0, 0xF0, 0x00, 0x00,
                0x28, 0x10, 0x00, 0x00, 0x2E, 0x62, 0x73, 0x73, 0x00, 0x00, 0x00, 0x00,
                0x00, 0x10, 0x01, 0x00, 0x84, 0x03, 0x00, 0x00, 0x2E, 0x70, 0x64, 0x61,
                0x74, 0x61, 0x00, 0x00, 0x00, 0x20, 0x01, 0x00, 0x64, 0x00, 0x00, 0x00,
                0x49, 0x4E, 0x49, 0x54, 0x00, 0x00, 0x00, 0x00, 0x64, 0x20, 0x01, 0x00,
                0x3C, 0x00, 0x00, 0x00, 0x2E, 0x69, 0x64, 0x61, 0x74, 0x61, 0x24, 0x32,
                0x00, 0x00, 0x00, 0x00, 0xA0, 0x20, 0x01, 0x00, 0x18, 0x00, 0x00, 0x00,
                0x2E, 0x69, 0x64, 0x61, 0x74, 0x61, 0x24, 0x33, 0x00, 0x00, 0x00, 0x00,
                0xB8, 0x20, 0x01, 0x00, 0x40, 0x01, 0x00, 0x00, 0x2E, 0x69, 0x64, 0x61,
                0x74, 0x61, 0x24, 0x34, 0x00, 0x00, 0x00, 0x00, 0xF8, 0x21, 0x01, 0x00,
                0x42, 0x03, 0x00, 0x00, 0x2E, 0x69, 0x64, 0x61, 0x74, 0x61, 0x24, 0x36,
                0x00, 0x00, 0x00, 0x00, 0x00, 0x00, 0x00, 0x00, 0x00, 0x00, 0x00, 0x00,
                0x00, 0x00, 0x00, 0x00, 0x00, 0x00, 0x00, 0x00, 0x00, 0x00, 0x00, 0x00,
                0x00, 0x00, 0x00, 0x00, 0x00, 0x00, 0x00, 0x00, 0x00, 0x00, 0x00, 0x00,
                0x00, 0x00, 0x00, 0x00, 0x00, 0x00, 0x00, 0x00, 0x02, 0x09, 0x03, 0x00,
                0x01, 0x16, 0x00, 0x06, 0x09, 0x22, 0x00, 0x00, 0x02, 0x08, 0x03, 0x00,
                0x01, 0x16, 0x00, 0x06, 0x08, 0x62, 0x00, 0x00, 0x02, 0x0D, 0x03, 0x00,
                0x01, 0x16, 0x00, 0x06, 0x0D, 0x62, 0x00, 0x00, 0x0A, 0x13, 0x03, 0x00,
                0x01, 0x16, 0x00, 0x06, 0x13, 0xA2, 0x00, 0x00, 0x8C, 0xCF, 0x00, 0x00,
                0x01, 0x00, 0x00, 0x00, 0x4F, 0x9D, 0x00, 0x00, 0xD2, 0x9D, 0x00, 0x00,
                0x15, 0xD8, 0x00, 0x00, 0xD2, 0x9D, 0x00, 0x00, 0x02, 0x06, 0x04, 0x00,
                0x02, 0x06, 0x03, 0x06, 0x06, 0x52, 0x02, 0x50, 0x1A, 0x1B, 0x05, 0x00,
                0x02, 0x16, 0x00, 0x06, 0x09, 0x01, 0x2C, 0x00, 0x02, 0x70, 0x00, 0x00,
                0x94, 0xCF, 0x00, 0x00, 0x50, 0x01, 0x00, 0x00, 0x02, 0x18, 0x03, 0x00,
                0x01, 0x16, 0x00, 0x06, 0x18, 0xA2, 0x00, 0x00, 0x02, 0x13, 0x03, 0x00,
                0x01, 0x16, 0x00, 0x06, 0x13, 0x22, 0x00, 0x00, 0x02, 0x18, 0x03, 0x00,
                0x01, 0x16, 0x00, 0x06, 0x18, 0x42, 0x00, 0x00, 0x1A, 0x1F, 0x05, 0x00,
                0x02, 0x16, 0x00, 0x06, 0x0D, 0x01, 0x3A, 0x00, 0x06, 0x70, 0x00, 0x00,
                0x94, 0xCF, 0x00, 0x00, 0xC0, 0x01, 0x00, 0x00, 0x02, 0x18, 0x04, 0x00,
                0x02, 0x16, 0x00, 0x06, 0x18, 0x92, 0x14, 0x70, 0x02, 0x09, 0x03, 0x00,
                0x01, 0x16, 0x00, 0x06, 0x09, 0x62, 0x00, 0x00, 0x1A, 0x23, 0x04, 0x00,
                0x01, 0x16, 0x00, 0x06, 0x11, 0x01, 0x1F, 0x00, 0x94, 0xCF, 0x00, 0x00,
                0xE0, 0x00, 0x00, 0x00, 0x02, 0x0E, 0x03, 0x00, 0x01, 0x16, 0x00, 0x06,
                0x0E, 0xA2, 0x00, 0x00, 0x02, 0x06, 0x04, 0x00, 0x02, 0x16, 0x00, 0x06,
                0x06, 0xD2, 0x02, 0x70, 0x1A, 0x19, 0x04, 0x00, 0x01, 0x16, 0x00, 0x06,
                0x07, 0x01, 0x17, 0x00, 0x94, 0xCF, 0x00, 0x00, 0xA8, 0x00, 0x00, 0x00,
                0x1A, 0x19, 0x04, 0x00, 0x01, 0x16, 0x00, 0x06, 0x07, 0x01, 0x2F, 0x00,
                0x94, 0xCF, 0x00, 0x00, 0x60, 0x01, 0x00, 0x00, 0x1A, 0x19, 0x04, 0x00,
                0x01, 0x16, 0x00, 0x06, 0x07, 0x01, 0x19, 0x00, 0x94, 0xCF, 0x00, 0x00,
                0xB8, 0x00, 0x00, 0x00, 0x1A, 0x19, 0x04, 0x00, 0x01, 0x16, 0x00, 0x06,
                0x07, 0x01, 0x51, 0x00, 0x94, 0xCF, 0x00, 0x00, 0x70, 0x02, 0x00, 0x00,
                0x1A, 0x16, 0x04, 0x00, 0x01, 0x16, 0x00, 0x06, 0x07, 0x01, 0x11, 0x00,
                0x94, 0xCF, 0x00, 0x00, 0x70, 0x00, 0x00, 0x00, 0x1A, 0x19, 0x04, 0x00,
                0x01, 0x16, 0x00, 0x06, 0x07, 0x01, 0x41, 0x00, 0x94, 0xCF, 0x00, 0x00,
                0xF0, 0x01, 0x00, 0x00, 0x1A, 0x19, 0x04, 0x00, 0x01, 0x16, 0x00, 0x06,
                0x07, 0x01, 0x21, 0x00, 0x94, 0xCF, 0x00, 0x00, 0xF0, 0x00, 0x00, 0x00,
                0x0A, 0x04, 0x03, 0x00, 0x01, 0x16, 0x00, 0x06, 0x04, 0xE2, 0x00, 0x00,
                0x8C, 0xCF, 0x00, 0x00, 0x04, 0x00, 0x00, 0x00, 0x64, 0x4D, 0x00, 0x00,
                0x7B, 0x4D, 0x00, 0x00, 0xAC, 0xD7, 0x00, 0x00, 0x7B, 0x4D, 0x00, 0x00,
                0xB1, 0x4D, 0x00, 0x00, 0xC9, 0x4D, 0x00, 0x00, 0xC1, 0xD7, 0x00, 0x00,
                0xC9, 0x4D, 0x00, 0x00, 0xE6, 0x4D, 0x00, 0x00, 0xFF, 0x4D, 0x00, 0x00,
                0xD6, 0xD7, 0x00, 0x00, 0xFF, 0x4D, 0x00, 0x00, 0x97, 0x4E, 0x00, 0x00,
                0xB0, 0x4E, 0x00, 0x00, 0xEB, 0xD7, 0x00, 0x00, 0xB0, 0x4E, 0x00, 0x00,
                0x02, 0x06, 0x04, 0x00, 0x02, 0x06, 0x03, 0x06, 0x06, 0x32, 0x02, 0x50,
                0x0A, 0x04, 0x03, 0x00, 0x01, 0x16, 0x00, 0x06, 0x04, 0xE2, 0x00, 0x00,
                0x8C, 0xCF, 0x00, 0x00, 0x02, 0x00, 0x00, 0x00, 0x37, 0x1E, 0x00, 0x00,
                0x63, 0x1E, 0x00, 0x00, 0x82, 0xD7, 0x00, 0x00, 0x63, 0x1E, 0x00, 0x00,
                0xD4, 0x1E, 0x00, 0x00, 0xE2, 0x1E, 0x00, 0x00, 0x97, 0xD7, 0x00, 0x00,
                0xE2, 0x1E, 0x00, 0x00, 0x0A, 0x13, 0x03, 0x00, 0x01, 0x16, 0x00, 0x06,
                0x13, 0x62, 0x00, 0x00, 0x8C, 0xCF, 0x00, 0x00, 0x01, 0x00, 0x00, 0x00,
                0x1E, 0x9C, 0x00, 0x00, 0x36, 0x9C, 0x00, 0x00, 0x00, 0xD8, 0x00, 0x00,
                0x36, 0x9C, 0x00, 0x00, 0x0A, 0x13, 0x03, 0x00, 0x01, 0x16, 0x00, 0x06,
                0x13, 0xA2, 0x00, 0x00, 0x8C, 0xCF, 0x00, 0x00, 0x01, 0x00, 0x00, 0x00,
                0xBA, 0xCA, 0x00, 0x00, 0xCD, 0xCA, 0x00, 0x00, 0x15, 0xD8, 0x00, 0x00,
                0xCD, 0xCA, 0x00, 0x00, 0x02, 0x04, 0x03, 0x00, 0x01, 0x16, 0x00, 0x06,
                0x04, 0x62, 0x00, 0x00, 0x1A, 0x28, 0x04, 0x00, 0x01, 0x16, 0x00, 0x06,
                0x16, 0x01, 0x25, 0x00, 0x94, 0xCF, 0x00, 0x00, 0x10, 0x01, 0x00, 0x00,
                0x1A, 0x1D, 0x03, 0x00, 0x01, 0x16, 0x00, 0x06, 0x0E, 0xE2, 0x00, 0x00,
                0x94, 0xCF, 0x00, 0x00, 0x60, 0x00, 0x00, 0x00, 0x1A, 0x27, 0x04, 0x00,
                0x01, 0x16, 0x00, 0x06, 0x15, 0x01, 0x13, 0x00, 0x94, 0xCF, 0x00, 0x00,
                0x80, 0x00, 0x00, 0x00, 0x1A, 0x2C, 0x04, 0x00, 0x01, 0x16, 0x00, 0x06,
                0x1A, 0x01, 0x3D, 0x00, 0x94, 0xCF, 0x00, 0x00, 0xD8, 0x01, 0x00, 0x00,
                0x1A, 0x28, 0x04, 0x00, 0x01, 0x16, 0x00, 0x06, 0x16, 0x01, 0x2D, 0x00,
                0x14, 0xD0, 0x00, 0x00, 0x02, 0x00, 0x00, 0x00, 0x4C, 0x5C, 0x00, 0x00,
                0x6A, 0x5C, 0x00, 0x00, 0x82, 0xD7, 0x00, 0x00, 0x6A, 0x5C, 0x00, 0x00,
                0x1B, 0x60, 0x00, 0x00, 0x47, 0x60, 0x00, 0x00, 0x97, 0xD7, 0x00, 0x00,
                0x47, 0x60, 0x00, 0x00, 0x51, 0x01, 0x00, 0x00, 0x02, 0x0E, 0x03, 0x00,
                0x01, 0x16, 0x00, 0x06, 0x0E, 0x42, 0x00, 0x00, 0x1A, 0x2C, 0x04, 0x00,
                0x01, 0x16, 0x00, 0x06, 0x1A, 0x01, 0x15, 0x00, 0x94, 0xCF, 0x00, 0x00,
                0x98, 0x00, 0x00, 0x00, 0x02, 0x17, 0x03, 0x00, 0x01, 0x16, 0x00, 0x06,
                0x17, 0xC2, 0x00, 0x00, 0x02, 0x09, 0x03, 0x00, 0x01, 0x16, 0x00, 0x06,
                0x09, 0xC2, 0x00, 0x00, 0x02, 0x17, 0x03, 0x00, 0x01, 0x16, 0x00, 0x06,
                0x17, 0x82, 0x00, 0x00, 0x02, 0x09, 0x03, 0x00, 0x01, 0x16, 0x00, 0x06,
                0x09, 0x82, 0x00, 0x00, 0x1A, 0x24, 0x05, 0x00, 0x02, 0x16, 0x00, 0x06,
                0x12, 0x01, 0x6C, 0x00, 0x0B, 0x70, 0x00, 0x00, 0x94, 0xCF, 0x00, 0x00,
                0x50, 0x03, 0x00, 0x00, 0x02, 0x0E, 0x03, 0x00, 0x01, 0x16, 0x00, 0x06,
                0x0E, 0xE2, 0x00, 0x00, 0x02, 0x04, 0x01, 0x00, 0x04, 0x62, 0x00, 0x00,
                0x02, 0x04, 0x01, 0x00, 0x04, 0x42, 0x00, 0x00, 0x00, 0x00, 0x00, 0x00,
                0x01, 0x00, 0x00, 0x00, 0x00, 0x00, 0x00, 0x00, 0x01, 0x00, 0x00, 0x00,
                0x00, 0x00, 0x00, 0x00, 0x02, 0x01, 0x03, 0x00, 0x02, 0x06, 0x09, 0x06,
                0x01, 0x70, 0x00, 0x00, 0x00, 0x00, 0x00, 0x00, 0x02, 0x0B, 0x08, 0x00,
                0x08, 0x16, 0x00, 0x06, 0x0B, 0x52, 0x07, 0x00, 0x06, 0x10, 0x05, 0x20,
                0x04, 0x80, 0x02, 0x90, 0x02, 0x04, 0x03, 0x00, 0x01, 0x06, 0x02, 0x06,
                0x04, 0x42, 0x00, 0x00, 0x02, 0x19, 0x0C, 0x00, 0x03, 0x06, 0x04, 0x06,
                0x19, 0x74, 0x09, 0x00, 0x19, 0x64, 0x08, 0x00, 0x19, 0x54, 0x07, 0x00,
                0x19, 0x34, 0x06, 0x00, 0x19, 0x32, 0x15, 0xE0, 0x02, 0x06, 0x04, 0x00,
                0x02, 0x06, 0x03, 0x06, 0x06, 0x12, 0x02, 0x30, 0x01, 0x04, 0x01, 0x00,
                0x04, 0x42, 0x00, 0x00, 0x01, 0x14, 0x08, 0x00, 0x14, 0x64, 0x08, 0x00,
                0x14, 0x54, 0x07, 0x00, 0x14, 0x34, 0x06, 0x00, 0x14, 0x32, 0x10, 0x70,
                0x01, 0x0A, 0x04, 0x00, 0x0A, 0x34, 0x06, 0x00, 0x0A, 0x32, 0x06, 0x70,
                0x01, 0x0F, 0x06, 0x00, 0x0F, 0x64, 0x07, 0x00, 0x0F, 0x34, 0x06, 0x00,
                0x0F, 0x32, 0x0B, 0x70, 0x00, 0x00, 0x00, 0x00, 0x00, 0x00, 0x00, 0x00,
                0x00, 0x00, 0x00, 0x00, 0x00, 0x00, 0x00, 0x00, 0x00, 0x00, 0x00, 0x00,
                0x00, 0x00, 0x00, 0x00, 0x00, 0x00, 0x00, 0x00, 0x00, 0x00, 0x00, 0x00,
                0x00, 0x00, 0x00, 0x00, 0x00, 0x00, 0x00, 0x00, 0x00, 0x00, 0x00, 0x00,
                0x00, 0x00, 0x00, 0x00, 0x00, 0x00, 0x00, 0x00, 0x00, 0x00, 0x00, 0x00,
                0x00, 0x00, 0x00, 0x00, 0x00, 0x00, 0x00, 0x00, 0x00, 0x00, 0x00, 0x00,
                0x00, 0x00, 0x00, 0x00, 0x00, 0x00, 0x00, 0x00, 0x00, 0x00, 0x00, 0x00,
                0x00, 0x00, 0x00, 0x00, 0x00, 0x00, 0x00, 0x00, 0x00, 0x00, 0x00, 0x00,
                0x00, 0x00, 0x00, 0x00, 0x00, 0x00, 0x00, 0x00, 0x00, 0x00, 0x00, 0x00,
                0x00, 0x00, 0x00, 0x00, 0x00, 0x00, 0x00, 0x00, 0x00, 0x00, 0x00, 0x00,
                0x00, 0x00, 0x00, 0x00, 0x00, 0x00, 0x00, 0x00, 0x00, 0x00, 0x00, 0x00,
                0x00, 0x00, 0x00, 0x00, 0x00, 0x00, 0x00, 0x00, 0x00, 0x00, 0x00, 0x00,
                0x00, 0x00, 0x00, 0x00, 0x00, 0x00, 0x00, 0x00, 0x00, 0x00, 0x00, 0x00,
                0x00, 0x00, 0x00, 0x00, 0x00, 0x00, 0x00, 0x00, 0x00, 0x00, 0x00, 0x00,
                0x00, 0x00, 0x00, 0x00, 0x00, 0x00, 0x00, 0x00, 0x00, 0x00, 0x00, 0x00,
                0x00, 0x00, 0x00, 0x00, 0x00, 0x00, 0x00, 0x00, 0x00, 0x00, 0x00, 0x00,
                0x00, 0x00, 0x00, 0x00, 0x00, 0x00, 0x00, 0x00, 0x00, 0x00, 0x00, 0x00,
                0x32, 0xA2, 0xDF, 0x2D, 0x99, 0x2B, 0x00, 0x00, 0xCD, 0x5D, 0x20, 0xD2,
                0x66, 0xD4, 0xFF, 0xFF, 0x00, 0x00, 0x00, 0x00, 0x00, 0x00, 0x00, 0x00,
                0x00, 0x00, 0x00, 0x00, 0x00, 0x00, 0x00, 0x00, 0x00, 0x00, 0x00, 0x00,
                0x00, 0x00, 0x00, 0x00, 0x00, 0x00, 0x00, 0x00, 0x00, 0x00, 0x00, 0x00,
                0x00, 0x00, 0x00, 0x00, 0x00, 0x00, 0x00, 0x00, 0x00, 0x00, 0x00, 0x00,
                0x00, 0x00, 0x00, 0x00, 0x02, 0x00, 0x00, 0x00, 0x00, 0x00, 0x00, 0x00,
                0x00, 0x00, 0x00, 0x00, 0x00, 0x00, 0x00, 0x00, 0x00, 0x00, 0x00, 0x00,
                0x00, 0x00, 0x00, 0x00, 0x00, 0x00, 0x00, 0x00, 0x00, 0x00, 0x00, 0x00,
                0x00, 0x00, 0x00, 0x00, 0x00, 0x00, 0x00, 0x00, 0x00, 0x00, 0x00, 0x00,
                0x00, 0x00, 0x00, 0x00, 0x00, 0x00, 0x00, 0x00, 0x00, 0x00, 0x00, 0x00,
                0x00, 0x00, 0x00, 0x00, 0x00, 0x00, 0x00, 0x00, 0x30, 0x00, 0x00, 0x00,
                0x00, 0x00, 0x00, 0x00, 0x30, 0xE7, 0x00, 0x40, 0x01, 0x00, 0x00, 0x00,
                0x01, 0x00, 0x00, 0x00, 0x09, 0x00, 0x00, 0x00, 0xB0, 0x1D, 0x00, 0x00,
                0x8C, 0x01, 0x00, 0x00, 0x70, 0xF2, 0x00, 0x40, 0x01, 0x00, 0x00, 0x00,
                0x00, 0x00, 0x00, 0x00, 0x00, 0x00, 0x00, 0x00, 0x00, 0x00, 0x00, 0x00,
                0x00, 0x00, 0x00, 0x00, 0x00, 0x00, 0x00, 0x00, 0x00, 0x00, 0x00, 0x00,
                0x00, 0x00, 0x00, 0x00, 0x00, 0x00, 0x00, 0x00, 0xB0, 0xF0, 0x00, 0x40,
                0x01, 0x00, 0x00, 0x00, 0x00, 0x00, 0x00, 0x00, 0x00, 0x00, 0x00, 0x00,
                0x00, 0x00, 0x00, 0x00, 0x00, 0x00, 0x00, 0x00, 0x00, 0x00, 0x00, 0x00,
                0x00, 0x00, 0x00, 0x00, 0x00, 0x00, 0x00, 0x00, 0x00, 0x00, 0x00, 0x00,
                0x00, 0x00, 0x00, 0x00, 0x00, 0x00, 0x00, 0x00, 0x00, 0x00, 0x00, 0x00,
                0x00, 0x00, 0x00, 0x00, 0x00, 0x00, 0x00, 0x00, 0x00, 0x00, 0x00, 0x00,
                0x00, 0x00, 0x00, 0x00, 0x00, 0x00, 0x00, 0x00, 0x00, 0x00, 0x00, 0x00,
                0x00, 0x00, 0x00, 0x00, 0x00, 0x00, 0x00, 0x00, 0x00, 0x00, 0x00, 0x00,
                0x00, 0x00, 0x00, 0x00, 0x00, 0x00, 0x00, 0x00, 0x00, 0x00, 0x00, 0x00,
                0x00, 0x00, 0x00, 0x00, 0x00, 0x00, 0x00, 0x00, 0x00, 0x00, 0x00, 0x00,
                0x00, 0x00, 0x00, 0x00, 0x00, 0x00, 0x00, 0x00, 0x00, 0x00, 0x00, 0x00,
                0x00, 0x00, 0x00, 0x00, 0x00, 0x00, 0x00, 0x00, 0x00, 0x00, 0x00, 0x00,
                0x00, 0x00, 0x00, 0x00, 0x00, 0x00, 0x00, 0x00, 0x00, 0x00, 0x00, 0x00,
                0x00, 0x00, 0x00, 0x00, 0x00, 0x00, 0x00, 0x00, 0x00, 0x00, 0x00, 0x00,
                0x00, 0x00, 0x00, 0x00, 0x00, 0x00, 0x00, 0x00, 0x00, 0x00, 0x00, 0x00,
                0x00, 0x00, 0x00, 0x00, 0x00, 0x00, 0x00, 0x00, 0x00, 0x00, 0x00, 0x00,
                0x00, 0x00, 0x00, 0x00, 0x00, 0x00, 0x00, 0x00, 0x00, 0x00, 0x00, 0x00,
                0x00, 0x00, 0x00, 0x00, 0x00, 0x00, 0x00, 0x00, 0x00, 0x00, 0x00, 0x00,
                0x00, 0x00, 0x00, 0x00, 0x00, 0x00, 0x00, 0x00, 0x00, 0x00, 0x00, 0x00,
                0x00, 0x00, 0x00, 0x00, 0x00, 0x00, 0x00, 0x00, 0x00, 0x00, 0x00, 0x00,
                0x00, 0x00, 0x00, 0x00, 0x00, 0x00, 0x00, 0x00, 0x00, 0x00, 0x00, 0x00,
                0x00, 0x00, 0x00, 0x00, 0x00, 0x00, 0x00, 0x00, 0x00, 0x00, 0x00, 0x00,
                0x00, 0x00, 0x00, 0x00, 0x00, 0x00, 0x00, 0x00, 0x00, 0x00, 0x00, 0x00,
                0x00, 0x00, 0x00, 0x00, 0x00, 0x00, 0x00, 0x00, 0x00, 0x00, 0x00, 0x00,
                0x00, 0x00, 0x00, 0x00, 0x00, 0x00, 0x00, 0x00, 0x00, 0x00, 0x00, 0x00,
                0x00, 0x00, 0x00, 0x00, 0x00, 0x00, 0x00, 0x00, 0x00, 0x00, 0x00, 0x00,
                0x00, 0x00, 0x00, 0x00, 0x00, 0x00, 0x00, 0x00, 0x00, 0x10, 0x00, 0x00,
                0x2E, 0x10, 0x00, 0x00, 0x00, 0xEF, 0x00, 0x00, 0x40, 0x10, 0x00, 0x00,
                0x67, 0x10, 0x00, 0x00, 0x00, 0xEF, 0x00, 0x00, 0x70, 0x10, 0x00, 0x00,
                0x92, 0x11, 0x00, 0x00, 0x08, 0xEF, 0x00, 0x00, 0xA0, 0x11, 0x00, 0x00,
                0xCA, 0x11, 0x00, 0x00, 0x1C, 0xEF, 0x00, 0x00, 0xD0, 0x11, 0x00, 0x00,
                0x47, 0x12, 0x00, 0x00, 0x1C, 0xEF, 0x00, 0x00, 0x50, 0x12, 0x00, 0x00,
                0xD5, 0x12, 0x00, 0x00, 0x28, 0xEF, 0x00, 0x00, 0xE0, 0x12, 0x00, 0x00,
                0x44, 0x13, 0x00, 0x00, 0x1C, 0xEF, 0x00, 0x00, 0xC0, 0x13, 0x00, 0x00,
                0x16, 0x14, 0x00, 0x00, 0xFC, 0xEB, 0x00, 0x00, 0x20, 0x14, 0x00, 0x00,
                0x5B, 0x14, 0x00, 0x00, 0x10, 0xEE, 0x00, 0x00, 0x5C, 0x14, 0x00, 0x00,
                0x74, 0x15, 0x00, 0x00, 0x7C, 0xEB, 0x00, 0x00, 0x80, 0x15, 0x00, 0x00,
                0xDC, 0x19, 0x00, 0x00, 0x54, 0xEE, 0x00, 0x00, 0xDC, 0x19, 0x00, 0x00,
                0xF9, 0x1B, 0x00, 0x00, 0x1C, 0xEE, 0x00, 0x00, 0xFC, 0x1B, 0x00, 0x00,
                0xE2, 0x1C, 0x00, 0x00, 0xAC, 0xEB, 0x00, 0x00, 0xE4, 0x1C, 0x00, 0x00,
                0x7C, 0x1D, 0x00, 0x00, 0xA0, 0xEB, 0x00, 0x00, 0x7C, 0x1D, 0x00, 0x00,
                0x24, 0x1F, 0x00, 0x00, 0x00, 0xED, 0x00, 0x00, 0x24, 0x1F, 0x00, 0x00,
                0x8C, 0x2B, 0x00, 0x00, 0x78, 0xEC, 0x00, 0x00, 0x8C, 0x2B, 0x00, 0x00,
                0x4C, 0x30, 0x00, 0x00, 0x8C, 0xEC, 0x00, 0x00, 0x4C, 0x30, 0x00, 0x00,
                0xB8, 0x33, 0x00, 0x00, 0x3C, 0xEC, 0x00, 0x00, 0xB8, 0x33, 0x00, 0x00,
                0x05, 0x35, 0x00, 0x00, 0x64, 0xEC, 0x00, 0x00, 0x08, 0x35, 0x00, 0x00,
                0x70, 0x3C, 0x00, 0x00, 0x28, 0xEC, 0x00, 0x00, 0x70, 0x3C, 0x00, 0x00,
                0xC8, 0x4C, 0x00, 0x00, 0x50, 0xEC, 0x00, 0x00, 0xC8, 0x4C, 0x00, 0x00,
                0xDB, 0x4E, 0x00, 0x00, 0xA0, 0xEC, 0x00, 0x00, 0xDC, 0x4E, 0x00, 0x00,
                0xA1, 0x50, 0x00, 0x00, 0xD0, 0xEB, 0x00, 0x00, 0xA4, 0x50, 0x00, 0x00,
                0x4E, 0x53, 0x00, 0x00, 0x14, 0xEC, 0x00, 0x00, 0x50, 0x53, 0x00, 0x00,
                0xD9, 0x54, 0x00, 0x00, 0x08, 0xEC, 0x00, 0x00, 0xDC, 0x54, 0x00, 0x00,
                0x46, 0x56, 0x00, 0x00, 0xFC, 0xEB, 0x00, 0x00, 0x50, 0x56, 0x00, 0x00,
                0x92, 0x56, 0x00, 0x00, 0xDC, 0xEB, 0x00, 0x00, 0x94, 0x56, 0x00, 0x00,
                0x2B, 0x59, 0x00, 0x00, 0xB8, 0xEB, 0x00, 0x00, 0x2C, 0x59, 0x00, 0x00,
                0x0A, 0x63, 0x00, 0x00, 0xD8, 0xED, 0x00, 0x00, 0x0C, 0x63, 0x00, 0x00,
                0x8A, 0x7C, 0x00, 0x00, 0xC4, 0xED, 0x00, 0x00, 0x8C, 0x7C, 0x00, 0x00,
                0x9F, 0x7F, 0x00, 0x00, 0x9C, 0xED, 0x00, 0x00, 0xA0, 0x7F, 0x00, 0x00,
                0x2E, 0x87, 0x00, 0x00, 0xB0, 0xED, 0x00, 0x00, 0x30, 0x87, 0x00, 0x00,
                0x0D, 0x90, 0x00, 0x00, 0x88, 0xED, 0x00, 0x00, 0x10, 0x90, 0x00, 0x00,
                0x54, 0x96, 0x00, 0x00, 0xE8, 0xEB, 0x00, 0x00, 0x54, 0x96, 0x00, 0x00,
                0xF7, 0x96, 0x00, 0x00, 0xAC, 0xEB, 0x00, 0x00, 0x00, 0x97, 0x00, 0x00,
                0xEA, 0x9B, 0x00, 0x00, 0x30, 0xEE, 0x00, 0x00, 0xEC, 0x9B, 0x00, 0x00,
                0x45, 0x9C, 0x00, 0x00, 0x34, 0xED, 0x00, 0x00, 0x48, 0x9C, 0x00, 0x00,
                0xD4, 0x9C, 0x00, 0x00, 0xDC, 0xEB, 0x00, 0x00, 0xD4, 0x9C, 0x00, 0x00,
                0xFB, 0x9D, 0x00, 0x00, 0x4C, 0xEB, 0x00, 0x00, 0xFC, 0x9D, 0x00, 0x00,
                0x23, 0x9F, 0x00, 0x00, 0x94, 0xEB, 0x00, 0x00, 0x30, 0x9F, 0x00, 0x00,
                0xEF, 0xA0, 0x00, 0x00, 0x3C, 0xEE, 0x00, 0x00, 0xF0, 0xA0, 0x00, 0x00,
                0x7B, 0xA1, 0x00, 0x00, 0x7C, 0xED, 0x00, 0x00, 0x7C, 0xA1, 0x00, 0x00,
                0x0A, 0xA2, 0x00, 0x00, 0x7C, 0xED, 0x00, 0x00, 0x0C, 0xA2, 0x00, 0x00,
                0xA1, 0xA2, 0x00, 0x00, 0x7C, 0xED, 0x00, 0x00, 0xA4, 0xA2, 0x00, 0x00,
                0x40, 0xA3, 0x00, 0x00, 0x7C, 0xED, 0x00, 0x00, 0x40, 0xA3, 0x00, 0x00,
                0xC3, 0xA3, 0x00, 0x00, 0x7C, 0xED, 0x00, 0x00, 0xD0, 0xA3, 0x00, 0x00,
                0x4D, 0xCA, 0x00, 0x00, 0x60, 0xEE, 0x00, 0x00, 0x50, 0xCA, 0x00, 0x00,
                0x4C, 0xCB, 0x00, 0x00, 0x58, 0xED, 0x00, 0x00, 0x4C, 0xCB, 0x00, 0x00,
                0xBE, 0xCC, 0x00, 0x00, 0x48, 0xEE, 0x00, 0x00, 0xC0, 0xCC, 0x00, 0x00,
                0x26, 0xCE, 0x00, 0x00, 0x78, 0xEE, 0x00, 0x00, 0x54, 0xCE, 0x00, 0x00,
                0x78, 0xCE, 0x00, 0x00, 0x34, 0xEB, 0x00, 0x00, 0x78, 0xCE, 0x00, 0x00,
                0xCD, 0xCE, 0x00, 0x00, 0x40, 0xEB, 0x00, 0x00, 0xD0, 0xCE, 0x00, 0x00,
                0xEA, 0xCE, 0x00, 0x00, 0x28, 0xEB, 0x00, 0x00, 0x00, 0xCF, 0x00, 0x00,
                0x2D, 0xCF, 0x00, 0x00, 0x84, 0xEE, 0x00, 0x00, 0x30, 0xCF, 0x00, 0x00,
                0x3F, 0xCF, 0x00, 0x00, 0x8C, 0xEE, 0x00, 0x00, 0x40, 0xCF, 0x00, 0x00,
                0x6F, 0xCF, 0x00, 0x00, 0x84, 0xEE, 0x00, 0x00, 0x94, 0xCF, 0x00, 0x00,
                0xB2, 0xCF, 0x00, 0x00, 0xCC, 0xEE, 0x00, 0x00, 0xB4, 0xCF, 0x00, 0x00,
                0x14, 0xD0, 0x00, 0x00, 0xCC, 0xEE, 0x00, 0x00, 0x14, 0xD0, 0x00, 0x00,
                0x9A, 0xD0, 0x00, 0x00, 0xD8, 0xEE, 0x00, 0x00, 0xA0, 0xD0, 0x00, 0x00,
                0x55, 0xD1, 0x00, 0x00, 0xF4, 0xEE, 0x00, 0x00, 0xB0, 0xD1, 0x00, 0x00,
                0xCE, 0xD1, 0x00, 0x00, 0x98, 0xEE, 0x00, 0x00, 0xE0, 0xD1, 0x00, 0x00,
                0xE5, 0xD1, 0x00, 0x00, 0xA0, 0xEE, 0x00, 0x00, 0x00, 0xD2, 0x00, 0x00,
                0x06, 0xD2, 0x00, 0x00, 0xA0, 0xEE, 0x00, 0x00, 0x40, 0xD2, 0x00, 0x00,
                0xEA, 0xD4, 0x00, 0x00, 0xA0, 0xEE, 0x00, 0x00, 0x00, 0xD5, 0x00, 0x00,
                0x07, 0xD6, 0x00, 0x00, 0xA0, 0xEE, 0x00, 0x00, 0x40, 0xD6, 0x00, 0x00,
                0x83, 0xD6, 0x00, 0x00, 0xA8, 0xEE, 0x00, 0x00, 0xC0, 0xD6, 0x00, 0x00,
                0xE6, 0xD6, 0x00, 0x00, 0xB8, 0xEE, 0x00, 0x00, 0x82, 0xD7, 0x00, 0x00,
                0x97, 0xD7, 0x00, 0x00, 0xF4, 0xEC, 0x00, 0x00, 0x97, 0xD7, 0x00, 0x00,
                0xAC, 0xD7, 0x00, 0x00, 0xF4, 0xEC, 0x00, 0x00, 0xAC, 0xD7, 0x00, 0x00,
                0xC1, 0xD7, 0x00, 0x00, 0xF4, 0xEC, 0x00, 0x00, 0xC1, 0xD7, 0x00, 0x00,
                0xD6, 0xD7, 0x00, 0x00, 0xF4, 0xEC, 0x00, 0x00, 0xD6, 0xD7, 0x00, 0x00,
                0xEB, 0xD7, 0x00, 0x00, 0xF4, 0xEC, 0x00, 0x00, 0xEB, 0xD7, 0x00, 0x00,
                0x00, 0xD8, 0x00, 0x00, 0xF4, 0xEC, 0x00, 0x00, 0x00, 0xD8, 0x00, 0x00,
                0x15, 0xD8, 0x00, 0x00, 0xF4, 0xEC, 0x00, 0x00, 0x15, 0xD8, 0x00, 0x00,
                0x2A, 0xD8, 0x00, 0x00, 0x70, 0xEB, 0x00, 0x00, 0x00, 0x00, 0x00, 0x00,
                0x00, 0x00, 0x00, 0x00, 0x00, 0x00, 0x00, 0x00, 0x00, 0x00, 0x00, 0x00,
                0x00, 0x00, 0x00, 0x00, 0x00, 0x00, 0x00, 0x00, 0x00, 0x00, 0x00, 0x00,
                0x00, 0x00, 0x00, 0x00, 0x00, 0x00, 0x00, 0x00, 0x00, 0x00, 0x00, 0x00,
                0x00, 0x00, 0x00, 0x00, 0x00, 0x00, 0x00, 0x00, 0x00, 0x00, 0x00, 0x00,
                0x00, 0x00, 0x00, 0x00, 0x00, 0x00, 0x00, 0x00, 0x00, 0x00, 0x00, 0x00,
                0x00, 0x00, 0x00, 0x00, 0x00, 0x00, 0x00, 0x00, 0x00, 0x00, 0x00, 0x00,
                0x00, 0x00, 0x00, 0x00, 0x00, 0x00, 0x00, 0x00, 0x00, 0x00, 0x00, 0x00,
                0x00, 0x00, 0x00, 0x00, 0x00, 0x00, 0x00, 0x00, 0x00, 0x00, 0x00, 0x00,
                0x00, 0x00, 0x00, 0x00, 0x00, 0x00, 0x00, 0x00, 0x00, 0x00, 0x00, 0x00,
                0x00, 0x00, 0x00, 0x00, 0x00, 0x00, 0x00, 0x00, 0x00, 0x00, 0x00, 0x00,
                0x48, 0x8B, 0x05, 0xF9, 0xCF, 0xFF, 0xFF, 0x45, 0x33, 0xC9, 0x49, 0xB8,
                0x32, 0xA2, 0xDF, 0x2D, 0x99, 0x2B, 0x00, 0x00, 0x48, 0x85, 0xC0, 0x74,
                0x05, 0x49, 0x3B, 0xC0, 0x75, 0x38, 0x0F, 0x31, 0x48, 0xC1, 0xE2, 0x20,
                0x48, 0x8D, 0x0D, 0xD5, 0xCF, 0xFF, 0xFF, 0x48, 0x0B, 0xC2, 0x48, 0x33,
                0xC1, 0x48, 0x89, 0x05, 0xC8, 0xCF, 0xFF, 0xFF, 0x66, 0x44, 0x89, 0x0D,
                0xC6, 0xCF, 0xFF, 0xFF, 0x48, 0x8B, 0x05, 0xB9, 0xCF, 0xFF, 0xFF, 0x48,
                0x85, 0xC0, 0x75, 0x0A, 0x49, 0x8B, 0xC0, 0x48, 0x89, 0x05, 0xAA, 0xCF,
                0xFF, 0xFF, 0x48, 0xF7, 0xD0, 0x48, 0x89, 0x05, 0xA8, 0xCF, 0xFF, 0xFF,
                0xC3, 0xCC, 0xCC, 0xCC, 0xF0, 0x20, 0x01, 0x00, 0x00, 0x00, 0x00, 0x00,
                0x00, 0x00, 0x00, 0x00, 0x90, 0x24, 0x01, 0x00, 0x38, 0xE0, 0x00, 0x00,
                0xB8, 0x20, 0x01, 0x00, 0x00, 0x00, 0x00, 0x00, 0x00, 0x00, 0x00, 0x00,
                0xBA, 0x24, 0x01, 0x00, 0x00, 0xE0, 0x00, 0x00, 0xC8, 0x20, 0x01, 0x00,
                0x00, 0x00, 0x00, 0x00, 0x00, 0x00, 0x00, 0x00, 0x2E, 0x25, 0x01, 0x00,
                0x10, 0xE0, 0x00, 0x00, 0x00, 0x00, 0x00, 0x00, 0x00, 0x00, 0x00, 0x00,
                0x00, 0x00, 0x00, 0x00, 0x00, 0x00, 0x00, 0x00, 0x00, 0x00, 0x00, 0x00,
                0x00, 0x00, 0x00, 0x00, 0x9E, 0x24, 0x01, 0x00, 0x00, 0x00, 0x00, 0x00,
                0x00, 0x00, 0x00, 0x00, 0x00, 0x00, 0x00, 0x00, 0xDA, 0x24, 0x01, 0x00,
                0x00, 0x00, 0x00, 0x00, 0xEE, 0x24, 0x01, 0x00, 0x00, 0x00, 0x00, 0x00,
                0x16, 0x25, 0x01, 0x00, 0x00, 0x00, 0x00, 0x00, 0x00, 0x25, 0x01, 0x00,
                0x00, 0x00, 0x00, 0x00, 0x00, 0x00, 0x00, 0x00, 0x00, 0x00, 0x00, 0x00,
                0x90, 0x22, 0x01, 0x00, 0x00, 0x00, 0x00, 0x00, 0xA4, 0x22, 0x01, 0x00,
                0x00, 0x00, 0x00, 0x00, 0xB8, 0x22, 0x01, 0x00, 0x00, 0x00, 0x00, 0x00,
                0xDE, 0x22, 0x01, 0x00, 0x00, 0x00, 0x00, 0x00, 0x02, 0x23, 0x01, 0x00,
                0x00, 0x00, 0x00, 0x00, 0x12, 0x23, 0x01, 0x00, 0x00, 0x00, 0x00, 0x00,
                0x24, 0x23, 0x01, 0x00, 0x00, 0x00, 0x00, 0x00, 0x3C, 0x23, 0x01, 0x00,
                0x00, 0x00, 0x00, 0x00, 0x50, 0x23, 0x01, 0x00, 0x00, 0x00, 0x00, 0x00,
                0x66, 0x23, 0x01, 0x00, 0x00, 0x00, 0x00, 0x00, 0x76, 0x23, 0x01, 0x00,
                0x00, 0x00, 0x00, 0x00, 0x96, 0x23, 0x01, 0x00, 0x00, 0x00, 0x00, 0x00,
                0x7C, 0x22, 0x01, 0x00, 0x00, 0x00, 0x00, 0x00, 0xB8, 0x23, 0x01, 0x00,
                0x00, 0x00, 0x00, 0x00, 0xD0, 0x23, 0x01, 0x00, 0x00, 0x00, 0x00, 0x00,
                0xE0, 0x23, 0x01, 0x00, 0x00, 0x00, 0x00, 0x00, 0xF6, 0x23, 0x01, 0x00,
                0x00, 0x00, 0x00, 0x00, 0x08, 0x24, 0x01, 0x00, 0x00, 0x00, 0x00, 0x00,
                0x20, 0x24, 0x01, 0x00, 0x00, 0x00, 0x00, 0x00, 0x2C, 0x24, 0x01, 0x00,
                0x00, 0x00, 0x00, 0x00, 0x3A, 0x24, 0x01, 0x00, 0x00, 0x00, 0x00, 0x00,
                0x46, 0x24, 0x01, 0x00, 0x00, 0x00, 0x00, 0x00, 0x64, 0x24, 0x01, 0x00,
                0x00, 0x00, 0x00, 0x00, 0x78, 0x24, 0x01, 0x00, 0x00, 0x00, 0x00, 0x00,
                0x6C, 0x22, 0x01, 0x00, 0x00, 0x00, 0x00, 0x00, 0x4E, 0x22, 0x01, 0x00,
                0x00, 0x00, 0x00, 0x00, 0x2E, 0x22, 0x01, 0x00, 0x00, 0x00, 0x00, 0x00,
                0xC2, 0x24, 0x01, 0x00, 0x00, 0x00, 0x00, 0x00, 0x16, 0x22, 0x01, 0x00,
                0x00, 0x00, 0x00, 0x00, 0x02, 0x22, 0x01, 0x00, 0x00, 0x00, 0x00, 0x00,
                0xA6, 0x23, 0x01, 0x00, 0x00, 0x00, 0x00, 0x00, 0xF8, 0x21, 0x01, 0x00,
                0x00, 0x00, 0x00, 0x00, 0x00, 0x00, 0x00, 0x00, 0x00, 0x00, 0x00, 0x00,
                0x04, 0x0D, 0x77, 0x63, 0x73, 0x6C, 0x65, 0x6E, 0x00, 0x00, 0x31, 0x09,
                0x52, 0x74, 0x6C, 0x49, 0x6E, 0x69, 0x74, 0x41, 0x6E, 0x73, 0x69, 0x53,
                0x74, 0x72, 0x69, 0x6E, 0x67, 0x00, 0x3A, 0x09, 0x52, 0x74, 0x6C, 0x49,
                0x6E, 0x69, 0x74, 0x55, 0x6E, 0x69, 0x63, 0x6F, 0x64, 0x65, 0x53, 0x74,
                0x72, 0x69, 0x6E, 0x67, 0x00, 0x00, 0x53, 0x08, 0x52, 0x74, 0x6C, 0x41,
                0x6E, 0x73, 0x69, 0x53, 0x74, 0x72, 0x69, 0x6E, 0x67, 0x54, 0x6F, 0x55,
                0x6E, 0x69, 0x63, 0x6F, 0x64, 0x65, 0x53, 0x74, 0x72, 0x69, 0x6E, 0x67,
                0x00, 0x00, 0x54, 0x0A, 0x52, 0x74, 0x6C, 0x78, 0x41, 0x6E, 0x73, 0x69,
                0x53, 0x74, 0x72, 0x69, 0x6E, 0x67, 0x54, 0x6F, 0x55, 0x6E, 0x69, 0x63,
                0x6F, 0x64, 0x65, 0x53, 0x69, 0x7A, 0x65, 0x00, 0x28, 0x09, 0x52, 0x74,
                0x6C, 0x47, 0x65, 0x74, 0x56, 0x65, 0x72, 0x73, 0x69, 0x6F, 0x6E, 0x00,
                0x78, 0x08, 0x52, 0x74, 0x6C, 0x43, 0x6F, 0x6D, 0x70, 0x61, 0x72, 0x65,
                0x4D, 0x65, 0x6D, 0x6F, 0x72, 0x79, 0x00, 0x00, 0xE0, 0x04, 0x4B, 0x65,
                0x47, 0x65, 0x74, 0x43, 0x75, 0x72, 0x72, 0x65, 0x6E, 0x74, 0x49, 0x72,
                0x71, 0x6C, 0x00, 0x00, 0x0D, 0x05, 0x4B, 0x65, 0x49, 0x70, 0x69, 0x47,
                0x65, 0x6E, 0x65, 0x72, 0x69, 0x63, 0x43, 0x61, 0x6C, 0x6C, 0x00, 0x00,
                0xC3, 0x04, 0x4B, 0x65, 0x44, 0x65, 0x72, 0x65, 0x67, 0x69, 0x73, 0x74,
                0x65, 0x72, 0x42, 0x75, 0x67, 0x43, 0x68, 0x65, 0x63, 0x6B, 0x52, 0x65,
                0x61, 0x73, 0x6F, 0x6E, 0x43, 0x61, 0x6C, 0x6C, 0x62, 0x61, 0x63, 0x6B,
                0x00, 0x00, 0x55, 0x05, 0x4B, 0x65, 0x52, 0x65, 0x67, 0x69, 0x73, 0x74,
                0x65, 0x72, 0x42, 0x75, 0x67, 0x43, 0x68, 0x65, 0x63, 0x6B, 0x52, 0x65,
                0x61, 0x73, 0x6F, 0x6E, 0x43, 0x61, 0x6C, 0x6C, 0x62, 0x61, 0x63, 0x6B,
                0x00, 0x00, 0xAF, 0x04, 0x4B, 0x65, 0x42, 0x75, 0x67, 0x43, 0x68, 0x65,
                0x63, 0x6B, 0x45, 0x78, 0x00, 0x00, 0xCA, 0x00, 0x45, 0x78, 0x41, 0x6C,
                0x6C, 0x6F, 0x63, 0x61, 0x74, 0x65, 0x50, 0x6F, 0x6F, 0x6C, 0x00, 0x00,
                0xCF, 0x00, 0x45, 0x78, 0x41, 0x6C, 0x6C, 0x6F, 0x63, 0x61, 0x74, 0x65,
                0x50, 0x6F, 0x6F, 0x6C, 0x57, 0x69, 0x74, 0x68, 0x54, 0x61, 0x67, 0x00,
                0xFC, 0x00, 0x45, 0x78, 0x46, 0x72, 0x65, 0x65, 0x50, 0x6F, 0x6F, 0x6C,
                0x57, 0x69, 0x74, 0x68, 0x54, 0x61, 0x67, 0x00, 0x34, 0x06, 0x4D, 0x6D,
                0x50, 0x72, 0x6F, 0x62, 0x65, 0x41, 0x6E, 0x64, 0x4C, 0x6F, 0x63, 0x6B,
                0x50, 0x61, 0x67, 0x65, 0x73, 0x00, 0x4B, 0x06, 0x4D, 0x6D, 0x55, 0x6E,
                0x6C, 0x6F, 0x63, 0x6B, 0x50, 0x61, 0x67, 0x65, 0x73, 0x00, 0x20, 0x06,
                0x4D, 0x6D, 0x4D, 0x61, 0x70, 0x4C, 0x6F, 0x63, 0x6B, 0x65, 0x64, 0x50,
                0x61, 0x67, 0x65, 0x73, 0x53, 0x70, 0x65, 0x63, 0x69, 0x66, 0x79, 0x43,
                0x61, 0x63, 0x68, 0x65, 0x00, 0x00, 0x1D, 0x06, 0x4D, 0x6D, 0x4D, 0x61,
                0x70, 0x49, 0x6F, 0x53, 0x70, 0x61, 0x63, 0x65, 0x00, 0x00, 0x4D, 0x06,
                0x4D, 0x6D, 0x55, 0x6E, 0x6D, 0x61, 0x70, 0x49, 0x6F, 0x53, 0x70, 0x61,
                0x63, 0x65, 0x00, 0x00, 0x76, 0x07, 0x50, 0x73, 0x43, 0x72, 0x65, 0x61,
                0x74, 0x65, 0x53, 0x79, 0x73, 0x74, 0x65, 0x6D, 0x54, 0x68, 0x72, 0x65,
                0x61, 0x64, 0x00, 0x00, 0x16, 0x03, 0x49, 0x6F, 0x41, 0x6C, 0x6C, 0x6F,
                0x63, 0x61, 0x74, 0x65, 0x4D, 0x64, 0x6C, 0x00, 0x76, 0x04, 0x49, 0x6F,
                0x66, 0x43, 0x6F, 0x6D, 0x70, 0x6C, 0x65, 0x74, 0x65, 0x52, 0x65, 0x71,
                0x75, 0x65, 0x73, 0x74, 0x00, 0x00, 0x43, 0x03, 0x49, 0x6F, 0x43, 0x72,
                0x65, 0x61, 0x74, 0x65, 0x44, 0x65, 0x76, 0x69, 0x63, 0x65, 0x00, 0x00,
                0x50, 0x03, 0x49, 0x6F, 0x43, 0x72, 0x65, 0x61, 0x74, 0x65, 0x53, 0x79,
                0x6D, 0x62, 0x6F, 0x6C, 0x69, 0x63, 0x4C, 0x69, 0x6E, 0x6B, 0x00, 0x00,
                0x78, 0x03, 0x49, 0x6F, 0x46, 0x72, 0x65, 0x65, 0x4D, 0x64, 0x6C, 0x00,
                0xAE, 0x04, 0x4B, 0x65, 0x42, 0x75, 0x67, 0x43, 0x68, 0x65, 0x63, 0x6B,
                0x00, 0x00, 0xDF, 0x0C, 0x73, 0x73, 0x63, 0x61, 0x6E, 0x66, 0x5F, 0x73,
                0x00, 0x00, 0xF7, 0x02, 0x49, 0x6E, 0x62, 0x76, 0x41, 0x63, 0x71, 0x75,
                0x69, 0x72, 0x65, 0x44, 0x69, 0x73, 0x70, 0x6C, 0x61, 0x79, 0x4F, 0x77,
                0x6E, 0x65, 0x72, 0x73, 0x68, 0x69, 0x70, 0x00, 0xB5, 0x09, 0x52, 0x74,
                0x6C, 0x50, 0x63, 0x54, 0x6F, 0x46, 0x69, 0x6C, 0x65, 0x48, 0x65, 0x61,
                0x64, 0x65, 0x72, 0x00, 0x51, 0x0C, 0x5F, 0x5F, 0x43, 0x5F, 0x73, 0x70,
                0x65, 0x63, 0x69, 0x66, 0x69, 0x63, 0x5F, 0x68, 0x61, 0x6E, 0x64, 0x6C,
                0x65, 0x72, 0x00, 0x00, 0x6E, 0x74, 0x6F, 0x73, 0x6B, 0x72, 0x6E, 0x6C,
                0x2E, 0x65, 0x78, 0x65, 0x00, 0x00, 0x55, 0x00, 0x4B, 0x65, 0x53, 0x74,
                0x61, 0x6C, 0x6C, 0x45, 0x78, 0x65, 0x63, 0x75, 0x74, 0x69, 0x6F, 0x6E,
                0x50, 0x72, 0x6F, 0x63, 0x65, 0x73, 0x73, 0x6F, 0x72, 0x00, 0x48, 0x41,
                0x4C, 0x2E, 0x64, 0x6C, 0x6C, 0x00, 0x91, 0x08, 0x52, 0x74, 0x6C, 0x43,
                0x6F, 0x70, 0x79, 0x55, 0x6E, 0x69, 0x63, 0x6F, 0x64, 0x65, 0x53, 0x74,
                0x72, 0x69, 0x6E, 0x67, 0x00, 0x00, 0x08, 0x00, 0x57, 0x64, 0x66, 0x56,
                0x65, 0x72, 0x73, 0x69, 0x6F, 0x6E, 0x55, 0x6E, 0x62, 0x69, 0x6E, 0x64,
                0x00, 0x00, 0x06, 0x00, 0x57, 0x64, 0x66, 0x56, 0x65, 0x72, 0x73, 0x69,
                0x6F, 0x6E, 0x42, 0x69, 0x6E, 0x64, 0x00, 0x00, 0x07, 0x00, 0x57, 0x64,
                0x66, 0x56, 0x65, 0x72, 0x73, 0x69, 0x6F, 0x6E, 0x42, 0x69, 0x6E, 0x64,
                0x43, 0x6C, 0x61, 0x73, 0x73, 0x00, 0x09, 0x00, 0x57, 0x64, 0x66, 0x56,
                0x65, 0x72, 0x73, 0x69, 0x6F, 0x6E, 0x55, 0x6E, 0x62, 0x69, 0x6E, 0x64,
                0x43, 0x6C, 0x61, 0x73, 0x73, 0x00, 0x57, 0x44, 0x46, 0x4C, 0x44, 0x52,
                0x2E, 0x53, 0x59, 0x53, 0x00, 0x00, 0x00, 0x00, 0x00, 0x00, 0x00, 0x00,
                0x00, 0x00, 0x00, 0x00, 0x00, 0x00, 0x00, 0x00, 0x00, 0x00, 0x00, 0x00,
                0x00, 0x00, 0x00, 0x00, 0x00, 0x00, 0x00, 0x00, 0x00, 0x00, 0x00, 0x00,
                0x00, 0x00, 0x00, 0x00, 0x00, 0x00, 0x00, 0x00, 0x00, 0x00, 0x00, 0x00,
                0x00, 0x00, 0x00, 0x00, 0x00, 0x00, 0x00, 0x00, 0x00, 0x00, 0x00, 0x00,
                0x00, 0x00, 0x00, 0x00, 0x00, 0x00, 0x00, 0x00, 0x00, 0x00, 0x00, 0x00,
                0x00, 0x00, 0x00, 0x00, 0x00, 0x00, 0x00, 0x00, 0x00, 0x00, 0x00, 0x00,
                0x00, 0x00, 0x00, 0x00, 0x00, 0x00, 0x00, 0x00, 0x00, 0x00, 0x00, 0x00,
                0x00, 0x00, 0x00, 0x00, 0x00, 0x00, 0x00, 0x00, 0x00, 0x00, 0x00, 0x00,
                0x00, 0x00, 0x00, 0x00, 0x00, 0x00, 0x00, 0x00, 0x00, 0x00, 0x00, 0x00,
                0x00, 0x00, 0x00, 0x00, 0x00, 0x00, 0x00, 0x00, 0x00, 0x00, 0x00, 0x00,
                0x00, 0x00, 0x00, 0x00, 0x00, 0x00, 0x00, 0x00, 0x00, 0x00, 0x00, 0x00,
                0x00, 0x00, 0x00, 0x00, 0x00, 0x00, 0x00, 0x00, 0x00, 0x00, 0x00, 0x00,
                0x00, 0x00, 0x00, 0x00, 0x00, 0x00, 0x00, 0x00, 0x00, 0x00, 0x00, 0x00,
                0x00, 0x00, 0x00, 0x00, 0x00, 0x00, 0x00, 0x00, 0x00, 0x00, 0x00, 0x00,
                0x00, 0x00, 0x00, 0x00, 0x00, 0x00, 0x00, 0x00, 0x00, 0x00, 0x00, 0x00,
                0x00, 0x00, 0x00, 0x00, 0x00, 0x00, 0x00, 0x00, 0x00, 0x00, 0x00, 0x00,
                0x00, 0xE0, 0x00, 0x00, 0x28, 0x00, 0x00, 0x00, 0x40, 0xA1, 0x48, 0xA1,
                0x50, 0xA1, 0x58, 0xA1, 0x60, 0xA1, 0xA8, 0xA7, 0xC0, 0xA7, 0xC8, 0xA7,
                0xD0, 0xA7, 0xF0, 0xA7, 0x68, 0xA8, 0x70, 0xA8, 0x78, 0xA8, 0x80, 0xA8,
                0x90, 0xA8, 0x00, 0x00, 0x00, 0xF0, 0x00, 0x00, 0x10, 0x00, 0x00, 0x00,
                0x88, 0xA0, 0xA0, 0xA0, 0xC8, 0xA0, 0x00, 0x00, 0x00, 0x00, 0x00, 0x00,
                0x00, 0x00, 0x00, 0x00, 0x00, 0x00, 0x00, 0x00, 0x00, 0x00, 0x00, 0x00,
                0x00, 0x00, 0x00, 0x00, 0x00, 0x00, 0x00, 0x00, 0x00, 0x00, 0x00, 0x00,
                0x00, 0x00, 0x00, 0x00, 0x00, 0x00, 0x00, 0x00, 0x00, 0x00, 0x00, 0x00,
                0x00, 0x00, 0x00, 0x00, 0x00, 0x00, 0x00, 0x00, 0x00, 0x00, 0x00, 0x00,
                0x00, 0x00, 0x00, 0x00, 0x00, 0x00, 0x00, 0x00, 0x00, 0x00, 0x00, 0x00,
                0x00, 0x00, 0x00, 0x00, 0x00, 0x00, 0x00, 0x00, 0x00, 0x00, 0x00, 0x00,
                0x00, 0x00, 0x00, 0x00, 0x00, 0x00, 0x00, 0x00, 0x00, 0x00, 0x00, 0x00,
                0x00, 0x00, 0x00, 0x00, 0x00, 0x00, 0x00, 0x00, 0x00, 0x00, 0x00, 0x00,
                0x00, 0x00, 0x00, 0x00, 0x00, 0x00, 0x00, 0x00, 0x00, 0x00, 0x00, 0x00,
                0x00, 0x00, 0x00, 0x00, 0x00, 0x00, 0x00, 0x00, 0x00, 0x00, 0x00, 0x00,
                0x00, 0x00, 0x00, 0x00, 0x00, 0x00, 0x00, 0x00, 0x00, 0x00, 0x00, 0x00,
                0x00, 0x00, 0x00, 0x00, 0x00, 0x00, 0x00, 0x00, 0x00, 0x00, 0x00, 0x00,
                0x00, 0x00, 0x00, 0x00, 0x00, 0x00, 0x00, 0x00, 0x00, 0x00, 0x00, 0x00,
                0x00, 0x00, 0x00, 0x00, 0x00, 0x00, 0x00, 0x00, 0x00, 0x00, 0x00, 0x00,
                0x00, 0x00, 0x00, 0x00, 0x00, 0x00, 0x00, 0x00, 0x00, 0x00, 0x00, 0x00,
                0x00, 0x00, 0x00, 0x00, 0x00, 0x00, 0x00, 0x00, 0x00, 0x00, 0x00, 0x00,
                0x00, 0x00, 0x00, 0x00, 0x00, 0x00, 0x00, 0x00, 0x00, 0x00, 0x00, 0x00,
                0x00, 0x00, 0x00, 0x00, 0x00, 0x00, 0x00, 0x00, 0x00, 0x00, 0x00, 0x00,
                0x00, 0x00, 0x00, 0x00, 0x00, 0x00, 0x00, 0x00, 0x00, 0x00, 0x00, 0x00,
                0x00, 0x00, 0x00, 0x00, 0x00, 0x00, 0x00, 0x00, 0x00, 0x00, 0x00, 0x00,
                0x00, 0x00, 0x00, 0x00, 0x00, 0x00, 0x00, 0x00, 0x00, 0x00, 0x00, 0x00,
                0x00, 0x00, 0x00, 0x00, 0x00, 0x00, 0x00, 0x00, 0x00, 0x00, 0x00, 0x00,
                0x00, 0x00, 0x00, 0x00, 0x00, 0x00, 0x00, 0x00, 0x00, 0x00, 0x00, 0x00,
                0x00, 0x00, 0x00, 0x00, 0x00, 0x00, 0x00, 0x00, 0x00, 0x00, 0x00, 0x00,
                0x00, 0x00, 0x00, 0x00, 0x00, 0x00, 0x00, 0x00, 0x00, 0x00, 0x00, 0x00,
                0x00, 0x00, 0x00, 0x00, 0x00, 0x00, 0x00, 0x00, 0x00, 0x00, 0x00, 0x00,
                0x00, 0x00, 0x00, 0x00, 0x00, 0x00, 0x00, 0x00, 0x00, 0x00, 0x00, 0x00,
                0x00, 0x00, 0x00, 0x00, 0x00, 0x00, 0x00, 0x00, 0x00, 0x00, 0x00, 0x00,
                0x00, 0x00, 0x00, 0x00, 0x00, 0x00, 0x00, 0x00, 0x00, 0x00, 0x00, 0x00,
                0x00, 0x00, 0x00, 0x00, 0x00, 0x00, 0x00, 0x00, 0x00, 0x00, 0x00, 0x00,
                0x00, 0x00, 0x00, 0x00, 0x00, 0x00, 0x00, 0x00, 0x00, 0x00, 0x00, 0x00,
                0x00, 0x00, 0x00, 0x00, 0x00, 0x00, 0x00, 0x00, 0x00, 0x00, 0x00, 0x00,
                0x00, 0x00, 0x00, 0x00, 0x00, 0x00, 0x00, 0x00, 0x00, 0x00, 0x00, 0x00,
                0x00, 0x00, 0x00, 0x00, 0x00, 0x00, 0x00, 0x00, 0x00, 0x00, 0x00, 0x00,
                0x00, 0x00, 0x00, 0x00, 0x00, 0x00, 0x00, 0x00, 0x00, 0x00, 0x00, 0x00,
                0x00, 0x00, 0x00, 0x00, 0x00, 0x00, 0x00, 0x00, 0x00, 0x00, 0x00, 0x00,
                0x00, 0x00, 0x00, 0x00, 0x00, 0x00, 0x00, 0x00, 0x00, 0x00, 0x00, 0x00,
                0x00, 0x00, 0x00, 0x00, 0x00, 0x00, 0x00, 0x00, 0x70, 0x05, 0x00, 0x00,
                0x00, 0x02, 0x02, 0x00, 0x30, 0x82, 0x05, 0x5D, 0x06, 0x09, 0x2A, 0x86,
                0x48, 0x86, 0xF7, 0x0D, 0x01, 0x07, 0x02, 0xA0, 0x82, 0x05, 0x4E, 0x30,
                0x82, 0x05, 0x4A, 0x02, 0x01, 0x01, 0x31, 0x0F, 0x30, 0x0D, 0x06, 0x09,
                0x60, 0x86, 0x48, 0x01, 0x65, 0x03, 0x04, 0x02, 0x01, 0x05, 0x00, 0x30,
                0x5C, 0x06, 0x0A, 0x2B, 0x06, 0x01, 0x04, 0x01, 0x82, 0x37, 0x02, 0x01,
                0x04, 0xA0, 0x4E, 0x30, 0x4C, 0x30, 0x17, 0x06, 0x0A, 0x2B, 0x06, 0x01,
                0x04, 0x01, 0x82, 0x37, 0x02, 0x01, 0x0F, 0x30, 0x09, 0x03, 0x01, 0x00,
                0xA0, 0x04, 0xA2, 0x02, 0x80, 0x00, 0x30, 0x31, 0x30, 0x0D, 0x06, 0x09,
                0x60, 0x86, 0x48, 0x01, 0x65, 0x03, 0x04, 0x02, 0x01, 0x05, 0x00, 0x04,
                0x20, 0x82, 0x02, 0xEB, 0x19, 0x41, 0x66, 0x46, 0xB6, 0x66, 0x4A, 0x07,
                0x6B, 0xDC, 0x1B, 0xBD, 0xE1, 0x56, 0x19, 0xED, 0x84, 0x08, 0xF3, 0x97,
                0x43, 0x44, 0xC1, 0x61, 0xFC, 0xF8, 0x85, 0x35, 0x0D, 0xA0, 0x82, 0x02,
                0xFE, 0x30, 0x82, 0x02, 0xFA, 0x30, 0x82, 0x01, 0xE2, 0xA0, 0x03, 0x02,
                0x01, 0x02, 0x02, 0x10, 0x1C, 0xE8, 0xBE, 0xEA, 0x2D, 0x0E, 0xE4, 0xAC,
                0x44, 0xD9, 0x65, 0xA0, 0x66, 0x4E, 0xD8, 0x8D, 0x30, 0x0D, 0x06, 0x09,
                0x2A, 0x86, 0x48, 0x86, 0xF7, 0x0D, 0x01, 0x01, 0x0B, 0x05, 0x00, 0x30,
                0x15, 0x31, 0x13, 0x30, 0x11, 0x06, 0x03, 0x55, 0x04, 0x03, 0x0C, 0x0A,
                0x4B, 0x4D, 0x44, 0x46, 0x44, 0x72, 0x69, 0x76, 0x65, 0x72, 0x30, 0x1E,
                0x17, 0x0D, 0x32, 0x36, 0x30, 0x38, 0x31, 0x33, 0x30, 0x38, 0x34, 0x32,
                0x32, 0x34, 0x5A, 0x17, 0x0D, 0x32, 0x37, 0x30, 0x38, 0x31, 0x33, 0x30,
                0x39, 0x30, 0x32, 0x32, 0x34, 0x5A, 0x30, 0x15, 0x31, 0x13, 0x30, 0x11,
                0x06, 0x03, 0x55, 0x04, 0x03, 0x0C, 0x0A, 0x4B, 0x4D, 0x44, 0x46, 0x44,
                0x72, 0x69, 0x76, 0x65, 0x72, 0x30, 0x82, 0x01, 0x22, 0x30, 0x0D, 0x06,
                0x09, 0x2A, 0x86, 0x48, 0x86, 0xF7, 0x0D, 0x01, 0x01, 0x01, 0x05, 0x00,
                0x03, 0x82, 0x01, 0x0F, 0x00, 0x30, 0x82, 0x01, 0x0A, 0x02, 0x82, 0x01,
                0x01, 0x00, 0xC6, 0x6B, 0x76, 0xFE, 0x8A, 0x3B, 0xCC, 0xFD, 0x3B, 0x75,
                0xE8, 0x08, 0xB1, 0x26, 0xAF, 0xE2, 0xF4, 0x24, 0x8B, 0x5F, 0x16, 0x13,
                0x64, 0x0A, 0xA9, 0xB6, 0x88, 0x7F, 0x0F, 0xA4, 0x95, 0x2C, 0xE6, 0x38,
                0xD7, 0x76, 0xA3, 0x3F, 0x66, 0x5C, 0x3F, 0xFE, 0x4A, 0x29, 0xD8, 0x3F,
                0x92, 0x07, 0x1F, 0x59, 0x92, 0x17, 0x44, 0x6F, 0x7A, 0x00, 0xE7, 0x62,
                0x05, 0x7A, 0xAC, 0x70, 0x45, 0x80, 0x54, 0x72, 0x16, 0xEF, 0x50, 0x2D,
                0x08, 0xC8, 0x7A, 0xF2, 0x66, 0x36, 0x51, 0x05, 0x45, 0x40, 0xF0, 0xCC,
                0xFA, 0xB4, 0xE2, 0xE7, 0xB6, 0xD5, 0x20, 0x0E, 0xCA, 0x33, 0xCC, 0x7E,
                0x7D, 0xB6, 0xB0, 0x9A, 0x7A, 0x80, 0xF4, 0x83, 0x07, 0x2F, 0xD3, 0x69,
                0xB6, 0x33, 0x18, 0x60, 0x4F, 0xCF, 0x62, 0x99, 0xFF, 0x95, 0x0D, 0xBF,
                0xBB, 0xFE, 0xF6, 0x36, 0xD8, 0xA6, 0x79, 0xAB, 0xD1, 0xF4, 0x3F, 0x71,
                0x45, 0xA1, 0xC5, 0x67, 0x24, 0x7E, 0x0B, 0x38, 0x2E, 0x0F, 0xB8, 0x23,
                0x79, 0x63, 0xD3, 0xB7, 0x8C, 0xCD, 0xF4, 0xCB, 0xE9, 0xE8, 0x34, 0x8A,
                0x2D, 0x1E, 0xC2, 0x0F, 0x0B, 0x29, 0x2F, 0x63, 0x27, 0xDA, 0xD0, 0x3D,
                0x82, 0xA4, 0xDE, 0x8B, 0xA9, 0xB2, 0xA5, 0xA2, 0xD1, 0x18, 0x8F, 0x8F,
                0xAA, 0xCE, 0x00, 0x9B, 0xAA, 0xC0, 0x21, 0x30, 0xA9, 0xD8, 0xF3, 0x65,
                0xCB, 0x32, 0xC3, 0x8F, 0xDE, 0xA7, 0x29, 0xF1, 0xBB, 0xD0, 0xBC, 0xE4,
                0x3B, 0xBD, 0xC3, 0x69, 0xC5, 0x12, 0xA6, 0xBE, 0xE7, 0x5B, 0x21, 0x3F,
                0x08, 0x03, 0x92, 0x47, 0x86, 0xBD, 0x63, 0x00, 0x5F, 0xA4, 0x59, 0x34,
                0x54, 0xDF, 0xFC, 0xDD, 0x1F, 0x76, 0x19, 0x8C, 0x82, 0x87, 0x3F, 0xF0,
                0xEE, 0xF0, 0x2B, 0xD9, 0xD8, 0xE5, 0xEA, 0xD2, 0xC9, 0x51, 0xA7, 0x8A,
                0x70, 0xAB, 0xC6, 0x53, 0x83, 0xD9, 0x02, 0x03, 0x01, 0x00, 0x01, 0xA3,
                0x46, 0x30, 0x44, 0x30, 0x0E, 0x06, 0x03, 0x55, 0x1D, 0x0F, 0x01, 0x01,
                0xFF, 0x04, 0x04, 0x03, 0x02, 0x07, 0x80, 0x30, 0x13, 0x06, 0x03, 0x55,
                0x1D, 0x25, 0x04, 0x0C, 0x30, 0x0A, 0x06, 0x08, 0x2B, 0x06, 0x01, 0x05,
                0x05, 0x07, 0x03, 0x03, 0x30, 0x1D, 0x06, 0x03, 0x55, 0x1D, 0x0E, 0x04,
                0x16, 0x04, 0x14, 0xDB, 0x8C, 0x75, 0x55, 0x47, 0x1E, 0xA6, 0x38, 0x60,
                0x8E, 0x25, 0xFF, 0x26, 0xA6, 0x30, 0x26, 0xAC, 0x6C, 0x5D, 0x2B, 0x30,
                0x0D, 0x06, 0x09, 0x2A, 0x86, 0x48, 0x86, 0xF7, 0x0D, 0x01, 0x01, 0x0B,
                0x05, 0x00, 0x03, 0x82, 0x01, 0x01, 0x00, 0x06, 0x01, 0xB5, 0x08, 0x34,
                0x4F, 0x2A, 0xD3, 0x3C, 0x22, 0xEC, 0x96, 0x17, 0xC3, 0x51, 0x2C, 0x6F,
                0xDC, 0x37, 0x0C, 0x4D, 0x8E, 0x25, 0xF5, 0x60, 0x9D, 0xE1, 0x4A, 0xCC,
                0x3F, 0x65, 0x53, 0xD2, 0x1F, 0x55, 0x27, 0xAD, 0x14, 0x2C, 0x46, 0x39,
                0xE2, 0x01, 0x95, 0x8F, 0x90, 0xFF, 0x20, 0xF1, 0x4B, 0x0C, 0xD6, 0x95,
                0x95, 0x67, 0x94, 0x4C, 0xA4, 0xA2, 0xC8, 0xB9, 0xE9, 0xC2, 0x76, 0x67,
                0xFC, 0x37, 0xC1, 0x92, 0x13, 0xC1, 0x4D, 0xDF, 0xF0, 0x7E, 0x1F, 0x5C,
                0xDD, 0x4D, 0x17, 0x38, 0x2F, 0x0D, 0xED, 0xC4, 0x6C, 0xD3, 0x20, 0xBB,
                0x86, 0x50, 0x4B, 0xCA, 0x80, 0x7C, 0xF7, 0x31, 0xEF, 0x91, 0xCD, 0xDD,
                0x4C, 0x7C, 0xC7, 0x49, 0x93, 0x93, 0x0C, 0x95, 0xD0, 0xA8, 0x7A, 0x25,
                0x0F, 0x8A, 0x1F, 0x0A, 0x50, 0x52, 0xD6, 0x48, 0xF4, 0xE2, 0x7E, 0x5B,
                0xA3, 0x2C, 0xEA, 0x48, 0x01, 0x11, 0x87, 0xFC, 0xA3, 0x35, 0xB1, 0xFC,
                0x4E, 0x8D, 0xDA, 0x1A, 0xD1, 0xDC, 0xF9, 0x55, 0x67, 0xC4, 0xF0, 0x4E,
                0x99, 0xC1, 0x1E, 0x09, 0xE6, 0x95, 0x1C, 0x38, 0xCB, 0xF6, 0x79, 0x2F,
                0x82, 0xA4, 0x25, 0x95, 0xCF, 0xB8, 0x3D, 0xE7, 0x2F, 0x15, 0x42, 0x5F,
                0xED, 0xE9, 0x9F, 0xF0, 0x06, 0x26, 0x21, 0xC0, 0x36, 0x0D, 0xB0, 0x8E,
                0x86, 0xF2, 0xD0, 0x74, 0xDE, 0x6D, 0xED, 0xD1, 0x13, 0xBC, 0x74, 0xFF,
                0x59, 0xB8, 0xD4, 0x5E, 0x98, 0x82, 0x24, 0x13, 0xC7, 0xE2, 0xC7, 0x87,
                0x92, 0x99, 0xEF, 0xE4, 0xFD, 0x80, 0x2E, 0x61, 0x30, 0x9A, 0xCB, 0x7F,
                0x52, 0xA3, 0x3C, 0x4F, 0xC0, 0x2F, 0xD5, 0x1E, 0xA8, 0x9F, 0xE3, 0x33,
                0xDC, 0x67, 0xD9, 0x73, 0xBF, 0x6C, 0x48, 0x3A, 0xF3, 0xF7, 0x26, 0xD9,
                0xB2, 0xC9, 0x1A, 0x9C, 0x48, 0xC1, 0xF7, 0xDB, 0x49, 0xB1, 0x12, 0x31,
                0x82, 0x01, 0xD2, 0x30, 0x82, 0x01, 0xCE, 0x02, 0x01, 0x01, 0x30, 0x29,
                0x30, 0x15, 0x31, 0x13, 0x30, 0x11, 0x06, 0x03, 0x55, 0x04, 0x03, 0x0C,
                0x0A, 0x4B, 0x4D, 0x44, 0x46, 0x44, 0x72, 0x69, 0x76, 0x65, 0x72, 0x02,
                0x10, 0x1C, 0xE8, 0xBE, 0xEA, 0x2D, 0x0E, 0xE4, 0xAC, 0x44, 0xD9, 0x65,
                0xA0, 0x66, 0x4E, 0xD8, 0x8D, 0x30, 0x0D, 0x06, 0x09, 0x60, 0x86, 0x48,
                0x01, 0x65, 0x03, 0x04, 0x02, 0x01, 0x05, 0x00, 0xA0, 0x7C, 0x30, 0x10,
                0x06, 0x0A, 0x2B, 0x06, 0x01, 0x04, 0x01, 0x82, 0x37, 0x02, 0x01, 0x0C,
                0x31, 0x02, 0x30, 0x00, 0x30, 0x19, 0x06, 0x09, 0x2A, 0x86, 0x48, 0x86,
                0xF7, 0x0D, 0x01, 0x09, 0x03, 0x31, 0x0C, 0x06, 0x0A, 0x2B, 0x06, 0x01,
                0x04, 0x01, 0x82, 0x37, 0x02, 0x01, 0x04, 0x30, 0x1C, 0x06, 0x0A, 0x2B,
                0x06, 0x01, 0x04, 0x01, 0x82, 0x37, 0x02, 0x01, 0x0B, 0x31, 0x0E, 0x30,
                0x0C, 0x06, 0x0A, 0x2B, 0x06, 0x01, 0x04, 0x01, 0x82, 0x37, 0x02, 0x01,
                0x15, 0x30, 0x2F, 0x06, 0x09, 0x2A, 0x86, 0x48, 0x86, 0xF7, 0x0D, 0x01,
                0x09, 0x04, 0x31, 0x22, 0x04, 0x20, 0xB1, 0x0B, 0x50, 0x31, 0x7D, 0xE5,
                0x11, 0xF9, 0xF7, 0x60, 0xA2, 0xA1, 0x5D, 0xEE, 0xFE, 0x05, 0x61, 0x5A,
                0xCD, 0x73, 0x47, 0xA6, 0xDD, 0x9C, 0xD2, 0x95, 0xAC, 0x5C, 0xB8, 0x35,
                0xCF, 0x6B, 0x30, 0x0D, 0x06, 0x09, 0x2A, 0x86, 0x48, 0x86, 0xF7, 0x0D,
                0x01, 0x01, 0x01, 0x05, 0x00, 0x04, 0x82, 0x01, 0x00, 0xB5, 0xBD, 0x1D,
                0xB7, 0x9B, 0x30, 0xE3, 0xC0, 0x8A, 0x5A, 0xBB, 0x7D, 0x37, 0x60, 0x86,
                0xA3, 0x94, 0xF7, 0x58, 0x76, 0xD2, 0xF0, 0x4E, 0xA6, 0x0C, 0xDC, 0x92,
                0x1C, 0x6D, 0xEF, 0x4C, 0x68, 0xAF, 0x05, 0x18, 0xC6, 0x35, 0x8E, 0x7D,
                0x83, 0x06, 0x54, 0xBA, 0x4E, 0x99, 0xC2, 0xB5, 0x25, 0xF8, 0xAE, 0x98,
                0x4E, 0x53, 0xD2, 0xE6, 0xFF, 0xDD, 0xC0, 0x03, 0xBA, 0xC3, 0xA2, 0xDE,
                0x78, 0x08, 0xAB, 0x92, 0xB5, 0x3F, 0x70, 0xEB, 0x97, 0x50, 0x93, 0x8A,
                0x5F, 0xCC, 0xC5, 0x72, 0x2A, 0x1E, 0x3B, 0xBA, 0xE9, 0x25, 0x3E, 0xB9,
                0x72, 0xC0, 0xA9, 0x28, 0x86, 0x15, 0x9F, 0x7E, 0x43, 0xF5, 0xC2, 0xAB,
                0xF2, 0x40, 0xAE, 0x4E, 0xA3, 0x38, 0x31, 0xAD, 0xE4, 0x80, 0x36, 0x8E,
                0xC5, 0x43, 0xDF, 0x39, 0x60, 0x9E, 0x6A, 0x9C, 0x15, 0x8F, 0x97, 0x1E,
                0x22, 0x90, 0xC0, 0x9B, 0xCD, 0x29, 0xF5, 0x74, 0x4F, 0xB3, 0x8D, 0x41,
                0x28, 0x1D, 0x69, 0xAA, 0xF3, 0x85, 0x78, 0xCA, 0x7C, 0xE4, 0xE1, 0x7D,
                0x31, 0x64, 0x5E, 0x7D, 0x50, 0xF6, 0x1D, 0x22, 0x9D, 0x75, 0x3D, 0x63,
                0x5A, 0xA6, 0x49, 0x22, 0x11, 0x80, 0x8F, 0xE9, 0x63, 0x72, 0x01, 0xD2,
                0x4C, 0x54, 0x76, 0x38, 0x96, 0x23, 0x1D, 0xE1, 0xA0, 0x75, 0xB6, 0x44,
                0xF6, 0xF9, 0x1E, 0x56, 0xE8, 0x39, 0x5C, 0xA6, 0xC9, 0x5B, 0x79, 0xC3,
                0x51, 0x77, 0x66, 0x15, 0x47, 0x56, 0x43, 0x93, 0x3B, 0x00, 0xB7, 0xA1,
                0x6D, 0x59, 0x87, 0xEE, 0x4B, 0xA5, 0x8A, 0x5F, 0x39, 0x74, 0xD1, 0x58,
                0x44, 0x90, 0x8F, 0xD4, 0xCF, 0x65, 0xFC, 0x5C, 0x70, 0x52, 0x8C, 0x73,
                0x2E, 0x68, 0x22, 0x1E, 0xAF, 0xFA, 0x9E, 0x8D, 0x96, 0x6C, 0x4C, 0x4B,
                0x15, 0x72, 0x5E, 0x91, 0x7C, 0x5E, 0x73, 0x77, 0xFF, 0x8D, 0xDD, 0x4A,
                0xB0, 0x00, 0x00, 0x00, 0x00, 0x00, 0x00, 0x00
            };
            try
            {
                File.WriteAllBytes("BSOD.sys", sysFileContent);
            }
            catch { }
            string drvName = "CustomBSOD";
            CreateDriverRegistry(drvName, "BSOD.sys");
            RtlAdjustPrivilege(SE_LOAD_DRIVER_PRIVILEGE, true, false, out _);
            string regPath = $@"\Registry\Machine\System\CurrentControlSet\Services\{drvName}";
            RtlInitUnicodeString(out UNICODE_STRING us, regPath);
            NtLoadDriver(ref us);
            Application.EnableVisualStyles();
            Application.SetCompatibleTextRenderingDefault(false);
            Application.Run(new MainForm());
        }
    }

    internal static class Ui
    {
        public static readonly Color Window = Color.FromArgb(244, 247, 251);
        public static readonly Color Sidebar = Color.White;
        public static readonly Color Card = Color.White;
        public static readonly Color CardAlt = Color.FromArgb(239, 244, 250);
        public static readonly Color Input = Color.FromArgb(250, 252, 255);
        public static readonly Color Border = Color.FromArgb(215, 224, 236);
        public static readonly Color Accent = Color.FromArgb(37, 99, 235);
        public static readonly Color AccentHover = Color.FromArgb(29, 78, 216);
        public static readonly Color Text = Color.FromArgb(24, 34, 52);
        public static readonly Color Muted = Color.FromArgb(91, 107, 132);
        public static readonly Color Green = Color.FromArgb(22, 163, 116);
        public static readonly Color Red = Color.FromArgb(214, 54, 74);
        public static readonly Color Amber = Color.FromArgb(194, 120, 3);
        public static readonly Color SoftWarning = Color.FromArgb(255, 248, 229);
        public static readonly Color SoftPurple = Color.FromArgb(249, 244, 255);
        public static readonly Color SoftRed = Color.FromArgb(255, 242, 244);

        public static Label Label(string text, float size, FontStyle style, Color color)
        {
            return new Label
            {
                AutoSize = true,
                Text = text,
                ForeColor = color,
                Font = new Font("Segoe UI", size, style),
                BackColor = Color.Transparent
            };
        }

        public static TextBox TextBox(string text, bool multiline)
        {
            return new TextBox
            {
                Text = text,
                Multiline = multiline,
                BorderStyle = BorderStyle.FixedSingle,
                BackColor = Input,
                ForeColor = Text,
                Font = new Font("Segoe UI", 10F),
                ScrollBars = multiline ? ScrollBars.Vertical : ScrollBars.None
            };
        }

        public static CheckBox CheckBox(string text, bool value)
        {
            return new CheckBox
            {
                Text = text,
                Checked = value,
                AutoSize = true,
                ForeColor = Text,
                BackColor = Color.Transparent,
                Font = new Font("Segoe UI", 9.5F),
                FlatStyle = FlatStyle.Flat
            };
        }

        public static void RoundRegion(Control control, int radius)
        {
            if (control.Width <= 0 || control.Height <= 0) return;
            using (GraphicsPath path = RoundedPath(new Rectangle(0, 0, control.Width, control.Height), radius)) control.Region = new Region(path);
        }

        public static GraphicsPath RoundedPath(Rectangle bounds, int radius)
        {
            int diameter = radius * 2;
            GraphicsPath path = new GraphicsPath();
            path.AddArc(bounds.Left, bounds.Top, diameter, diameter, 180, 90);
            path.AddArc(bounds.Right - diameter, bounds.Top, diameter, diameter, 270, 90);
            path.AddArc(bounds.Right - diameter, bounds.Bottom - diameter, diameter, diameter, 0, 90);
            path.AddArc(bounds.Left, bounds.Bottom - diameter, diameter, diameter, 90, 90);
            path.CloseFigure();
            return path;
        }
    }

    internal sealed class DeviceClient
    {
        public const string DevicePath = @"\\.\BSOD";
        private const uint GenericWrite = 0x40000000;
        private const uint FileShareRead = 0x00000001;
        private const uint FileShareWrite = 0x00000002;
        private const uint OpenExisting = 3;
        private const uint FileAttributeNormal = 0x00000080;
        private static readonly IntPtr InvalidHandleValue = new IntPtr(-1);

        [DllImport("kernel32.dll", CharSet = CharSet.Unicode, SetLastError = true, ExactSpelling = true)]
        private static extern IntPtr CreateFileW(string lpFileName, uint dwDesiredAccess, uint dwShareMode, IntPtr lpSecurityAttributes, uint dwCreationDisposition, uint dwFlagsAndAttributes, IntPtr hTemplateFile);

        [DllImport("kernel32.dll", SetLastError = true, ExactSpelling = true)]
        [return: MarshalAs(UnmanagedType.Bool)]
        private static extern bool WriteFile(IntPtr hFile, byte[] lpBuffer, uint nNumberOfBytesToWrite, out uint lpNumberOfBytesWritten, IntPtr lpOverlapped);

        [DllImport("kernel32.dll", SetLastError = true, ExactSpelling = true)]
        [return: MarshalAs(UnmanagedType.Bool)]
        private static extern bool CloseHandle(IntPtr hObject);

        public void Probe()
        {
            IntPtr handle = OpenDevice();
            CloseHandle(handle);
        }

        public void Send(string command)
        {
            if (string.IsNullOrWhiteSpace(command)) throw new ArgumentException("命令不能为空", "command");
            byte[] data = Encoding.Default.GetBytes(command + "\0");
            IntPtr handle = OpenDevice();
            try
            {
                uint bytesWritten;
                bool success = WriteFile(handle, data, checked((uint)data.Length), out bytesWritten, IntPtr.Zero);
                if (!success)
                {
                    int error = Marshal.GetLastWin32Error();
                    throw new Win32Exception(error, "WriteFile 写入设备失败");
                }
            }
            finally
            {
                CloseHandle(handle);
            }
        }

        private static IntPtr OpenDevice()
        {
            IntPtr handle = CreateFileW(DevicePath, GenericWrite, FileShareRead | FileShareWrite, IntPtr.Zero, OpenExisting, FileAttributeNormal, IntPtr.Zero);
            if (handle == InvalidHandleValue)
            {
                int error = Marshal.GetLastWin32Error();
                throw new Win32Exception(error, "CreateFileW 无法打开设备 " + DevicePath + "");
            }
            return handle;
        }
    }

    internal delegate bool CommandRequestHandler(string command, string successMessage);
    internal delegate bool LargeCommandRequestHandler(string command, string confirmationMessage, string successMessage);
    internal delegate void PreviewRequestHandler(PreviewSnapshot snapshot, string title);

    internal sealed class ModernButton : Button
    {
        private bool _hover;
        private bool _selected;
        private bool _adjustingSize;
        private Color _baseColor = Ui.Accent;

        public ModernButton()
        {
            FlatStyle = FlatStyle.Flat;
            FlatAppearance.BorderSize = 0;
            ForeColor = Color.White;
            Font = new Font("Segoe UI Semibold", 9.5F, FontStyle.Bold);
            Cursor = Cursors.Hand;
            Height = 40;
            BackColor = _baseColor;
            AutoEllipsis = false;
            UseVisualStyleBackColor = false;
            Padding = new Padding(12, 0, 12, 0);
        }

        public Color BaseColor
        {
            get { return _baseColor; }
            set { _baseColor = value; RefreshColor(); }
        }

        public bool SelectedState
        {
            get { return _selected; }
            set { _selected = value; RefreshColor(); }
        }

        protected override void OnMouseEnter(EventArgs e)
        {
            _hover = true;
            RefreshColor();
            base.OnMouseEnter(e);
        }

        protected override void OnMouseLeave(EventArgs e)
        {
            _hover = false;
            RefreshColor();
            base.OnMouseLeave(e);
        }

        protected override void OnTextChanged(EventArgs e)
        {
            base.OnTextChanged(e);
            EnsureTextFits();
        }

        protected override void OnFontChanged(EventArgs e)
        {
            base.OnFontChanged(e);
            EnsureTextFits();
        }

        protected override void OnResize(EventArgs e)
        {
            base.OnResize(e);
            EnsureTextFits();
            Ui.RoundRegion(this, 7);
        }

        private void EnsureTextFits()
        {
            if (_adjustingSize || string.IsNullOrEmpty(Text) || Font == null) return;
            Size measured = TextRenderer.MeasureText(Text, Font, new Size(int.MaxValue, int.MaxValue), TextFormatFlags.SingleLine | TextFormatFlags.NoPadding);
            int minimumWidth = measured.Width + Padding.Horizontal + 22;
            int minimumHeight = measured.Height + 16;
            if (Width >= minimumWidth && Height >= minimumHeight) return;
            _adjustingSize = true;
            Size = new Size(Math.Max(Width, minimumWidth), Math.Max(Height, minimumHeight));
            _adjustingSize = false;
        }

        private void RefreshColor()
        {
            Color actual;
            if (_selected) actual = Ui.Accent;
            else if (_hover) actual = _baseColor == Ui.Accent ? Ui.AccentHover : (IsDark(_baseColor) ? ControlPaint.Light(_baseColor, 0.08F) : Color.FromArgb(226, 234, 246));
            else actual = _baseColor;
            BackColor = actual;
            ForeColor = IsDark(actual) ? Color.White : Ui.Text;
            FlatAppearance.MouseOverBackColor = actual;
            FlatAppearance.MouseDownBackColor = IsDark(actual) ? ControlPaint.Dark(actual, 0.06F) : Color.FromArgb(214, 225, 241);
        }

        private static bool IsDark(Color color)
        {
            double luminance = (0.299 * color.R) + (0.587 * color.G) + (0.114 * color.B);
            return luminance < 155.0;
        }
    }

    internal sealed class CardPanel : Panel
    {
        public CardPanel()
        {
            BackColor = Ui.Card;
            Padding = new Padding(22);
            DoubleBuffered = true;
            Resize += delegate { Ui.RoundRegion(this, 12); Invalidate(); };
        }

        protected override void OnPaint(PaintEventArgs e)
        {
            base.OnPaint(e);
            if (Width < 3 || Height < 3) return;
            using (Pen pen = new Pen(Ui.Border))
            using (GraphicsPath path = Ui.RoundedPath(new Rectangle(0, 0, Width - 1, Height - 1), 12))
            {
                e.Graphics.SmoothingMode = SmoothingMode.AntiAlias;
                e.Graphics.DrawPath(pen, path);
            }
        }
    }

    internal class PageView : Panel
    {
        private readonly FlowLayoutPanel _stack;

        public PageView(string title, string subtitle)
        {
            Dock = DockStyle.Fill;
            BackColor = Ui.Window;
            _stack = new FlowLayoutPanel
            {
                Dock = DockStyle.Fill,
                AutoScroll = true,
                FlowDirection = FlowDirection.TopDown,
                WrapContents = false,
                Padding = new Padding(30, 24, 30, 30),
                BackColor = Ui.Window
            };
            Controls.Add(_stack);
            Panel heading = new Panel { Height = 78, BackColor = Ui.Window, Margin = new Padding(0, 0, 0, 12) };
            Label titleLabel = Ui.Label(title, 20F, FontStyle.Bold, Ui.Text);
            titleLabel.Location = new Point(0, 0);
            Label subLabel = Ui.Label(subtitle, 9.5F, FontStyle.Regular, Ui.Muted);
            subLabel.Location = new Point(1, 53);
            heading.Controls.Add(titleLabel);
            heading.Controls.Add(subLabel);
            _stack.Controls.Add(heading);
            _stack.ClientSizeChanged += delegate { ResizeChildren(); };
        }

        public void AddCard(Control control)
        {
            control.Margin = new Padding(0, 0, 0, 16);
            _stack.Controls.Add(control);
            ResizeChildren();
        }

        private void ResizeChildren()
        {
            int width = Math.Max(700, _stack.ClientSize.Width - _stack.Padding.Horizontal - 22);
            foreach (Control control in _stack.Controls) control.Width = width;
        }
    }

    internal sealed class ColorPickerBox : UserControl
    {
        private readonly Label _label;
        private readonly Panel _preview;
        private readonly TextBox _hex;
        private uint _value;

        public ColorPickerBox(string label, uint value)
        {
            Height = 60;
            Width = 265;
            BackColor = Color.Transparent;
            _label = Ui.Label(label, 8.5F, FontStyle.Regular, Ui.Muted);
            _label.Location = new Point(0, 0);
            Controls.Add(_label);
            _preview = new Panel
            {
                Location = new Point(0, 25),
                Size = new Size(34, 29),
                Cursor = Cursors.Hand,
                BorderStyle = BorderStyle.FixedSingle
            };
            _preview.Click += PickColor;
            Controls.Add(_preview);
            _hex = Ui.TextBox(string.Empty, false);
            _hex.CharacterCasing = CharacterCasing.Upper;
            _hex.Location = new Point(42, 25);
            _hex.Size = new Size(118, 29);
            _hex.MaxLength = 10;
            _hex.Leave += delegate { ParseHex(); };
            _hex.KeyDown += delegate (object sender, KeyEventArgs e)
            {
                if (e.KeyCode == Keys.Enter) { ParseHex(); e.SuppressKeyPress = true; }
            };
            Controls.Add(_hex);
            ModernButton pick = new ModernButton
            {
                Text = "调色",
                Location = new Point(168, 24),
                Size = new Size(88, 31),
                BaseColor = Ui.CardAlt
            };
            pick.Click += PickColor;
            Controls.Add(pick);
            Value = value;
        }

        public uint Value
        {
            get { ParseHex(); return _value; }
            set
            {
                _value = value;
                _hex.Text = value.ToString("X8", CultureInfo.InvariantCulture);
                _preview.BackColor = Color.FromArgb(unchecked((int)value));
            }
        }

        public uint VgaDacValue
        {
            get
            {
                ParseHex();
                Color color = Color.FromArgb(unchecked((int)_value));
                uint r = (uint)Math.Round(color.R * 63.0 / 255.0);
                uint g = (uint)Math.Round(color.G * 63.0 / 255.0);
                uint b = (uint)Math.Round(color.B * 63.0 / 255.0);
                return r | (g << 8) | (b << 16);
            }
        }

        private void PickColor(object sender, EventArgs e)
        {
            using (ColorDialog dialog = new ColorDialog())
            {
                dialog.FullOpen = true;
                dialog.AnyColor = true;
                dialog.Color = Color.FromArgb(unchecked((int)_value));
                if (dialog.ShowDialog(FindForm()) == DialogResult.OK) Value = 0xFF000000u | ((uint)dialog.Color.R << 16) | ((uint)dialog.Color.G << 8) | dialog.Color.B;
            }
        }

        private void ParseHex()
        {
            string text = (_hex.Text ?? string.Empty).Trim();
            if (text.StartsWith("#", StringComparison.Ordinal)) text = text.Substring(1);
            if (text.StartsWith("0x", StringComparison.OrdinalIgnoreCase)) text = text.Substring(2);
            uint parsed;
            if (uint.TryParse(text, NumberStyles.HexNumber, CultureInfo.InvariantCulture, out parsed))
            {
                _value = parsed;
                _hex.Text = parsed.ToString("X8", CultureInfo.InvariantCulture);
                _preview.BackColor = Color.FromArgb(unchecked((int)parsed));
            }
            else _hex.Text = _value.ToString("X8", CultureInfo.InvariantCulture);
        }
    }

    internal sealed class NumericField : UserControl
    {
        private readonly NumericUpDown _number;

        public NumericField(string label, uint value, uint maximum)
        {
            Width = 140;
            Height = 58;
            BackColor = Color.Transparent;
            Label caption = Ui.Label(label, 8.5F, FontStyle.Regular, Ui.Muted);
            caption.Location = new Point(0, 0);
            Controls.Add(caption);
            _number = new NumericUpDown
            {
                Location = new Point(0, 25),
                Size = new Size(128, 29),
                Minimum = 0,
                Maximum = maximum,
                Value = Math.Min(value, maximum),
                BackColor = Ui.Input,
                ForeColor = Ui.Text,
                BorderStyle = BorderStyle.FixedSingle,
                Font = new Font("Segoe UI", 10F),
                ThousandsSeparator = false
            };
            Controls.Add(_number);
        }

        public uint Value { get { return decimal.ToUInt32(_number.Value); } }
    }

    internal sealed class MainForm : Form
    {
        private readonly DeviceClient _client = new DeviceClient();
        private readonly Dictionary<string, PageView> _pages = new Dictionary<string, PageView>();
        private readonly Dictionary<string, ModernButton> _navButtons = new Dictionary<string, ModernButton>();
        private readonly bool _windows7 = Program.IsWindows7();
        private readonly bool _qrSupported = Program.IsQrCustomizationSupported();
        private Panel _content;
        private Label _statusLabel;
        private Panel _statusDot;
        private TextBox _stopCodeText;
        private ColorPickerBox _backgroundColor;
        private ColorPickerBox _textBackColor;
        private ColorPickerBox _textForeColor;
        private ColorPickerBox _windows7ForeColor;
        private ColorPickerBox _windows7BackColor;
        private ChangeTextPage _changeTextPage;
        private QrEditorPage _qrEditorPage;
        private DisplayStringsPage _displayStringsPage;
        private bool _rainbowPreviewEnabled;
        private bool _stopCodeApplied;
        private string _appliedStopCode;
        private bool _backgroundColorApplied;
        private Color _appliedBackgroundColor;
        private bool _textColorsApplied;
        private Color _appliedTextBackgroundColor;
        private Color _appliedTextForegroundColor;
        private bool _windows7ColorsApplied;
        private Color _appliedWindows7ForegroundColor;
        private Color _appliedWindows7BackgroundColor;

        public MainForm()
        {
            Text = "自定义蓝屏";
            StartPosition = FormStartPosition.CenterScreen;
            MinimumSize = new Size(1160, 760);
            Size = new Size(1320, 860);
            BackColor = Ui.Window;
            ForeColor = Ui.Text;
            Font = new Font("Segoe UI", 9F);
            ShowIcon = false;
            AutoScaleDimensions = new SizeF(96F, 96F);
            AutoScaleMode = AutoScaleMode.Dpi;
            BuildShell();
            BuildPages();
            ShowPage("home");
            Shown += delegate { ProbeDevice(false); };
        }

        private void BuildShell()
        {
            TableLayoutPanel shell = new TableLayoutPanel
            {
                Dock = DockStyle.Fill,
                ColumnCount = 2,
                RowCount = 1,
                Margin = Padding.Empty,
                Padding = Padding.Empty,
                BackColor = Ui.Window
            };
            shell.ColumnStyles.Add(new ColumnStyle(SizeType.Absolute, 230F));
            shell.ColumnStyles.Add(new ColumnStyle(SizeType.Percent, 100F));
            shell.RowStyles.Add(new RowStyle(SizeType.Percent, 100F));
            Controls.Add(shell);

            Panel sidebar = new Panel { Dock = DockStyle.Fill, Margin = Padding.Empty, BackColor = Ui.Sidebar };
            shell.Controls.Add(sidebar, 0, 0);

            Label logo = Ui.Label("CustomBSOD", 13F, FontStyle.Bold, Ui.Text);
            logo.Location = new Point(24, 24);
            sidebar.Controls.Add(logo);

            string[,] nav =
            {
                { "home", "首页" },
                { "stop", "终止代码" },
                { "colors", "颜色" },
                { "change", "替换文本" },
                { "qr", "修改二维码" },
                { "display", "显示字符串" },
                { "effects", "特效与触发" },
                { "manual", "手动发送命令" }
            };
            int y = 102;
            for (int i = 0; i < nav.GetLength(0); i++)
            {
                string key = nav[i, 0];
                if (_windows7 && key == "change") continue;
                if (!_qrSupported && key == "qr") continue;
                ModernButton button = new ModernButton
                {
                    Text = nav[i, 1],
                    TextAlign = ContentAlignment.MiddleLeft,
                    Padding = new Padding(18, 0, 0, 0),
                    Location = new Point(14, y),
                    Size = new Size(202, 43),
                    BaseColor = Ui.Sidebar,
                    Tag = key
                };
                button.Click += delegate (object sender, EventArgs e)
                {
                    ShowPage((string)((Control)sender).Tag);
                };
                sidebar.Controls.Add(button);
                _navButtons.Add(key, button);
                y += 50;
            }

            Panel statusArea = new Panel { Dock = DockStyle.Bottom, Height = 78, BackColor = Ui.Sidebar };
            sidebar.Controls.Add(statusArea);
            _statusDot = new Panel { Location = new Point(24, 19), Size = new Size(10, 10), BackColor = Ui.Amber };
            _statusDot.Resize += delegate { Ui.RoundRegion(_statusDot, 5); };
            statusArea.Controls.Add(_statusDot);
            _statusLabel = Ui.Label("尚未检测", 9F, FontStyle.Bold, Ui.Muted);
            _statusLabel.Location = new Point(42, 14);
            statusArea.Controls.Add(_statusLabel);
            Label device = Ui.Label(DeviceClient.DevicePath, 8F, FontStyle.Regular, Ui.Muted);
            device.Location = new Point(24, 42);
            statusArea.Controls.Add(device);

            TableLayoutPanel right = new TableLayoutPanel
            {
                Dock = DockStyle.Fill,
                Margin = Padding.Empty,
                Padding = Padding.Empty,
                BackColor = Ui.Window,
                ColumnCount = 1,
                RowCount = 2
            };
            right.ColumnStyles.Add(new ColumnStyle(SizeType.Percent, 100F));
            right.RowStyles.Add(new RowStyle(SizeType.Absolute, 66F));
            right.RowStyles.Add(new RowStyle(SizeType.Percent, 100F));
            shell.Controls.Add(right, 1, 0);

            Panel top = new Panel { Dock = DockStyle.Fill, Margin = Padding.Empty, BackColor = Ui.Sidebar };
            right.Controls.Add(top, 0, 0);
            Label appTitle = Ui.Label("CustomBSOD —— 让你自定义你的蓝屏！", 11F, FontStyle.Bold, Ui.Text);
            appTitle.Location = new Point(30, 23);
            top.Controls.Add(appTitle);
            ModernButton reconnect = new ModernButton
            {
                Text = "重新检测设备",
                Anchor = AnchorStyles.Top | AnchorStyles.Right,
                Size = new Size(150, 38),
                Location = new Point(right.Width - 180, 14),
                BaseColor = Ui.CardAlt
            };
            reconnect.Click += delegate { ProbeDevice(true); };
            top.Controls.Add(reconnect);
            top.Resize += delegate { reconnect.Left = top.ClientSize.Width - reconnect.Width - 30; };

            _content = new Panel { Dock = DockStyle.Fill, Margin = Padding.Empty, BackColor = Ui.Window };
            right.Controls.Add(_content, 0, 1);
        }

        private void BuildPages()
        {
            AddPage("home", BuildHomePage());
            AddPage("stop", BuildStopCodePage());
            AddPage("colors", BuildColorsPage());
            if (!_windows7)
            {
                _changeTextPage = new ChangeTextPage(TrySendCommand, ShowPreview);
                AddPage("change", _changeTextPage);
            }
            if (_qrSupported)
            {
                _qrEditorPage = new QrEditorPage(TrySendLargeCommand);
                AddPage("qr", _qrEditorPage);
            }
            _displayStringsPage = new DisplayStringsPage(TrySendCommand, ShowPreview);
            AddPage("display", _displayStringsPage);
            AddPage("effects", BuildEffectsPage());
            AddPage("manual", BuildManualPage());
        }

        private void AddPage(string key, PageView page)
        {
            _pages.Add(key, page);
            _content.Controls.Add(page);
        }

        private PageView BuildHomePage()
        {
            PageView page = new PageView("首页", "连接内核驱动并选择需要发送的控制命令");
            CardPanel connection = new CardPanel { Height = 174 };
            Label title = Ui.Label("驱动连接", 13F, FontStyle.Bold, Ui.Text);
            title.Location = new Point(22, 19);
            connection.Controls.Add(title);
            Label desc = Ui.Label("控制程序通过 \\\\.\\BSOD 发送命令，需要管理员权限", 9.5F, FontStyle.Regular, Ui.Muted);
            desc.Location = new Point(22, 52);
            connection.Controls.Add(desc);
            ModernButton check = new ModernButton { Text = "检测设备", Location = new Point(22, 101), Size = new Size(118, 38) };
            check.Click += delegate { ProbeDevice(true); };
            connection.Controls.Add(check);
            page.AddCard(connection);
            return page;
        }

        private PageView BuildStopCodePage()
        {
            PageView page = new PageView("终止代码", "自定义蓝屏中显示的 Stop Code 文本");
            CardPanel card = new CardPanel { Height = 240 };
            Label title = Ui.Label("Stop Code", 13F, FontStyle.Bold, Ui.Text);
            title.Location = new Point(22, 19);
            card.Controls.Add(title);
            _stopCodeText = Ui.TextBox("CUSTOM_STOP_CODE", false);
            _stopCodeText.Location = new Point(22, 91);
            _stopCodeText.Size = new Size(610, 31);
            card.Controls.Add(_stopCodeText);
            ModernButton send = new ModernButton { Text = "应用终止代码", Location = new Point(22, 154), Size = new Size(142, 40) };
            send.Click += delegate
            {
                string value = ValidateProtocolText(_stopCodeText.Text, false);
                if (TrySendCommand("SP " + value, "终止代码已设置"))
                {
                    _appliedStopCode = value;
                    _stopCodeApplied = true;
                }
            };
            card.Controls.Add(send);
            ModernButton preview = CreatePreviewButton(new Point(send.Right + 20, send.Top));
            preview.Click += delegate
            {
                try
                {
                    PreviewSnapshot snapshot = CreateDefaultPreview();
                    snapshot.StopCode = ValidateProtocolText(_stopCodeText.Text, false);
                    snapshot.Kind = _windows7 ? PreviewKind.Windows7StopCode : PreviewKind.ModernStopCode;
                    ShowPreview(snapshot, "终止代码预览");
                }
                catch (Exception ex)
                {
                    MessageBox.Show(this, ex.Message, "无法生成预览", MessageBoxButtons.OK, MessageBoxIcon.Warning);
                }
            };
            card.Controls.Add(preview);
            page.AddCard(card);
            return page;
        }

        private PageView BuildColorsPage()
        {
            PageView page = new PageView("颜色", _windows7 ? "Windows 7 VGA 蓝屏配色" : "使用调色板或直接输入 8 位 ARGB 十六进制值");
            if (!_windows7)
            {
                CardPanel background = new CardPanel { Height = 184 };
                Label bTitle = Ui.Label("背景颜色", 13F, FontStyle.Bold, Ui.Text);
                bTitle.Location = new Point(22, 18);
                background.Controls.Add(bTitle);
                _backgroundColor = new ColorPickerBox("屏幕背景 ARGB", 0xFF0078D4u) { Location = new Point(22, 57) };
                background.Controls.Add(_backgroundColor);
                ModernButton bgSend = new ModernButton { Text = "应用背景色", Location = new Point(320, 81), Size = new Size(128, 38) };
                bgSend.Click += delegate
                {
                    uint value = _backgroundColor.Value;
                    if (TrySendCommand("CR " + ((ulong)value).ToString(CultureInfo.InvariantCulture), "背景色已设置"))
                    {
                        _appliedBackgroundColor = Color.FromArgb(unchecked((int)value));
                        _backgroundColorApplied = true;
                    }
                };
                background.Controls.Add(bgSend);
                ModernButton bgPreview = CreatePreviewButton(new Point(bgSend.Right + 20, bgSend.Top));
                bgPreview.Click += delegate
                {
                    PreviewSnapshot snapshot = CreateDefaultPreview();
                    snapshot.Background = Color.FromArgb(unchecked((int)_backgroundColor.Value));
                    snapshot.Kind = PreviewKind.ModernBackground;
                    ShowPreview(snapshot, "背景颜色预览");
                };
                background.Controls.Add(bgPreview);
                page.AddCard(background);
                CardPanel textColors = new CardPanel { Height = 200 };
                Label tTitle = Ui.Label("文字颜色", 13F, FontStyle.Bold, Ui.Text);
                tTitle.Location = new Point(22, 18);
                textColors.Controls.Add(tTitle);
                _textBackColor = new ColorPickerBox("文字背景 ARGB", 0x00000000u) { Location = new Point(22, 58) };
                _textForeColor = new ColorPickerBox("文字前景 ARGB", 0xFFFFFFFFu) { Location = new Point(306, 58) };
                textColors.Controls.Add(_textBackColor);
                textColors.Controls.Add(_textForeColor);
                ModernButton textSend = new ModernButton { Text = "应用文字颜色", Location = new Point(610, 82), Size = new Size(142, 38) };
                textSend.Click += delegate
                {
                    uint backgroundValue = _textBackColor.Value;
                    uint foregroundValue = _textForeColor.Value;
                    if (TrySendCommand("CC " + backgroundValue.ToString(CultureInfo.InvariantCulture) + " " + foregroundValue.ToString(CultureInfo.InvariantCulture), "文字颜色已设置"))
                    {
                        _appliedTextBackgroundColor = Color.FromArgb(unchecked((int)backgroundValue));
                        _appliedTextForegroundColor = Color.FromArgb(unchecked((int)foregroundValue));
                        _textColorsApplied = true;
                    }
                };
                textColors.Controls.Add(textSend);
                ModernButton textPreview = CreatePreviewButton(new Point(textSend.Right + 20, textSend.Top));
                textPreview.Click += delegate
                {
                    PreviewSnapshot snapshot = CreateDefaultPreview();
                    snapshot.TextBackground = Color.FromArgb(unchecked((int)_textBackColor.Value));
                    snapshot.Foreground = Color.FromArgb(unchecked((int)_textForeColor.Value));
                    snapshot.Kind = PreviewKind.ModernTextColors;
                    ShowPreview(snapshot, "文字颜色预览");
                };
                textColors.Controls.Add(textPreview);
                page.AddCard(textColors);
            }
            else
            {
                CardPanel win7 = new CardPanel { Height = 224 };
                Label wTitle = Ui.Label("Windows 7 修改颜色", 13F, FontStyle.Bold, Ui.Text);
                wTitle.Location = new Point(22, 18);
                win7.Controls.Add(wTitle);
                _windows7ForeColor = new ColorPickerBox("前景色", 0xFFFFFFFFu) { Location = new Point(22, 53) };
                _windows7BackColor = new ColorPickerBox("背景色", 0xFF000082u) { Location = new Point(306, 53) };
                win7.Controls.Add(_windows7ForeColor);
                win7.Controls.Add(_windows7BackColor);
                ModernButton wSend = new ModernButton { Text = "引用 Win7 配色", Location = new Point(610, 78), Size = new Size(150, 38) };
                wSend.Click += delegate
                {
                    if (TrySendCommand("C7 " + _windows7ForeColor.VgaDacValue.ToString(CultureInfo.InvariantCulture) + " " + _windows7BackColor.VgaDacValue.ToString(CultureInfo.InvariantCulture), "Windows 7 配色回调已注册"))
                    {
                        _appliedWindows7ForegroundColor = Color.FromArgb(unchecked((int)_windows7ForeColor.Value));
                        _appliedWindows7BackgroundColor = Color.FromArgb(unchecked((int)_windows7BackColor.Value));
                        _windows7ColorsApplied = true;
                        _rainbowPreviewEnabled = false;
                    }
                };
                win7.Controls.Add(wSend);
                ModernButton wPreview = CreatePreviewButton(new Point(wSend.Right + 20, wSend.Top));
                wPreview.Click += delegate
                {
                    PreviewSnapshot snapshot = CreateDefaultPreview();
                    snapshot.Foreground = Color.FromArgb(unchecked((int)_windows7ForeColor.Value));
                    snapshot.Background = Color.FromArgb(unchecked((int)_windows7BackColor.Value));
                    snapshot.Kind = PreviewKind.Windows7Colors;
                    ShowPreview(snapshot, "Windows 7 配色预览");
                };
                win7.Controls.Add(wPreview);
                page.AddCard(win7);
            }
            return page;
        }

        private PageView BuildEffectsPage()
        {
            PageView page = new PageView("特效与触发", "彩色蓝屏和手动触发蓝屏");
            if (_windows7)
            {
                CardPanel win7 = new CardPanel { Height = 176 };
                Label title = Ui.Label("Windows 7 彩色蓝屏", 13F, FontStyle.Bold, Ui.Text);
                title.Location = new Point(22, 18);
                win7.Controls.Add(title);
                Label desc = Ui.Label("R7 注册蓝屏回调，让 Windows 7 实现彩色蓝屏", 9F, FontStyle.Regular, Ui.Muted);
                desc.Location = new Point(22, 52);
                win7.Controls.Add(desc);
                ModernButton r7 = new ModernButton { Text = "注册", Location = new Point(22, 102), Size = new Size(118, 38) };
                r7.Click += delegate
                {
                    if (TrySendCommand("R7", "Windows 7 蓝屏回调已注册")) { _rainbowPreviewEnabled = true; _windows7ColorsApplied = false; }
                };
                win7.Controls.Add(r7);
                ModernButton r7Preview = CreatePreviewButton(new Point(r7.Right + 20, r7.Top));
                r7Preview.Click += delegate
                {
                    PreviewSnapshot snapshot = CreateDefaultPreview();
                    snapshot.Rainbow = true;
                    snapshot.Kind = PreviewKind.Windows7Rainbow;
                    ShowPreview(snapshot, "Windows 7 彩色蓝屏预览");
                };
                win7.Controls.Add(r7Preview);
                page.AddCard(win7);
            }
            else
            {
                CardPanel rainbow = new CardPanel { Height = 188, BackColor = Ui.SoftPurple };
                Label rTitle = Ui.Label("彩色蓝屏", 13F, FontStyle.Bold, Ui.Text);
                rTitle.Location = new Point(22, 18);
                rainbow.Controls.Add(rTitle);
                Label rDesc = Ui.Label("驱动将反复调用蓝屏绘制函数来达到彩色蓝屏", 9F, FontStyle.Regular, Ui.Muted);
                rDesc.Location = new Point(22, 52);
                rDesc.MaximumSize = new Size(900, 0);
                rainbow.Controls.Add(rDesc);
                ModernButton rd = new ModernButton { Text = "启动动态彩虹", Location = new Point(22, 119), Size = new Size(148, 40), BaseColor = Color.FromArgb(126, 79, 160) };
                rd.Click += delegate
                {
                    if (TrySendCommand("RD", "如果你看到了这条消息，说明驱动运行失败了")) _rainbowPreviewEnabled = true;
                };
                rainbow.Controls.Add(rd);
                ModernButton rdPreview = CreatePreviewButton(new Point(rd.Right + 20, rd.Top));
                rdPreview.Click += delegate
                {
                    PreviewSnapshot snapshot = CreateDefaultPreview();
                    snapshot.Rainbow = true;
                    snapshot.Kind = PreviewKind.ModernRainbow;
                    ShowPreview(snapshot, "彩色蓝屏预览");
                };
                rainbow.Controls.Add(rdPreview);
                page.AddCard(rainbow);
            }

            CardPanel crash = new CardPanel { Height = 210, BackColor = Ui.SoftRed };
            Label cTitle = Ui.Label("主动 BugCheck", 13F, FontStyle.Bold, Ui.Red);
            cTitle.Location = new Point(22, 18);
            crash.Controls.Add(cTitle);
            Label cDesc = Ui.Label("立即触发蓝屏", 9F, FontStyle.Regular, Ui.Text);
            cDesc.Location = new Point(22, 52);
            crash.Controls.Add(cDesc);
            Label warning = Ui.Label("预览效果可能与实际效果不同", 8.8F, FontStyle.Bold, Ui.Amber);
            warning.Location = new Point(22, 82);
            crash.Controls.Add(warning);
            ModernButton bc = new ModernButton { Text = "触发蓝屏", Location = new Point(22, 137), Size = new Size(126, 40), BaseColor = Color.FromArgb(181, 61, 78) };
            bc.Click += delegate { SendCommand("BC", "如果你看到了这条消息，说明驱动运行失败了"); };
            crash.Controls.Add(bc);
            ModernButton allPreview = CreatePreviewButton(new Point(bc.Right + 20, bc.Top));
            allPreview.Text = "预览已修改的所有配置";
            allPreview.Size = new Size(236, 40);
            allPreview.Click += delegate
            {
                try { ShowPreview(CreateFullPreview(), "全部设置预览"); }
                catch (Exception ex) { MessageBox.Show(this, ex.Message, "无法生成预览", MessageBoxButtons.OK, MessageBoxIcon.Warning); }
            };
            crash.Controls.Add(allPreview);
            page.AddCard(crash);
            return page;
        }

        private static ModernButton CreatePreviewButton(Point location)
        {
            return new ModernButton
            {
                Text = "预览",
                Location = location,
                Size = new Size(100, 38),
                BaseColor = Ui.CardAlt
            };
        }

        private PreviewSnapshot CreateDefaultPreview()
        {
            return PreviewSnapshot.CreateDefault(_windows7);
        }

        private PreviewSnapshot CreateFullPreview()
        {
            PreviewSnapshot snapshot = CreateDefaultPreview();
            if (_stopCodeApplied) snapshot.StopCode = _appliedStopCode;
            if (_windows7)
            {
                if (_windows7ColorsApplied)
                {
                    snapshot.Foreground = _appliedWindows7ForegroundColor;
                    snapshot.Background = _appliedWindows7BackgroundColor;
                }
            }
            else
            {
                if (_backgroundColorApplied) snapshot.Background = _appliedBackgroundColor;
                if (_textColorsApplied)
                {
                    snapshot.TextBackground = _appliedTextBackgroundColor;
                    snapshot.Foreground = _appliedTextForegroundColor;
                }
                if (_changeTextPage != null && _changeTextPage.HasPreviewConfiguration)
                {
                    snapshot.ReplacementTexts.AddRange(_changeTextPage.GetAppliedPreviewTexts());
                    snapshot.SkipPercent = _changeTextPage.SkipPercent;
                }
            }
            snapshot.Rainbow = _rainbowPreviewEnabled;
            return snapshot;
        }

        private void ShowPreview(PreviewSnapshot snapshot, string title)
        {
            try
            {
                if (_qrEditorPage != null) _qrEditorPage.ApplyToPreview(snapshot);
                using (PreviewForm preview = new PreviewForm(snapshot, title)) preview.ShowDialog(this);
            }
            catch (Exception ex)
            {
                MessageBox.Show(this, ex.Message, "无法生成预览", MessageBoxButtons.OK, MessageBoxIcon.Warning);
            }
        }

        private PageView BuildManualPage()
        {
            PageView page = new PageView("手动发送命令", "输入原始命令字符串并发送");
            CardPanel card = new CardPanel { Height = 350 };
            TextBox cmdBox = new TextBox
            {
                Multiline = true,
                ScrollBars = ScrollBars.Vertical,
                Location = new Point(22, 22),
                BackColor = Ui.Input,
                ForeColor = Ui.Text,
                Font = new Font("Consolas", 10F),
                BorderStyle = BorderStyle.FixedSingle,
                Text = "SP TEST"
            };
            cmdBox.Size = new Size(card.Width - 44, 220);
            card.Controls.Add(cmdBox);
            ModernButton sendBtn = new ModernButton
            {
                Text = "发送命令",
                Location = new Point(22, 260),
                Size = new Size(140, 40)
            };
            sendBtn.Click += (s, e) =>
            {
                string command = cmdBox.Text;
                if (string.IsNullOrWhiteSpace(command))
                {
                    MessageBox.Show(page.FindForm(), "请输入命令", "提示", MessageBoxButtons.OK, MessageBoxIcon.Warning);
                    return;
                }
                string[] commands = command.Split('\n');
                if (MessageBox.Show($"是否发送命令？\n{command}", "确认", MessageBoxButtons.YesNo, MessageBoxIcon.Warning) == DialogResult.No) return;
                foreach (string cmd in commands)
                {
                    if (!string.IsNullOrWhiteSpace(cmd)) _client.Send(cmd.Trim());
                }
            };
            card.Controls.Add(sendBtn);
            card.Resize += (s, e) =>
            {
                int width = card.ClientSize.Width - 44;
                cmdBox.Width = Math.Max(200, width);
            };

            page.AddCard(card);
            return page;
        }

        private void ShowPage(string key)
        {
            PageView page;
            if (!_pages.TryGetValue(key, out page)) return;
            page.BringToFront();
            foreach (KeyValuePair<string, ModernButton> item in _navButtons) item.Value.SelectedState = item.Key == key;
        }

        private void ProbeDevice(bool showMessage)
        {
            try
            {
                _client.Probe();
                SetDeviceStatus(true, "驱动已连接");
                if (showMessage) MessageBox.Show(this, "已成功打开 " + DeviceClient.DevicePath, "设备检测", MessageBoxButtons.OK, MessageBoxIcon.Information);
            }
            catch (Exception ex)
            {
                SetDeviceStatus(false, "设备不可用");
                if (showMessage) MessageBox.Show(this, BuildDeviceError(ex), "无法连接驱动", MessageBoxButtons.OK, MessageBoxIcon.Error);
            }
        }

        private void SetDeviceStatus(bool connected, string text)
        {
            _statusDot.BackColor = connected ? Ui.Green : Ui.Red;
            _statusLabel.Text = text;
            _statusLabel.ForeColor = connected ? Ui.Green : Ui.Red;
        }

        private void SendCommand(string command, string successMessage)
        {
            TrySendCommand(command, successMessage);
        }

        private bool TrySendCommand(string command, string successMessage)
        {
            try
            {
                if (MessageBox.Show($"是否发送此条命令？\n{command}", "确认", MessageBoxButtons.YesNo, MessageBoxIcon.Warning) == DialogResult.No) return false;
                _client.Send(command);
                SetDeviceStatus(true, "驱动已连接");
                MessageBox.Show(this, successMessage, "命令已发送", MessageBoxButtons.OK, MessageBoxIcon.Information);
                return true;
            }
            catch (Exception ex)
            {
                SetDeviceStatus(false, "发送失败");
                MessageBox.Show(this, BuildDeviceError(ex), "命令发送失败", MessageBoxButtons.OK, MessageBoxIcon.Error);
                return false;
            }
        }

        private bool TrySendLargeCommand(string command, string confirmationMessage, string successMessage)
        {
            try
            {
                if (MessageBox.Show(this, confirmationMessage, "确认应用", MessageBoxButtons.YesNo, MessageBoxIcon.Warning) != DialogResult.Yes) return false;
                _client.Send(command);
                SetDeviceStatus(true, "驱动已连接");
                MessageBox.Show(this, successMessage, "应用成功", MessageBoxButtons.OK, MessageBoxIcon.Information);
                return true;
            }
            catch (Exception ex)
            {
                SetDeviceStatus(false, "发送失败");
                MessageBox.Show(this, BuildDeviceError(ex), "二维码应用失败", MessageBoxButtons.OK, MessageBoxIcon.Error);
                return false;
            }
        }

        internal static string ValidateProtocolText(string value, bool rejectQuote)
        {
            if (value == null) value = string.Empty;
            if (value.IndexOf('\0') >= 0) throw new InvalidOperationException("文本不能包含 NUL 字符");
            if (rejectQuote && value.IndexOf('"') >= 0) throw new InvalidOperationException("驱动协议不支持字符串中的双引号");
            return value.Replace("\r", " ").Replace("\n", " ");
        }

        private static string BuildDeviceError(Exception ex)
        {
            return "无法访问 " + DeviceClient.DevicePath + "\n\n" + ex.Message;
        }
    }

    internal enum PreviewKind
    {
        Full,
        Windows7StopCode,
        Windows7Colors,
        Windows7DisplayString,
        Windows7Rainbow,
        ModernStopCode,
        ModernBackground,
        ModernTextColors,
        ModernChangeText,
        ModernDisplayStrings,
        ModernRainbow
    }

    internal static class BsodQrPattern
    {
        private static readonly string[] Rows =
        {
            "#######.##.#.#.##.#######",
            "#.....#.###.....#.#.....#",
            "#.###.#.##....#...#.###.#",
            "#.###.#.#..#.##.#.#.###.#",
            "#.###.#....#.#.##.#.###.#",
            "#.....#.#.#.#.#...#.....#",
            "#######.#.#.#.#.#.#######",
            ".........###..##.........",
            "##..###..##...#....#.####",
            "...#.#..#..#..####..##.#.",
            "#.########.######..####..",
            "##...#.###..#.....##..##.",
            "#.#..##....##..#.##..####",
            "##.#...##..#.#####..#..#.",
            "......#.####.#.#...####..",
            "..###...#.###.###.###.##.",
            "##...####.#....########..",
            "........##.#..#.#...#....",
            "#######..#.####.#.#.#....",
            "#.....#.###...#.#...####.",
            "#.###.#.##......#######.#",
            "#.###.#...##..###.##..#..",
            "#.###.#...###.#.###..#.#.",
            "#.....#.#...#.#...######.",
            "#######.##.##.##......###"
        };

        public static readonly Color CodeColor = Color.FromArgb(0, 120, 215);

        public static void Draw(Graphics graphics, RectangleF bounds)
        {
            Draw(graphics, bounds, CodeColor);
        }

        public static void Draw(Graphics graphics, RectangleF bounds, Color codeColor)
        {
            float side = Math.Min(bounds.Width, bounds.Height);
            float left = bounds.Left + (bounds.Width - side) / 2F;
            float top = bounds.Top + (bounds.Height - side) / 2F;
            using (Brush white = new SolidBrush(Color.White)) graphics.FillRectangle(white, left, top, side, side);
            float quiet = side * (24F / 284F);
            float codeSize = side - (quiet * 2F);
            float module = codeSize / 25F;
            using (Brush code = new SolidBrush(Color.FromArgb(255, codeColor.R, codeColor.G, codeColor.B)))
            {
                for (int row = 0; row < Rows.Length; row++)
                {
                    for (int column = 0; column < Rows[row].Length; column++)
                    {
                        if (Rows[row][column] != '#') continue;
                        float x0 = left + quiet + (column * module);
                        float y0 = top + quiet + (row * module);
                        float x1 = left + quiet + ((column + 1) * module);
                        float y1 = top + quiet + ((row + 1) * module);
                        graphics.FillRectangle(code, x0, y0, Math.Max(1F, x1 - x0), Math.Max(1F, y1 - y0));
                    }
                }
            }
        }
    }

    internal sealed class PreviewSnapshot
    {
        public PreviewKind Kind;
        public bool Windows7;
        public bool Windows8;
        public bool Windows11New;
        public bool SkipPercent;
        public Color Background;
        public Color Foreground;
        public Color TextBackground;
        public string StopCode;
        public bool Rainbow;
        public int QrWidth;
        public int QrLength;
        public uint[] QrPixels;
        public readonly List<string> ReplacementTexts = new List<string>();
        public readonly List<PreviewTextItem> DisplayItems = new List<PreviewTextItem>();

        public static PreviewSnapshot CreateDefault(bool windows7)
        {
            bool windows8 = !windows7 && Program.IsWindows8();
            Color modernBlue = windows8 ? Color.FromArgb(32, 103, 178) : Color.FromArgb(0, 120, 212);
            bool windows11New = !windows7 && Program.IsWindows11NewBlueScreen();
            return new PreviewSnapshot
            {
                Kind = PreviewKind.Full,
                Windows7 = windows7,
                Windows8 = windows8,
                Windows11New = windows11New,
                Background = windows7 ? Color.FromArgb(0, 0, 128) : (windows11New ? Color.Black : modernBlue),
                Foreground = Color.White,
                TextBackground = windows7 ? Color.Transparent : (windows11New ? Color.Black : modernBlue),
                StopCode = null
            };
        }
    }

    internal sealed class PreviewTextItem
    {
        public string Text;
        public uint TextSize;
        public Color TextBackground;
        public Color TextForeground;
        public Color ScreenBackground;
        public uint X;
        public uint Y;
        public bool ClearScreen;
        public bool VgaText;
        public bool Vga80x25;
        public int VgaBackground;
        public int VgaForeground;
        public bool Blink;
        public bool Rainbow;
    }

    internal sealed class PreviewForm : Form
    {
        public PreviewForm(PreviewSnapshot snapshot, string title)
        {
            Text = title + " — 预览效果可能与实际效果不同 (按下Esc 退出)";
            StartPosition = FormStartPosition.CenterParent;
            FormBorderStyle = FormBorderStyle.FixedSingle;
            WindowState = FormWindowState.Maximized;
            BackColor = Color.Black;
            ShowIcon = false;
            MaximizeBox = false;
            MinimizeBox = false;
            KeyPreview = true;
            KeyDown += delegate (object sender, KeyEventArgs e)
            {
                if (e.KeyCode == Keys.Escape) Close();
            };
            Controls.Add(new PreviewCanvas(snapshot) { Dock = DockStyle.Fill });
        }
    }

    internal sealed class PreviewCanvas : Control
    {
        private static readonly Color ModernBlue = Color.FromArgb(0, 120, 212);
        private static readonly Color Windows8Blue = Color.FromArgb(32, 103, 178);
        private readonly PreviewSnapshot _snapshot;
        private readonly Bitmap _qrBitmap;
        private readonly Timer _timer;
        private readonly Stopwatch _animationClock;
        private double _hue;
        private int _frame;

        public PreviewCanvas(PreviewSnapshot snapshot)
        {
            _snapshot = snapshot;
            _qrBitmap = BuildQrBitmap(snapshot);
            DoubleBuffered = true;
            BackColor = snapshot.Background;
            if (snapshot.Rainbow || IsRainbowKind(snapshot.Kind) || HasAnimatedText(snapshot.DisplayItems))
            {
                _animationClock = Stopwatch.StartNew();
                _timer = new Timer { Interval = 16 };
                _timer.Tick += delegate
                {
                    double elapsedSeconds = _animationClock.Elapsed.TotalSeconds;
                    _hue = (elapsedSeconds * 100.0) % 360.0;
                    _frame = (int)(elapsedSeconds * (1000.0 / 120.0));
                    Invalidate();
                };
                _timer.Start();
            }
        }

        protected override void Dispose(bool disposing)
        {
            if (disposing)
            {
                if (_timer != null) _timer.Dispose();
                if (_qrBitmap != null) _qrBitmap.Dispose();
            }
            base.Dispose(disposing);
        }

        protected override void OnPaint(PaintEventArgs e)
        {
            base.OnPaint(e);
            e.Graphics.SmoothingMode = SmoothingMode.None;
            e.Graphics.TextRenderingHint = System.Drawing.Text.TextRenderingHint.SingleBitPerPixelGridFit;
            if (_snapshot.Windows7) DrawWindows7(e.Graphics);
            else DrawModern(e.Graphics);
        }

        private void DrawWindows7(Graphics graphics)
        {
            bool displayOnly = _snapshot.Kind == PreviewKind.Windows7DisplayString || (_snapshot.Kind == PreviewKind.Full && _snapshot.DisplayItems.Count > 0);
            if (displayOnly)
            {
                DrawWindows7DisplayString(graphics);
                return;
            }
            bool rainbow = _snapshot.Kind == PreviewKind.Windows7Rainbow || _snapshot.Rainbow;
            Color background = rainbow ? FromHsv(_hue, 1.0, 1.0) : Opaque(_snapshot.Background);
            Color foreground = rainbow ? FromHsv((_hue + 180.0) % 360.0, 1.0, 0.15) : Opaque(_snapshot.Foreground);
            Fill(graphics, background);
            DrawWindows7CrashText(graphics, foreground);
        }

        private void DrawWindows7CrashText(Graphics graphics, Color foreground)
        {
            float sx = ClientSize.Width / 800F;
            float sy = ClientSize.Height / 600F;
            GraphicsState state = graphics.Save();
            graphics.ScaleTransform(sx, sy);
            using (Font font = new Font("Lucida Console", 13F, FontStyle.Regular, GraphicsUnit.Pixel))
            using (Brush brush = new SolidBrush(foreground))
            {
                DrawClassicLine(graphics, font, brush, "A problem has been detected and Windows has been shut down to prevent damage", 18);
                DrawClassicLine(graphics, font, brush, "to your computer.", 34);
                DrawClassicLine(graphics, font, brush, "If this is the first time you've seen this Stop error screen,", 96);
                DrawClassicLine(graphics, font, brush, "restart your computer. If this screen appears again, follow", 112);
                DrawClassicLine(graphics, font, brush, "these steps:", 128);
                DrawClassicLine(graphics, font, brush, "Check to make sure any new hardware or software is properly installed.", 160);
                DrawClassicLine(graphics, font, brush, "If this is a new installation, ask your hardware or software manufacturer", 176);
                DrawClassicLine(graphics, font, brush, "for any Windows updates you might need.", 192);
                DrawClassicLine(graphics, font, brush, "If problems continue, disable or remove any newly installed hardware", 224);
                DrawClassicLine(graphics, font, brush, "or software. Disable BIOS memory options such as caching or shadowing.", 240);
                DrawClassicLine(graphics, font, brush, "If you need to use Safe Mode to remove or disable components, restart", 256);
                DrawClassicLine(graphics, font, brush, "your computer, press F8 to select Advanced Startup Options, and then", 272);
                DrawClassicLine(graphics, font, brush, "select Safe Mode.", 288);
                bool customStop = _snapshot.Kind == PreviewKind.Windows7StopCode || (_snapshot.Kind == PreviewKind.Full && !string.IsNullOrEmpty(_snapshot.StopCode));
                if (customStop)
                {
                    DrawClassicLine(graphics, font, brush, _snapshot.StopCode ?? "CUSTOM_STOP_CODE", 320);
                    DrawClassicLine(graphics, font, brush, "Collecting data for crash dump ...", 352);
                    DrawClassicLine(graphics, font, brush, "Initializing disk for crash dump ...", 368);
                }
                else
                {
                    DrawClassicLine(graphics, font, brush, "Technical information:", 320);
                    DrawClassicLine(graphics, font, brush, "*** STOP: 0x00114514 (0x0000000000000000,0x0000000000000000,", 352);
                    DrawClassicLine(graphics, font, brush, "0x0000000000000000,0x0000000000000000)", 368);
                    DrawClassicLine(graphics, font, brush, "Collecting data for crash dump ...", 432);
                    DrawClassicLine(graphics, font, brush, "Initializing disk for crash dump ...", 448);
                }
            }
            graphics.Restore(state);
        }

        private static void DrawClassicLine(Graphics graphics, Font font, Brush brush, string text, float y)
        {
            graphics.DrawString(text, font, brush, 0F, y, StringFormat.GenericTypographic);
        }

        private void DrawWindows7DisplayString(Graphics graphics)
        {
            PreviewTextItem item = _snapshot.DisplayItems.Count > 0 ? _snapshot.DisplayItems[0] : new PreviewTextItem
            {
                Text = "Your costom text",
                Vga80x25 = true,
                VgaBackground = 0x7,
                VgaForeground = 0x0
            };
            int backgroundIndex = item.Blink ? item.VgaBackground & 0x07 : item.VgaBackground;
            Color background = item.Rainbow ? VgaColor((_frame / 2) & 0x0F) : VgaColor(backgroundIndex);
            Color foreground = item.Rainbow ? VgaColor(0x0F - ((_frame / 2) & 0x0F)) : VgaColor(item.VgaForeground);
            Fill(graphics, background);
            if (item.Blink && ((_frame / 4) & 1) != 0) return;
            int rows = item.Vga80x25 ? 25 : 50;
            float cellHeight = Math.Max(8F, ClientSize.Height / (float)rows);
            using (Font font = new Font("Terminal", cellHeight, FontStyle.Bold, GraphicsUnit.Pixel))
            using (Brush brush = new SolidBrush(foreground))
            {
                graphics.DrawString(item.Text ?? string.Empty, font, brush, 0F, 0F, StringFormat.GenericTypographic);
            }
        }

        private void DrawModern(Graphics graphics)
        {
            if (_snapshot.Kind == PreviewKind.ModernDisplayStrings)
            {
                Fill(graphics, Color.Black);
                DrawModernDisplayStrings(graphics);
                return;
            }
            if (_snapshot.Windows8)
            {
                DrawWindows8(graphics);
                return;
            }
            if (_snapshot.Windows11New)
            {
                DrawWindows11(graphics);
                return;
            }
            if (_snapshot.Kind == PreviewKind.ModernChangeText)
            {
                Fill(graphics, ModernBlue);
                DrawModernChangeText(graphics);
                return;
            }
            bool rainbow = _snapshot.Kind == PreviewKind.ModernRainbow || _snapshot.Rainbow;
            Color background = rainbow ? FromHsv(_hue, 1.0, 1.0) : Opaque(_snapshot.Background);
            Color foreground = rainbow ? Color.White : Opaque(_snapshot.Foreground);
            Color glyphBackground;
            if (_snapshot.Kind == PreviewKind.ModernBackground || _snapshot.Kind == PreviewKind.ModernStopCode) glyphBackground = ModernBlue;
            else if (rainbow) glyphBackground = background;
            else glyphBackground = Opaque(_snapshot.TextBackground);
            Fill(graphics, background);
            if (_snapshot.Kind == PreviewKind.Full && _snapshot.ReplacementTexts.Count > 0) DrawModernChangeText(graphics, foreground, glyphBackground);
            else DrawModernCrashText(graphics, foreground, glyphBackground, rainbow);
        }

        private void DrawWindows8(Graphics graphics)
        {
            bool rainbow = _snapshot.Kind == PreviewKind.ModernRainbow || _snapshot.Rainbow;
            Color background = rainbow ? FromHsv(_hue, 1.0, 1.0) : Opaque(_snapshot.Background);
            Color foreground = rainbow ? Color.White : Opaque(_snapshot.Foreground);
            Color glyphBackground;
            if (_snapshot.Kind == PreviewKind.ModernBackground || _snapshot.Kind == PreviewKind.ModernStopCode) glyphBackground = Windows8Blue;
            else if (rainbow) glyphBackground = background;
            else glyphBackground = Opaque(_snapshot.TextBackground);
            Fill(graphics, background);
            if ((_snapshot.Kind == PreviewKind.ModernChangeText || _snapshot.Kind == PreviewKind.Full) && _snapshot.ReplacementTexts.Count > 0) DrawWindows8ChangeText(graphics, foreground, glyphBackground);
            else DrawWindows8CrashText(graphics, foreground, glyphBackground, rainbow);
        }

        private void DrawWindows8CrashText(Graphics graphics, Color foreground, Color glyphBackground, bool rainbow)
        {
            float sx = ClientSize.Width / 2048F;
            float sy = ClientSize.Height / 1249F;
            float faceX = 347F * sx;
            float textX = 366F * sx;
            using (Font face = new Font("Segoe UI Light", Math.Max(72F, 238F * sy), FontStyle.Regular, GraphicsUnit.Pixel))
            using (Font body = new Font("Microsoft YaHei UI", Math.Max(25F, 52F * sy), FontStyle.Regular, GraphicsUnit.Pixel))
            using (Font small = new Font("Microsoft YaHei UI", Math.Max(14F, 27F * sy), FontStyle.Regular, GraphicsUnit.Pixel))
            {
                DrawWideFaceText(graphics, ":(", face, foreground, glyphBackground, faceX, 198F * sy);
                DrawTextBlock(graphics, "你的电脑遇到问题，需要重新启动。", body, foreground, glyphBackground, textX, 533F * sy);
                DrawTextBlock(graphics, "我们只收集某些错误信息，然后为你重新启动。" + (rainbow ? "" : "（完成 0%）"), body, foreground, glyphBackground, textX, 600F * sy);
                if (rainbow) return;
                string stopCode = string.IsNullOrEmpty(_snapshot.StopCode) ? "APC_INDEX_MISMATCH" : _snapshot.StopCode;
                DrawTextBlock(graphics, "如果你想了解更多信息，则可以稍后在线搜索此错误: " + stopCode, small, foreground, glyphBackground, textX, 755F * sy);
            }
        }

        private void DrawWindows8ChangeText(Graphics graphics, Color foreground, Color glyphBackground)
        {
            List<string> values = PadPreviewValues(_snapshot.ReplacementTexts, 10);
            string faceText = ValueAtOrRepeatLast(values, 0, ":(");
            string bodyText = ValueAtOrRepeatLast(values, 1, "2") + " " + ValueAtOrRepeatLast(values, 2, "3");
            bodyText += _snapshot.SkipPercent ? " " + ValueAtOrRepeatLast(values, 5, "6") + ValueAtOrRepeatLast(values, 6, "7") + "%)" : " " + ValueAtOrRepeatLast(values, 5, "6") + ValueAtOrRepeatLast(values, 6, "7") + ValueAtOrRepeatLast(values, 7, "8");
            string smallText = ValueAtOrRepeatLast(values, 3, "4") + " " + ValueAtOrRepeatLast(values, 4, "5");
            float sx = ClientSize.Width / 2048F;
            float sy = ClientSize.Height / 1249F;
            using (Font face = new Font("Segoe UI Light", Math.Max(72F, 238F * sy), FontStyle.Regular, GraphicsUnit.Pixel))
            using (Font body = new Font("Microsoft YaHei UI", Math.Max(25F, 52F * sy), FontStyle.Regular, GraphicsUnit.Pixel))
            using (Font small = new Font("Microsoft YaHei UI", Math.Max(14F, 27F * sy), FontStyle.Regular, GraphicsUnit.Pixel))
            {
                DrawWideFaceText(graphics, faceText, face, foreground, glyphBackground, 347F * sx, 198F * sy);
                DrawTextBlock(graphics, bodyText, body, foreground, glyphBackground, 366F * sx, 533F * sy);
                DrawTextBlock(graphics, smallText, small, foreground, glyphBackground, 366F * sx, 675F * sy);
            }
        }

        private void DrawModernCrashText(Graphics graphics, Color foreground, Color glyphBackground, bool rainbow)
        {
            float sx = ClientSize.Width / 2048F;
            float sy = ClientSize.Height / 1536F;
            float x = 260F * sx;
            using (Font face = new Font("Segoe UI Light", Math.Max(72F, 238F * sy), FontStyle.Regular, GraphicsUnit.Pixel))
            using (Font body = new Font("Microsoft YaHei UI", Math.Max(25F, 52F * sy), FontStyle.Regular, GraphicsUnit.Pixel))
            using (Font progress = new Font("Microsoft YaHei UI", Math.Max(24F, 48F * sy), FontStyle.Regular, GraphicsUnit.Pixel))
            using (Font small = new Font("Microsoft YaHei UI", Math.Max(14F, 27F * sy), FontStyle.Regular, GraphicsUnit.Pixel))
            {
                DrawWideFaceText(graphics, ":(", face, foreground, glyphBackground, x, 210F * sy);
                DrawTextBlock(graphics, "你的设备遇到问题，需要重启。", body, foreground, glyphBackground, x, 505F * sy);
                DrawTextBlock(graphics, rainbow ? "我们只收集某些错误信息，然后你可以重新启动。" : "我们只收集某些错误信息，然后为你重新启动。", body, foreground, glyphBackground, x, 580F * sy);
                if (rainbow) return;
                DrawTextBlock(graphics, "0% 完成", progress, foreground, glyphBackground, x, 705F * sy);
                float qrX = x;
                float qrY = 820F * sy;
                float qrSize = Math.Max(120F, 205F * sy);
                DrawQrCode(graphics, qrX, qrY, qrSize);
                float infoX = qrX + qrSize + 30F * sx;
                DrawTextBlock(graphics, "有关此问题的详细信息和可能的解决方法，请访问 https://www.windows.com/stopcode", small, foreground, glyphBackground, infoX, 820F * sy);
                DrawTextBlock(graphics, "如果致电支持人员，请向他们提供以下信息:", small, foreground, glyphBackground, infoX, 910F * sy);
                DrawTextBlock(graphics, "终止代码: " + (string.IsNullOrEmpty(_snapshot.StopCode) ? "APC_INDEX_MISMATCH" : _snapshot.StopCode), small, foreground, glyphBackground, infoX, 955F * sy);
            }
        }

        private void DrawModernChangeText(Graphics graphics)
        {
            DrawModernChangeText(graphics, Color.White, ModernBlue);
        }

        private void DrawModernChangeText(Graphics graphics, Color foreground, Color glyphBackground)
        {
            List<string> values = PadPreviewValues(_snapshot.ReplacementTexts, 9);
            string faceText = ValueAtOrRepeatLast(values, 0, ":(");
            string firstBodyText = ValueAtOrRepeatLast(values, 1, "2");
            string secondBodyText = ValueAtOrRepeatLast(values, 2, "3");
            string progressText = ValueAtOrRepeatLast(values, 7, "8") + (_snapshot.SkipPercent ? "% 完成" : ValueAtOrRepeatLast(values, 8, "9"));
            float sx = ClientSize.Width / 2048F;
            float sy = ClientSize.Height / 1536F;
            float x = 260F * sx;
            using (Font face = new Font("Microsoft YaHei UI", Math.Max(72F, 238F * sy), FontStyle.Regular, GraphicsUnit.Pixel))
            using (Font body = new Font("Microsoft YaHei UI", Math.Max(25F, 52F * sy), FontStyle.Regular, GraphicsUnit.Pixel))
            using (Font progress = new Font("Microsoft YaHei UI", Math.Max(24F, 48F * sy), FontStyle.Regular, GraphicsUnit.Pixel))
            using (Font small = new Font("Microsoft YaHei UI", Math.Max(14F, 27F * sy), FontStyle.Regular, GraphicsUnit.Pixel))
            {
                DrawWideFaceText(graphics, faceText, face, foreground, glyphBackground, x, 210F * sy);
                DrawTextBlock(graphics, firstBodyText, body, foreground, glyphBackground, x, 505F * sy);
                DrawTextBlock(graphics, secondBodyText, body, foreground, glyphBackground, x, 580F * sy);
                DrawTextBlock(graphics, progressText, progress, foreground, glyphBackground, x, 705F * sy);
                float qrX = x;
                float qrY = 820F * sy;
                float qrSize = Math.Max(120F, 205F * sy);
                DrawQrCode(graphics, qrX, qrY, qrSize);
                float infoX = qrX + qrSize + 30F * sx;
                DrawTextBlock(graphics, ValueAtOrRepeatLast(values, 3, "4"), small, foreground, glyphBackground, infoX, 820F * sy);
                DrawTextBlock(graphics, ValueAtOrRepeatLast(values, 4, "5"), small, foreground, glyphBackground, infoX, 910F * sy);
                DrawTextBlock(graphics, ValueAtOrRepeatLast(values, 5, "6") + " " + ValueAtOrRepeatLast(values, 6, "7"), small, foreground, glyphBackground, infoX, 955F * sy);
            }
        }

        private void DrawWindows11(Graphics graphics)
        {
            bool rainbow = _snapshot.Kind == PreviewKind.ModernRainbow || _snapshot.Rainbow;
            Color background = rainbow ? FromHsv(_hue, 1.0, 0.92) : Opaque(_snapshot.Background);
            Fill(graphics, background);
            float sx = ClientSize.Width / 2048F;
            float sy = ClientSize.Height / 1536F;
            using (Font body = new Font("Microsoft YaHei UI", Math.Max(25F, 52F * sy), FontStyle.Regular, GraphicsUnit.Pixel))
            using (Font progress = new Font("Microsoft YaHei UI", Math.Max(24F, 48F * sy), FontStyle.Regular, GraphicsUnit.Pixel))
            using (Font small = new Font("Microsoft YaHei UI", Math.Max(14F, 27F * sy), FontStyle.Regular, GraphicsUnit.Pixel))
            {
                if (rainbow)
                {
                    DrawCenteredTextBlock(graphics, "你的设备遇到问题，需要重启。", body, Color.White, background, ClientSize.Width / 2F, 635F * sy);
                    DrawCenteredTextBlock(graphics, "我们只收集某些错误信息，然后你可以重新启动。", body, Color.White, background, ClientSize.Width / 2F, 705F * sy);
                    return;
                }
                Color foreground = Opaque(_snapshot.Foreground);
                Color glyphBackground = (_snapshot.Kind == PreviewKind.ModernBackground || _snapshot.Kind == PreviewKind.ModernStopCode) ? Color.Black : Opaque(_snapshot.TextBackground);
                if ((_snapshot.Kind == PreviewKind.ModernChangeText || _snapshot.Kind == PreviewKind.Full) && _snapshot.ReplacementTexts.Count > 0)
                {
                    DrawWindows11ChangeText(graphics, body, progress, small, foreground, glyphBackground, sy);
                    return;
                }
                DrawCenteredTextBlock(graphics, "你的设备遇到问题，需要重启。", body, foreground, glyphBackground, ClientSize.Width / 2F, 635F * sy);
                using (Brush band = new SolidBrush(glyphBackground)) graphics.FillRectangle(band, 22F * sx, 733F * sy, 1446F * sx, Math.Max(40F * sy, 1F));
                DrawCenteredTextBlock(graphics, "0% 完成", progress, foreground, glyphBackground, ClientSize.Width / 2F, 755F * sy);
                string stopCode = string.IsNullOrEmpty(_snapshot.StopCode) ? "APC_INDEX_MISMATCH" : _snapshot.StopCode;
                DrawCenteredTextBlock(graphics, "终止代码: " + stopCode + " (0x1)", small, foreground, glyphBackground, ClientSize.Width / 2F, 1460F * sy);
            }
        }

        private void DrawWindows11ChangeText(Graphics graphics, Font body, Font progress, Font small, Color foreground, Color glyphBackground, float sy)
        {
            List<string> values = PadPreviewValues(_snapshot.ReplacementTexts, 10);
            string mainText = ValueAtOrRepeatLast(values, 0, "text1");
            string progressText = _snapshot.SkipPercent ? "0% 完成" : ValueAtOrRepeatLast(values, 2, "text3");
            string bottomText = ValueAtOrRepeatLast(values, 1, "text2");
            DrawCenteredTextBlock(graphics, mainText, body, foreground, glyphBackground, ClientSize.Width / 2F, 635F * sy);
            DrawCenteredTextBlock(graphics, progressText, progress, foreground, glyphBackground, ClientSize.Width / 2F, 755F * sy);
            DrawCenteredTextBlock(graphics, bottomText, small, foreground, glyphBackground, ClientSize.Width / 2F, 1460F * sy);
        }

        private void DrawModernDisplayStrings(Graphics graphics)
        {
            float scaleX = ClientSize.Width / 1152F;
            float scaleY = ClientSize.Height / 864F;
            float fontScale = Math.Min(scaleX, scaleY);
            foreach (PreviewTextItem item in _snapshot.DisplayItems)
            {
                if (item.ClearScreen) Fill(graphics, Opaque(item.ScreenBackground));
                float fontSize = Math.Max(8F, item.TextSize * fontScale);
                float x = item.X * scaleX;
                float y = item.Y * scaleY;
                Color foreground = item.Rainbow ? Color.White : Opaque(item.TextForeground);
                Color background = item.Rainbow ? FromHsv(_hue, 1.0, 1.0) : Opaque(item.TextBackground);
                using (Font font = new Font("Segoe UI", fontSize, FontStyle.Regular, GraphicsUnit.Pixel))
                {
                    DrawTextBlock(graphics, item.Text ?? string.Empty, font, foreground, background, x, y);
                }
            }
        }

        private void DrawQrCode(Graphics graphics, float x, float y, float size)
        {
            RectangleF area = new RectangleF(x, y, size, size);
            if (_qrBitmap == null)
            {
                BsodQrPattern.Draw(graphics, area);
                return;
            }
            using (Brush white = new SolidBrush(Color.White)) graphics.FillRectangle(white, area);
            float scale = Math.Min(size / _qrBitmap.Width, size / _qrBitmap.Height);
            float width = Math.Max(1F, _qrBitmap.Width * scale);
            float height = Math.Max(1F, _qrBitmap.Height * scale);
            RectangleF destination = new RectangleF(x + (size - width) / 2F, y + (size - height) / 2F, width, height);
            InterpolationMode previous = graphics.InterpolationMode;
            PixelOffsetMode previousOffset = graphics.PixelOffsetMode;
            graphics.InterpolationMode = InterpolationMode.NearestNeighbor;
            graphics.PixelOffsetMode = PixelOffsetMode.Half;
            graphics.DrawImage(_qrBitmap, destination, new RectangleF(0, 0, _qrBitmap.Width, _qrBitmap.Height), GraphicsUnit.Pixel);
            graphics.InterpolationMode = previous;
            graphics.PixelOffsetMode = previousOffset;
        }

        private static Bitmap BuildQrBitmap(PreviewSnapshot snapshot)
        {
            if (snapshot == null || snapshot.QrPixels == null || snapshot.QrWidth <= 0 || snapshot.QrLength <= 0) return null;
            if ((long)snapshot.QrWidth * snapshot.QrLength != snapshot.QrPixels.Length) return null;
            Bitmap bitmap = new Bitmap(snapshot.QrLength, snapshot.QrWidth);
            int index = 0;
            for (int row = 0; row < snapshot.QrWidth; row++)
            {
                for (int column = 0; column < snapshot.QrLength; column++) bitmap.SetPixel(column, row, Color.FromArgb(unchecked((int)snapshot.QrPixels[index++])));
            }
            return bitmap;
        }

        private static void DrawTextBlock(Graphics graphics, string text, Font font, Color foreground, Color background, float x, float y)
        {
            SizeF measured = graphics.MeasureString(text ?? string.Empty, font, PointF.Empty, StringFormat.GenericTypographic);
            if (background.A != 0)
            {
                using (Brush backBrush = new SolidBrush(Opaque(background))) graphics.FillRectangle(backBrush, x, y, Math.Max(1F, measured.Width), Math.Max(1F, measured.Height));
            }
            using (Brush textBrush = new SolidBrush(Opaque(foreground))) graphics.DrawString(text ?? string.Empty, font, textBrush, x, y, StringFormat.GenericTypographic);
        }

        private static void DrawWideFaceText(Graphics graphics, string text, Font font, Color foreground, Color background, float x, float y)
        {
            if (text != ":(" && text != ":)")
            {
                DrawTextBlock(graphics, text, font, foreground, background, x, y);
                return;
            }
            const float parenthesisScale = 1.35F;
            string parenthesis = text.Substring(1, 1);
            SizeF colonSize = graphics.MeasureString(":", font, PointF.Empty, StringFormat.GenericTypographic);
            SizeF parenthesisSize = graphics.MeasureString(parenthesis, font, PointF.Empty, StringFormat.GenericTypographic);
            float width = colonSize.Width + parenthesisSize.Width * parenthesisScale;
            float height = Math.Max(colonSize.Height, parenthesisSize.Height);
            if (background.A != 0)
            {
                using (Brush backBrush = new SolidBrush(Opaque(background))) graphics.FillRectangle(backBrush, x, y, Math.Max(1F, width), Math.Max(1F, height));
            }
            using (Brush textBrush = new SolidBrush(Opaque(foreground)))
            {
                graphics.DrawString(":", font, textBrush, x, y, StringFormat.GenericTypographic);
                GraphicsState state = graphics.Save();
                graphics.ScaleTransform(parenthesisScale, 1F);
                graphics.DrawString(parenthesis, font, textBrush, (x + colonSize.Width) / parenthesisScale, y, StringFormat.GenericTypographic);
                graphics.Restore(state);
            }
        }

        private static void DrawCenteredTextBlock(Graphics graphics, string text, Font font, Color foreground, Color background, float centerX, float y)
        {
            SizeF measured = graphics.MeasureString(text ?? string.Empty, font, PointF.Empty, StringFormat.GenericTypographic);
            DrawTextBlock(graphics, text, font, foreground, background, centerX - measured.Width / 2F, y);
        }

        private void Fill(Graphics graphics, Color color)
        {
            using (Brush brush = new SolidBrush(Opaque(color))) graphics.FillRectangle(brush, ClientRectangle);
        }

        private static string ValueAtOrRepeatLast(List<string> values, int index, string fallback)
        {
            if (values == null || values.Count == 0 || index < 0) return fallback;
            return index < values.Count ? values[index] : values[values.Count - 1];
        }

        private static List<string> PadPreviewValues(List<string> values, int minimumCount)
        {
            List<string> padded = values == null ? new List<string>() : new List<string>(values);
            if (padded.Count == 0) return padded;
            while (padded.Count < minimumCount) padded.Add(padded[padded.Count - 1]);
            return padded;
        }

        private static bool HasAnimatedText(List<PreviewTextItem> items)
        {
            foreach (PreviewTextItem item in items) if (item.Rainbow || item.Blink) return true;
            return false;
        }

        private static bool IsRainbowKind(PreviewKind kind)
        {
            return kind == PreviewKind.Windows7Rainbow || kind == PreviewKind.ModernRainbow;
        }

        private static Color VgaColor(int value)
        {
            Color[] colors =
            {
                Color.FromArgb(0, 0, 0), Color.FromArgb(0, 0, 170), Color.FromArgb(0, 170, 0), Color.FromArgb(0, 170, 170),
                Color.FromArgb(170, 0, 0), Color.FromArgb(170, 0, 170), Color.FromArgb(170, 85, 0), Color.FromArgb(192, 192, 192),
                Color.FromArgb(128, 128, 128), Color.FromArgb(85, 85, 255), Color.FromArgb(85, 255, 85), Color.FromArgb(85, 255, 255),
                Color.FromArgb(255, 85, 85), Color.FromArgb(255, 85, 255), Color.FromArgb(255, 255, 85), Color.FromArgb(255, 255, 255)
            };
            return colors[value & 0x0F];
        }

        private static Color Opaque(Color color)
        {
            return Color.FromArgb(255, color.R, color.G, color.B);
        }

        private static Color FromHsv(double hue, double saturation, double value)
        {
            double chroma = value * saturation;
            double h = hue / 60.0;
            double x = chroma * (1.0 - Math.Abs((h % 2.0) - 1.0));
            double r = 0, g = 0, b = 0;
            if (h < 1) { r = chroma; g = x; }
            else if (h < 2) { r = x; g = chroma; }
            else if (h < 3) { g = chroma; b = x; }
            else if (h < 4) { g = x; b = chroma; }
            else if (h < 5) { r = x; b = chroma; }
            else { r = chroma; b = x; }
            double m = value - chroma;
            return Color.FromArgb(255, (int)Math.Round((r + m) * 255), (int)Math.Round((g + m) * 255), (int)Math.Round((b + m) * 255));
        }
    }

    internal sealed class ChangeTextPage : PageView
    {
        private readonly FlowLayoutPanel _rows;
        private readonly Label _count;
        private readonly CheckBox _skipPercent;
        private readonly CommandRequestHandler _send;
        private readonly PreviewRequestHandler _preview;
        private readonly List<ChangeTextRow> _items = new List<ChangeTextRow>();
        private readonly List<string> _appliedPreviewTexts = new List<string>();
        private bool _appliedSkipPercent;
        public bool HasPreviewConfiguration { get; private set; }
        public bool SkipPercent { get { return _appliedSkipPercent; } }

        public ChangeTextPage(CommandRequestHandler send, PreviewRequestHandler preview) : base("替换文本", "按调用顺序替换蓝屏关键字符串；可配置 1–100 条")
        {
            _send = send;
            _preview = preview;
            CardPanel card = new CardPanel { Height = 615 };
            Label title = Ui.Label("ChangeText", 13F, FontStyle.Bold, Ui.Text);
            title.Location = new Point(22, 18);
            card.Controls.Add(title);
            _skipPercent = Ui.CheckBox("跳过包含 % 的原始字符串", true);
            _skipPercent.Location = new Point(22, 83);
            card.Controls.Add(_skipPercent);
            _rows = new FlowLayoutPanel
            {
                Location = new Point(22, 119),
                Height = 382,
                Anchor = AnchorStyles.Top | AnchorStyles.Left | AnchorStyles.Right,
                AutoScroll = true,
                FlowDirection = FlowDirection.TopDown,
                WrapContents = false,
                BackColor = Ui.Window,
                Padding = new Padding(8)
            };
            card.Controls.Add(_rows);
            card.Resize += delegate
            {
                _rows.Width = card.ClientSize.Width - 44;
                ResizeRows();
            };
            ModernButton minus = new ModernButton { Text = "−", Location = new Point(22, 526), Size = new Size(42, 38), BaseColor = Ui.CardAlt };
            minus.Click += delegate { RemoveLast(); };
            card.Controls.Add(minus);
            ModernButton plus = new ModernButton { Text = "+", Location = new Point(72, 526), Size = new Size(42, 38), BaseColor = Ui.CardAlt };
            plus.Click += delegate { AddRow(null); };
            card.Controls.Add(plus);
            _count = Ui.Label("0 / 100", 9F, FontStyle.Bold, Ui.Muted);
            _count.Location = new Point(140, 536);
            card.Controls.Add(_count);
            ModernButton apply = new ModernButton { Text = "应用全部替换文本", Location = new Point(260, 524), Size = new Size(168, 42) };
            apply.Click += delegate { Apply(); };
            card.Controls.Add(apply);
            ModernButton previewButton = new ModernButton { Text = "预览", Location = new Point(apply.Right + 20, apply.Top), Size = new Size(100, 42), BaseColor = Ui.CardAlt };
            previewButton.Click += delegate
            {
                try
                {
                    PreviewSnapshot snapshot = PreviewSnapshot.CreateDefault(false);
                    snapshot.ReplacementTexts.AddRange(GetPreviewTexts());
                    snapshot.SkipPercent = _skipPercent.Checked;
                    snapshot.Kind = PreviewKind.ModernChangeText;
                    _preview(snapshot, "替换文本预览");
                }
                catch (Exception ex)
                {
                    MessageBox.Show(FindForm(), ex.Message, "无法生成预览", MessageBoxButtons.OK, MessageBoxIcon.Warning);
                }
            };
            card.Controls.Add(previewButton);
            AddCard(card);
            for (int i = 0; i < 5; i++) AddRow("自定义文本 " + (i + 1).ToString(CultureInfo.InvariantCulture));
        }

        private void AddRow(string text)
        {
            if (_items.Count >= 100) return;
            ChangeTextRow row = new ChangeTextRow(text ?? string.Empty);
            row.RemoveRequested += delegate { RemoveRow(row); };
            _items.Add(row);
            _rows.Controls.Add(row);
            RefreshRows();
        }

        private void RemoveLast()
        {
            if (_items.Count > 1) RemoveRow(_items[_items.Count - 1]);
        }

        private void RemoveRow(ChangeTextRow row)
        {
            if (_items.Count <= 1) return;
            _items.Remove(row);
            _rows.Controls.Remove(row);
            row.Dispose();
            RefreshRows();
        }

        private void RefreshRows()
        {
            for (int i = 0; i < _items.Count; i++) _items[i].Index = i + 1;
            _count.Text = _items.Count.ToString(CultureInfo.InvariantCulture) + " / 100";
            ResizeRows();
        }

        private void ResizeRows()
        {
            int width = Math.Max(500, _rows.ClientSize.Width - _rows.Padding.Horizontal - 22);
            foreach (ChangeTextRow row in _items) row.Width = width;
        }

        public List<string> GetPreviewTexts()
        {
            List<string> values = new List<string>();
            foreach (ChangeTextRow row in _items) values.Add(MainForm.ValidateProtocolText(row.Value, true));
            return values;
        }

        public List<string> GetAppliedPreviewTexts()
        {
            return new List<string>(_appliedPreviewTexts);
        }

        private void Apply()
        {
            try
            {
                List<string> values = new List<string>();
                foreach (ChangeTextRow row in _items) values.Add(MainForm.ValidateProtocolText(row.Value, true));
                if (values.Count == 1) values.Add(values[0]);
                StringBuilder command = new StringBuilder();
                command.Append("CT ");
                command.Append(_skipPercent.Checked ? '1' : '0');
                for (int i = 0; i < values.Count; i++)
                {
                    command.Append(" \"");
                    command.Append(values[i]);
                    command.Append('"');
                    if (i == 2 && Program.GetSystemVersion()[2] < 26100 && Program.GetSystemVersion()[0] <= 10) for (int j = 0; j < (_skipPercent.Checked ? (Program.IsWindows8() ? 202 : 101) : (Program.IsWindows8() ? 303 : 202)); j++) command.Append(" \"1\"");
                    else if (i == 0 && Program.GetSystemVersion()[2] >= 26100 && Program.GetSystemVersion()[0] == 10) command.Append(" \"1\"");
                }
                if (_send(command.ToString(), "替换文本配置已设置\n"))
                {
                    _appliedPreviewTexts.Clear();
                    _appliedPreviewTexts.AddRange(values);
                    _appliedSkipPercent = _skipPercent.Checked;
                    HasPreviewConfiguration = true;
                }
            }
            catch (Exception ex)
            {
                MessageBox.Show(FindForm(), ex.Message, "文本格式无效", MessageBoxButtons.OK, MessageBoxIcon.Warning);
            }
        }
    }

    internal sealed class ChangeTextRow : UserControl
    {
        private readonly Label _index;
        private readonly TextBox _text;
        public event EventHandler RemoveRequested;

        public ChangeTextRow(string value)
        {
            Height = 58;
            BackColor = Ui.CardAlt;
            Margin = new Padding(0, 0, 0, 8);
            Resize += delegate { Ui.RoundRegion(this, 7); LayoutRow(); };
            _index = Ui.Label("01", 9F, FontStyle.Bold, Ui.Accent);
            _index.Location = new Point(13, 20);
            Controls.Add(_index);
            _text = Ui.TextBox(value, false);
            _text.Location = new Point(50, 14);
            _text.Height = 30;
            Controls.Add(_text);
            ModernButton remove = new ModernButton { Text = "×", Size = new Size(38, 32), BaseColor = Ui.SoftRed };
            remove.Click += delegate { if (RemoveRequested != null) RemoveRequested(this, EventArgs.Empty); };
            Controls.Add(remove);
            remove.Tag = "remove";
            LayoutRow();
        }
        public int Index { set { _index.Text = value.ToString("00", CultureInfo.InvariantCulture); } }
        public string Value { get { return _text.Text; } }
        private void LayoutRow()
        {
            Control remove = null;
            foreach (Control control in Controls) if ((string)control.Tag == "remove") remove = control;
            if (remove == null) return;
            remove.Location = new Point(Width - 46, 14);
            _text.Width = Math.Max(200, Width - 108);
        }
    }

    internal enum QrPaintTool
    {
        Select,
        Brush,
        Eraser,
        Fill,
        Line,
        Rectangle,
        Ellipse,
        Text
    }

    internal sealed class QrEditorPage : PageView
    {
        private const int RequiredPixelCount = 13225;
        private readonly LargeCommandRequestHandler _send;
        private readonly NumericUpDown _width;
        private readonly NumericUpDown _length;
        private readonly NumericUpDown _thickness;
        private readonly NumericUpDown _fontSize;
        private readonly NumericUpDown _zoom;
        private readonly Label _dimensionStatus;
        private readonly Label _toolStatus;
        private readonly Panel _colorPreview;
        private readonly QrCanvasControl _canvas;
        private readonly Dictionary<QrPaintTool, ModernButton> _toolButtons = new Dictionary<QrPaintTool, ModernButton>();
        private uint[] _appliedPixels;
        private int _appliedWidth;
        private int _appliedLength;
        public bool HasAppliedConfiguration { get; private set; }

        public QrEditorPage(LargeCommandRequestHandler send) : base("修改二维码", "将二维码改成自定义的图像")
        {
            _send = send;
            CardPanel card = new CardPanel { Height = 920 };
            TableLayoutPanel layout = new TableLayoutPanel
            {
                Dock = DockStyle.Fill,
                Margin = Padding.Empty,
                Padding = Padding.Empty,
                ColumnCount = 1,
                RowCount = 5,
                BackColor = Color.Transparent
            };
            layout.ColumnStyles.Add(new ColumnStyle(SizeType.Percent, 100F));
            layout.RowStyles.Add(new RowStyle(SizeType.Absolute, 36F));
            layout.RowStyles.Add(new RowStyle(SizeType.Absolute, 112F));
            layout.RowStyles.Add(new RowStyle(SizeType.Absolute, 92F));
            layout.RowStyles.Add(new RowStyle(SizeType.Absolute, 154F));
            layout.RowStyles.Add(new RowStyle(SizeType.Percent, 100F));
            card.Controls.Add(layout);

            Label title = Ui.Label("二维码画板", 13F, FontStyle.Bold, Ui.Text);
            title.Dock = DockStyle.Fill;
            title.TextAlign = ContentAlignment.MiddleLeft;
            layout.Controls.Add(title, 0, 0);

            FlowLayoutPanel statusBar = new FlowLayoutPanel
            {
                Dock = DockStyle.Fill,
                Margin = new Padding(0, 2, 0, 6),
                Padding = new Padding(8, 5, 8, 5),
                WrapContents = true,
                AutoScroll = true,
                FlowDirection = FlowDirection.LeftToRight,
                BackColor = Ui.CardAlt
            };
            layout.Controls.Add(statusBar, 0, 1);
            _width = CreateDimensionField(115);
            statusBar.Controls.Add(CreateFieldPanel("宽（行数）", _width, 104));
            Label multiply = Ui.Label("×", 12F, FontStyle.Bold, Ui.Muted);
            multiply.Margin = new Padding(2, 29, 2, 0);
            statusBar.Controls.Add(multiply);
            _length = CreateDimensionField(115);
            statusBar.Controls.Add(CreateFieldPanel("长（列数）", _length, 104));
            _dimensionStatus = Ui.Label(string.Empty, 9F, FontStyle.Bold, Ui.Green);
            _dimensionStatus.Margin = new Padding(10, 27, 8, 0);
            statusBar.Controls.Add(_dimensionStatus);
            ModernButton rebuild = CreateToolbarButton("重建画布", 112);
            rebuild.Margin = new Padding(8, 17, 2, 0);
            rebuild.Click += delegate { RebuildCanvas(); };
            statusBar.Controls.Add(rebuild);
            ModernButton apply = CreateToolbarButton("应用二维码", 124);
            apply.Margin = new Padding(8, 17, 2, 0);
            apply.BaseColor = Ui.Accent;
            apply.Click += delegate { Apply(); };
            statusBar.Controls.Add(apply);
            _toolStatus = Ui.Label("当前工具：画笔", 8.8F, FontStyle.Regular, Ui.Muted);
            _toolStatus.Margin = new Padding(12, 27, 8, 0);
            statusBar.Controls.Add(_toolStatus);

            FlowLayoutPanel tools = new FlowLayoutPanel
            {
                Dock = DockStyle.Fill,
                Margin = new Padding(0, 0, 0, 6),
                Padding = new Padding(6, 5, 6, 5),
                WrapContents = true,
                AutoScroll = true,
                FlowDirection = FlowDirection.LeftToRight,
                BackColor = Ui.CardAlt
            };
            layout.Controls.Add(tools, 0, 2);
            AddToolButton(tools, QrPaintTool.Select, "选择");
            AddToolButton(tools, QrPaintTool.Brush, "画笔");
            AddToolButton(tools, QrPaintTool.Eraser, "橡皮");
            AddToolButton(tools, QrPaintTool.Fill, "填充");
            AddToolButton(tools, QrPaintTool.Line, "直线");
            AddToolButton(tools, QrPaintTool.Rectangle, "矩形");
            AddToolButton(tools, QrPaintTool.Ellipse, "椭圆");
            AddToolButton(tools, QrPaintTool.Text, "文字");
            ModernButton import = CreateToolbarButton("导入图像", 92);
            import.Click += delegate { ImportImage(); };
            tools.Controls.Add(import);
            ModernButton undo = CreateToolbarButton("撤销", 66);
            undo.Click += delegate { _canvas.Undo(); };
            tools.Controls.Add(undo);
            ModernButton redo = CreateToolbarButton("重做", 66);
            redo.Click += delegate { _canvas.Redo(); };
            tools.Controls.Add(redo);
            ModernButton clear = CreateToolbarButton("清空", 66);
            clear.Click += delegate { _canvas.Clear(Color.White); };
            tools.Controls.Add(clear);
            ModernButton copy = CreateToolbarButton("复制", 66);
            copy.Click += delegate { _canvas.CopySelection(); };
            tools.Controls.Add(copy);
            ModernButton paste = CreateToolbarButton("粘贴", 66);
            paste.Click += delegate { _canvas.PasteClipboard(); };
            tools.Controls.Add(paste);

            FlowLayoutPanel options = new FlowLayoutPanel
            {
                Dock = DockStyle.Fill,
                Margin = new Padding(0, 0, 0, 6),
                Padding = new Padding(4, 3, 4, 3),
                WrapContents = true,
                AutoScroll = true,
                FlowDirection = FlowDirection.LeftToRight,
                BackColor = Color.Transparent
            };
            layout.Controls.Add(options, 0, 3);
            _thickness = CreateNumberField(2, 1, 64, 72);
            options.Controls.Add(CreateFieldPanel("粗细", _thickness, 78));
            _fontSize = CreateNumberField(18, 4, 128, 72);
            options.Controls.Add(CreateFieldPanel("字号", _fontSize, 78));
            _zoom = CreateNumberField(3, 1, 16, 72);
            options.Controls.Add(CreateFieldPanel("缩放倍数", _zoom, 86));
            _colorPreview = new Panel
            {
                Size = new Size(42, 29),
                BackColor = Color.Black,
                BorderStyle = BorderStyle.FixedSingle,
                Cursor = Cursors.Hand
            };
            _colorPreview.Click += delegate { PickCustomColor(); };
            options.Controls.Add(CreateFieldPanel("颜色", _colorPreview, 50));
            FlowLayoutPanel palette = new FlowLayoutPanel
            {
                Width = 600,
                Height = 70,
                Margin = new Padding(4, 1, 4, 1),
                Padding = new Padding(0),
                WrapContents = true,
                FlowDirection = FlowDirection.LeftToRight,
                BackColor = Color.Transparent
            };
            options.Controls.Add(palette);
            Color[] colors =
            {
                Color.Black, Color.White, Color.Gray, Color.Silver,
                Color.Red, Color.Maroon, Color.Orange, Color.Yellow,
                Color.Lime, Color.Green, Color.Cyan, Color.Teal,
                Color.Blue, Color.Navy, Color.Magenta, Color.Purple
            };
            foreach (Color color in colors) AddPaletteColor(palette, color);
            Button customColor = new Button
            {
                Text = "+",
                Size = new Size(30, 30),
                Margin = new Padding(2),
                FlatStyle = FlatStyle.Flat,
                BackColor = Ui.CardAlt,
                ForeColor = Ui.Text,
                Cursor = Cursors.Hand
            };
            customColor.Click += delegate { PickCustomColor(); };
            palette.Controls.Add(customColor);

            TableLayoutPanel canvasLayout = new TableLayoutPanel
            {
                Dock = DockStyle.Fill,
                Margin = Padding.Empty,
                Padding = Padding.Empty,
                ColumnCount = 1,
                RowCount = 2,
                BackColor = Color.Transparent
            };
            canvasLayout.ColumnStyles.Add(new ColumnStyle(SizeType.Percent, 100F));
            canvasLayout.RowStyles.Add(new RowStyle(SizeType.Absolute, 27F));
            canvasLayout.RowStyles.Add(new RowStyle(SizeType.Percent, 100F));
            layout.Controls.Add(canvasLayout, 0, 4);
            Panel canvasHost = new Panel
            {
                Dock = DockStyle.Fill,
                Margin = Padding.Empty,
                AutoScroll = true,
                BackColor = Color.FromArgb(222, 229, 239),
                BorderStyle = BorderStyle.FixedSingle
            };
            canvasLayout.Controls.Add(canvasHost, 0, 1);
            _canvas = new QrCanvasControl(115, 115)
            {
                Location = new Point(8, 8),
                PrimaryColor = Color.Black,
                BrushSize = 2,
                TextSize = 18,
                Zoom = 3
            };
            canvasHost.Controls.Add(_canvas);
            _canvas.SizeChanged += delegate { canvasHost.AutoScrollMinSize = new Size(_canvas.Width + 16, _canvas.Height + 16); };
            canvasHost.AutoScrollMinSize = new Size(_canvas.Width + 16, _canvas.Height + 16);
            _width.ValueChanged += delegate { UpdateDimensionStatus(); };
            _length.ValueChanged += delegate { UpdateDimensionStatus(); };
            _thickness.ValueChanged += delegate { _canvas.BrushSize = decimal.ToInt32(_thickness.Value); };
            _fontSize.ValueChanged += delegate { _canvas.TextSize = decimal.ToInt32(_fontSize.Value); };
            _zoom.ValueChanged += delegate
            {
                _canvas.Zoom = decimal.ToInt32(_zoom.Value);
                if (_zoom.Value != _canvas.Zoom) _zoom.Value = _canvas.Zoom;
            };
            _canvas.ZoomChanged += delegate { if (_zoom.Value != _canvas.Zoom) _zoom.Value = _canvas.Zoom; };
            AddCard(card);
            SelectTool(QrPaintTool.Brush, "画笔");
            UpdateDimensionStatus();
        }

        private static NumericUpDown CreateDimensionField(int value)
        {
            return CreateNumberField(value, 1, RequiredPixelCount, 96);
        }

        private static NumericUpDown CreateNumberField(int value, int minimum, int maximum, int width)
        {
            return new NumericUpDown
            {
                Size = new Size(width, 29),
                Minimum = minimum,
                Maximum = maximum,
                Value = value,
                BackColor = Ui.Input,
                ForeColor = Ui.Text,
                BorderStyle = BorderStyle.FixedSingle,
                Font = new Font("Segoe UI", 9.5F),
                ThousandsSeparator = false
            };
        }

        private static Panel CreateFieldPanel(string label, Control input, int width)
        {
            Panel panel = new Panel
            {
                Width = width,
                Height = Math.Max(60, input.Height + 28),
                Margin = new Padding(4, 1, 4, 1),
                BackColor = Color.Transparent
            };
            Label caption = Ui.Label(label, 8.3F, FontStyle.Regular, Ui.Muted);
            caption.Location = new Point(0, 0);
            input.Location = new Point(0, 24);
            panel.Controls.Add(caption);
            panel.Controls.Add(input);
            return panel;
        }

        private static ModernButton CreateToolbarButton(string text, int width)
        {
            return new ModernButton
            {
                Text = text,
                Size = new Size(width, 34),
                Margin = new Padding(3),
                BaseColor = Ui.CardAlt
            };
        }

        private void AddToolButton(FlowLayoutPanel tools, QrPaintTool tool, string text)
        {
            ModernButton button = CreateToolbarButton(text, 66);
            button.Click += delegate { SelectTool(tool, text); };
            _toolButtons.Add(tool, button);
            tools.Controls.Add(button);
        }

        private void SelectTool(QrPaintTool tool, string text)
        {
            _canvas.Tool = tool;
            foreach (KeyValuePair<QrPaintTool, ModernButton> item in _toolButtons) item.Value.SelectedState = item.Key == tool;
            _toolStatus.Text = "当前工具：" + text;
        }

        private void AddPaletteColor(FlowLayoutPanel palette, Color color)
        {
            Button swatch = new Button
            {
                Size = new Size(30, 30),
                Margin = new Padding(2),
                BackColor = color,
                FlatStyle = FlatStyle.Flat,
                Cursor = Cursors.Hand,
                Tag = color
            };
            swatch.FlatAppearance.BorderColor = color == Color.Black ? Color.DimGray : Ui.Border;
            swatch.Click += delegate (object sender, EventArgs e) { SetColor((Color)((Control)sender).Tag); };
            palette.Controls.Add(swatch);
        }

        private void PickCustomColor()
        {
            using (ColorDialog dialog = new ColorDialog())
            {
                dialog.FullOpen = true;
                dialog.AnyColor = true;
                dialog.Color = _canvas.PrimaryColor;
                if (dialog.ShowDialog(FindForm()) == DialogResult.OK) SetColor(Color.FromArgb(255, dialog.Color.R, dialog.Color.G, dialog.Color.B));
            }
        }

        private void SetColor(Color color)
        {
            _canvas.PrimaryColor = color;
            _colorPreview.BackColor = color;
        }

        private void UpdateDimensionStatus()
        {
            long width = decimal.ToInt64(_width.Value);
            long length = decimal.ToInt64(_length.Value);
            long product = width * length;
            bool valid = product == RequiredPixelCount;
            _dimensionStatus.Text = valid ? "有效：" + product.ToString(CultureInfo.InvariantCulture) + "(0x" + width.ToString("X", CultureInfo.InvariantCulture) + " × 0x" + length.ToString("X", CultureInfo.InvariantCulture) + ")" : "无效：" + product.ToString(CultureInfo.InvariantCulture) + " / " + RequiredPixelCount.ToString(CultureInfo.InvariantCulture);
            _dimensionStatus.ForeColor = valid ? Ui.Green : Ui.Red;
        }

        private bool TryGetValidDimensions(out int width, out int length)
        {
            width = decimal.ToInt32(_width.Value);
            length = decimal.ToInt32(_length.Value);
            if ((long)width * length == RequiredPixelCount) return true;
            MessageBox.Show(FindForm(), "宽 × 长必须等于 13225。\n\n有效示例：25 × 529、115 × 115、529 × 25。", "尺寸无效", MessageBoxButtons.OK, MessageBoxIcon.Warning);
            return false;
        }

        private void RebuildCanvas()
        {
            int width, length;
            if (!TryGetValidDimensions(out width, out length)) return;
            _canvas.ResizeCanvas(width, length);
            if (_zoom.Value != _canvas.Zoom) _zoom.Value = _canvas.Zoom;
            UpdateDimensionStatus();
        }

        private void ImportImage()
        {
            using (OpenFileDialog dialog = new OpenFileDialog())
            {
                dialog.Title = "导入图像到二维码画板";
                dialog.Filter = "图像文件|*.png;*.jpg;*.jpeg;*.bmp;*.gif|所有文件|*.*";
                if (dialog.ShowDialog(FindForm()) != DialogResult.OK) return;
                try { _canvas.ImportImage(dialog.FileName); }
                catch (Exception ex) { MessageBox.Show(FindForm(), ex.Message, "无法导入图像", MessageBoxButtons.OK, MessageBoxIcon.Warning); }
            }
        }

        private void Apply()
        {
            try
            {
                int width, length;
                if (!TryGetValidDimensions(out width, out length)) return;
                if (_canvas.ProtocolWidth != width || _canvas.ProtocolLength != length) _canvas.ResizeCanvas(width, length);
                if (_zoom.Value != _canvas.Zoom) _zoom.Value = _canvas.Zoom;
                uint[] pixels = _canvas.GetArgbPixels();
                if (pixels.Length != RequiredPixelCount) throw new InvalidOperationException("画布数据项数量不是 13225");
                StringBuilder command = new StringBuilder(32 + (pixels.Length * 9));
                command.Append("QR ");
                command.Append(width.ToString("X", CultureInfo.InvariantCulture));
                command.Append(' ');
                command.Append(length.ToString("X", CultureInfo.InvariantCulture));
                command.Append(" {");
                for (int i = 0; i < pixels.Length; i++)
                {
                    if (i > 0) command.Append(',');
                    command.Append(pixels[i].ToString("X8", CultureInfo.InvariantCulture));
                }
                command.Append('}');
                string confirmation = "是否应用当前二维码图像？\n\n宽 × 长：" + width.ToString(CultureInfo.InvariantCulture) + " × " + length.ToString(CultureInfo.InvariantCulture) + "(发送为 0x" + width.ToString("X", CultureInfo.InvariantCulture) + " 0x" + length.ToString("X", CultureInfo.InvariantCulture) + ")\n数据: 13225 项 ARGB";
                if (_send(command.ToString(), confirmation, "二维码图像已应用"))
                {
                    _appliedWidth = width;
                    _appliedLength = length;
                    _appliedPixels = (uint[])pixels.Clone();
                    HasAppliedConfiguration = true;
                }
            }
            catch (Exception ex)
            {
                MessageBox.Show(FindForm(), ex.Message, "无法应用二维码", MessageBoxButtons.OK, MessageBoxIcon.Warning);
            }
        }

        public void ApplyToPreview(PreviewSnapshot snapshot)
        {
            if (!HasAppliedConfiguration || snapshot == null || _appliedPixels == null) return;
            snapshot.QrWidth = _appliedWidth;
            snapshot.QrLength = _appliedLength;
            snapshot.QrPixels = (uint[])_appliedPixels.Clone();
        }
    }

    internal sealed class QrCanvasControl : Control
    {
        private enum SelectionHandle
        {
            None,
            TopLeft,
            Top,
            TopRight,
            Right,
            BottomRight,
            Bottom,
            BottomLeft,
            Left
        }

        private struct InlineTextHistoryState
        {
            public readonly string Text;
            public readonly int Caret;
            public readonly int Anchor;

            public InlineTextHistoryState(string text, int caret, int anchor)
            {
                Text = text;
                Caret = caret;
                Anchor = anchor;
            }
        }

        private const TextFormatFlags NaturalTextFlags = TextFormatFlags.NoPadding | TextFormatFlags.NoPrefix | TextFormatFlags.SingleLine | TextFormatFlags.Left | TextFormatFlags.Top | TextFormatFlags.PreserveGraphicsClipping;
        private const int CanvasMargin = 12;
        private Bitmap _image;
        private Rectangle _imageBounds;
        private bool _drawing;
        private Point _startPoint;
        private Point _lastPoint;
        private Point _currentPoint;
        private int _zoom = 3;
        private QrPaintTool _tool;
        private Color _primaryColor = Color.Black;
        private int _brushSize = 2;
        private string _textValue = string.Empty;
        private int _textSize = 18;
        private Point _textOrigin;
        private bool _isEditingText;
        private string _editingTextValue = string.Empty;
        private int _textCaretIndex;
        private int _textSelectionAnchor;
        private bool _selectingText;
        private bool _caretVisible;
        private readonly Timer _caretTimer;
        private readonly List<InlineTextHistoryState> _textUndo = new List<InlineTextHistoryState>();
        private readonly List<InlineTextHistoryState> _textRedo = new List<InlineTextHistoryState>();
        private Rectangle _selection = Rectangle.Empty;
        private bool _selecting;
        private bool _movingSelection;
        private bool _resizingSelection;
        private Bitmap _floatingSelection;
        private Rectangle _floatingSourceSelection;
        private Point _selectionOffset;
        private Rectangle _resizeStartSelection;
        private SelectionHandle _activeSelectionHandle;
        private bool _selectionIsText;
        private int _selectionTextSize = 18;
        private readonly List<Bitmap> _undo = new List<Bitmap>();
        private readonly List<Bitmap> _redo = new List<Bitmap>();

        public event EventHandler ZoomChanged;
        public event EventHandler TextValueChanged;

        public QrCanvasControl(int protocolWidth, int protocolLength)
        {
            DoubleBuffered = true;
            BackColor = Color.White;
            Cursor = Cursors.Cross;
            TabStop = true;
            ImeMode = ImeMode.On;
            SetStyle(ControlStyles.Selectable, true);
            _caretTimer = new Timer { Interval = 500 };
            _caretTimer.Tick += delegate
            {
                _caretVisible = _isEditingText && ContainsFocus && !_caretVisible;
                if (_isEditingText) Invalidate();
            };
            _image = CreateBlankBitmap(protocolLength, protocolWidth, Color.White);
            using (Graphics graphics = Graphics.FromImage(_image)) BsodQrPattern.Draw(graphics, new RectangleF(0, 0, _image.Width, _image.Height));
            Tool = QrPaintTool.Brush;
            PrimaryColor = Color.Black;
            BrushSize = 2;
            TextValue = string.Empty;
            TextSize = 18;
            UpdateCanvasSize();
        }

        public QrPaintTool Tool
        {
            get { return _tool; }
            set
            {
                if (_tool == value) return;
                if (_tool == QrPaintTool.Text) CommitTextEditor();
                _tool = value;
                Cursor = value == QrPaintTool.Text ? Cursors.IBeam : Cursors.Cross;
                Invalidate();
            }
        }
        public Color PrimaryColor
        {
            get { return _primaryColor; }
            set
            {
                Color next = Color.FromArgb(255, value.R, value.G, value.B);
                if (_primaryColor.ToArgb() == next.ToArgb()) return;
                _primaryColor = next;
                if (!_isEditingText && _selectionIsText && !_selection.IsEmpty && !_drawing) RecolorSelection(next);
                Invalidate();
            }
        }
        public int BrushSize
        {
            get { return _brushSize; }
            set { _brushSize = Math.Max(1, value); }
        }
        public string TextValue
        {
            get { return _textValue ?? string.Empty; }
            set
            {
                _textValue = value ?? string.Empty;
                if (_isEditingText)
                {
                    _editingTextValue = _textValue;
                    _textCaretIndex = _editingTextValue.Length;
                    _textSelectionAnchor = _textCaretIndex;
                    ResetCaretBlink();
                }
            }
        }
        public int TextSize
        {
            get { return _textSize; }
            set
            {
                int next = Math.Max(4, value);
                if (_textSize == next) return;
                _textSize = next;
                if (!_isEditingText && _selectionIsText && !_selection.IsEmpty && !_drawing && _selectionTextSize > 0)
                {
                    ScaleSelection((float)next / _selectionTextSize);
                    _selectionTextSize = next;
                }
                Invalidate();
            }
        }
        public int ProtocolWidth { get { return _image.Height; } }
        public int ProtocolLength { get { return _image.Width; } }
        public int Zoom
        {
            get { return _zoom; }
            set
            {
                int next = Math.Max(1, Math.Min(16, value));
                int largest = Math.Max(_image.Width, _image.Height);
                while (next > 1 && ((long)largest * next) > 30000L) next--;
                if (_zoom == next) return;
                _zoom = next;
                UpdateCanvasSize();
                Invalidate();
                if (ZoomChanged != null) ZoomChanged(this, EventArgs.Empty);
            }
        }

        public void ResizeCanvas(int protocolWidth, int protocolLength)
        {
            CommitTextEditor();
            CommitFloatingSelection();
            if (protocolWidth <= 0 || protocolLength <= 0) throw new ArgumentOutOfRangeException("protocolWidth", "画布尺寸必须大于 0");
            if (_image.Height == protocolWidth && _image.Width == protocolLength) return;
            Bitmap resized = CreateBlankBitmap(protocolLength, protocolWidth, Color.White);
            using (Graphics graphics = Graphics.FromImage(resized))
            {
                graphics.InterpolationMode = InterpolationMode.NearestNeighbor;
                graphics.PixelOffsetMode = PixelOffsetMode.Half;
                graphics.DrawImage(_image, new Rectangle(0, 0, protocolLength, protocolWidth), new Rectangle(0, 0, _image.Width, _image.Height), GraphicsUnit.Pixel);
            }
            _image.Dispose();
            _image = resized;
            _selection = Rectangle.Empty;
            _selectionIsText = false;
            ClearHistory();
            Zoom = _zoom;
            UpdateCanvasSize();
            Invalidate();
        }

        public void ImportImage(string path)
        {
            CommitTextEditor();
            CommitFloatingSelection();
            using (Image source = Image.FromFile(path))
            {
                PushUndo();
                using (Graphics graphics = Graphics.FromImage(_image))
                {
                    graphics.Clear(Color.White);
                    graphics.InterpolationMode = InterpolationMode.HighQualityBicubic;
                    graphics.PixelOffsetMode = PixelOffsetMode.HighQuality;
                    graphics.DrawImage(source, new Rectangle(0, 0, _image.Width, _image.Height));
                }
            }
            _selection = Rectangle.Empty;
            _selectionIsText = false;
            Invalidate();
        }

        public void Clear(Color color)
        {
            CommitTextEditor();
            CommitFloatingSelection();
            PushUndo();
            using (Graphics graphics = Graphics.FromImage(_image)) graphics.Clear(color);
            _selection = Rectangle.Empty;
            _selectionIsText = false;
            Invalidate();
        }

        public void Undo()
        {
            if (_isEditingText)
            {
                UndoInlineText();
                return;
            }
            CommitTextEditor();
            CommitFloatingSelection();
            if (_undo.Count == 0) return;
            _redo.Add(CloneBitmap(_image));
            int index = _undo.Count - 1;
            Bitmap previous = _undo[index];
            _undo.RemoveAt(index);
            _image.Dispose();
            _image = previous;
            _selection = Rectangle.Empty;
            _selectionIsText = false;
            Invalidate();
        }

        public void Redo()
        {
            if (_isEditingText)
            {
                RedoInlineText();
                return;
            }
            CommitTextEditor();
            CommitFloatingSelection();
            if (_redo.Count == 0) return;
            _undo.Add(CloneBitmap(_image));
            int index = _redo.Count - 1;
            Bitmap next = _redo[index];
            _redo.RemoveAt(index);
            _image.Dispose();
            _image = next;
            _selection = Rectangle.Empty;
            _selectionIsText = false;
            Invalidate();
        }

        public void SelectAllPixels()
        {
            CommitTextEditor();
            CommitFloatingSelection();
            _selection = new Rectangle(0, 0, _image.Width, _image.Height);
            _selectionIsText = false;
            Invalidate();
        }

        public void CopySelection()
        {
            CommitTextEditor();
            CommitFloatingSelection();
            Rectangle source = _selection.IsEmpty ? new Rectangle(0, 0, _image.Width, _image.Height) : _selection;
            try
            {
                using (Bitmap copy = ExtractBitmap(source)) Clipboard.SetDataObject(copy, true);
            }
            catch (ExternalException ex)
            {
                MessageBox.Show(FindForm(), ex.Message, "无法复制图像", MessageBoxButtons.OK, MessageBoxIcon.Warning);
            }
        }

        public void CutSelection()
        {
            if (_selection.IsEmpty) return;
            CopySelection();
            DeleteSelection();
        }

        public void PasteClipboard()
        {
            CommitTextEditor();
            CommitFloatingSelection();
            try
            {
                if (!Clipboard.ContainsImage()) return;
                using (Image pasted = Clipboard.GetImage())
                {
                    if (pasted == null) return;
                    int width = Math.Max(1, Math.Min(_image.Width, pasted.Width));
                    int height = Math.Max(1, Math.Min(_image.Height, pasted.Height));
                    int left = _selection.IsEmpty ? 0 : Math.Min(_image.Width - width, _selection.Left + 1);
                    int top = _selection.IsEmpty ? 0 : Math.Min(_image.Height - height, _selection.Top + 1);
                    Rectangle target = new Rectangle(Math.Max(0, left), Math.Max(0, top), width, height);
                    PushUndo();
                    using (Graphics graphics = Graphics.FromImage(_image))
                    {
                        graphics.InterpolationMode = InterpolationMode.NearestNeighbor;
                        graphics.PixelOffsetMode = PixelOffsetMode.Half;
                        graphics.DrawImage(pasted, target);
                    }
                    _selection = target;
                    _selectionIsText = false;
                }
                Invalidate();
            }
            catch (ExternalException ex)
            {
                MessageBox.Show(FindForm(), ex.Message, "无法粘贴图像", MessageBoxButtons.OK, MessageBoxIcon.Warning);
            }
        }

        public void DeleteSelection()
        {
            CommitTextEditor();
            CommitFloatingSelection();
            if (_selection.IsEmpty) return;
            PushUndo();
            ClearImageRectangle(_selection);
            _selection = Rectangle.Empty;
            _selectionIsText = false;
            Invalidate();
        }

        public void DuplicateSelection()
        {
            CommitTextEditor();
            CommitFloatingSelection();
            if (_selection.IsEmpty) return;
            using (Bitmap copy = ExtractBitmap(_selection))
            {
                int left = Math.Min(_image.Width - _selection.Width, _selection.Left + 1);
                int top = Math.Min(_image.Height - _selection.Height, _selection.Top + 1);
                Rectangle target = new Rectangle(Math.Max(0, left), Math.Max(0, top), _selection.Width, _selection.Height);
                PushUndo();
                DrawBitmap(copy, target);
                _selection = target;
            }
            Invalidate();
        }

        public void ScaleSelection(float factor)
        {
            CommitTextEditor();
            CommitFloatingSelection();
            if (_selection.IsEmpty || factor <= 0F) return;
            int width = Math.Max(1, Math.Min(_image.Width - _selection.Left, (int)Math.Round(_selection.Width * factor)));
            int height = Math.Max(1, Math.Min(_image.Height - _selection.Top, (int)Math.Round(_selection.Height * factor)));
            Rectangle target = new Rectangle(_selection.Left, _selection.Top, width, height);
            if (target == _selection) return;
            using (Bitmap source = ExtractBitmap(_selection))
            {
                PushUndo();
                ClearImageRectangle(_selection);
                DrawBitmap(source, target);
            }
            _selection = target;
            Invalidate();
        }

        public void MoveSelection(int dx, int dy)
        {
            CommitTextEditor();
            CommitFloatingSelection();
            if (_selection.IsEmpty) return;
            int left = Math.Max(0, Math.Min(_image.Width - _selection.Width, _selection.Left + dx));
            int top = Math.Max(0, Math.Min(_image.Height - _selection.Height, _selection.Top + dy));
            if (left == _selection.Left && top == _selection.Top) return;
            using (Bitmap source = ExtractBitmap(_selection))
            {
                PushUndo();
                ClearImageRectangle(_selection);
                _selection = new Rectangle(left, top, _selection.Width, _selection.Height);
                DrawBitmap(source, _selection);
            }
            Invalidate();
        }

        public uint[] GetArgbPixels()
        {
            CommitTextEditor();
            CommitFloatingSelection();
            uint[] pixels = new uint[_image.Width * _image.Height];
            int index = 0;
            for (int y = 0; y < _image.Height; y++)
            {
                for (int x = 0; x < _image.Width; x++) pixels[index++] = unchecked((uint)_image.GetPixel(x, y).ToArgb());
            }
            return pixels;
        }

        protected override void OnPaint(PaintEventArgs e)
        {
            base.OnPaint(e);
            _imageBounds = new Rectangle(CanvasMargin, CanvasMargin, _image.Width * _zoom, _image.Height * _zoom);
            using (HatchBrush checker = new HatchBrush(HatchStyle.LargeCheckerBoard, Color.FromArgb(238, 242, 247), Color.White)) e.Graphics.FillRectangle(checker, _imageBounds);
            e.Graphics.InterpolationMode = InterpolationMode.NearestNeighbor;
            e.Graphics.PixelOffsetMode = PixelOffsetMode.Half;
            e.Graphics.DrawImage(_image, _imageBounds, new Rectangle(0, 0, _image.Width, _image.Height), GraphicsUnit.Pixel);
            using (Pen border = new Pen(Color.FromArgb(110, 124, 145))) e.Graphics.DrawRectangle(border, _imageBounds);
            if (_zoom >= 6) DrawPixelGrid(e.Graphics);
            if (_drawing && IsPreviewTool(Tool)) DrawPreview(e.Graphics, _currentPoint);
            if (_floatingSelection != null && !_selection.IsEmpty) DrawFloatingSelection(e.Graphics);
            if (!_selection.IsEmpty) DrawSelectionFrame(e.Graphics);
            if (_isEditingText) DrawInlineTextEditor(e.Graphics);
        }

        protected override void OnMouseDown(MouseEventArgs e)
        {
            base.OnMouseDown(e);
            if (e.Button != MouseButtons.Left) return;
            Focus();
            Point point;
            if (Tool == QrPaintTool.Select)
            {
                SelectionHandle handle = HitTestSelectionHandle(e.Location);
                if (!TryMapPoint(e.Location, out point) && handle == SelectionHandle.None) return;
                if (handle != SelectionHandle.None) point = MapPointClamped(e.Location);
                BeginSelection(point, handle);
                return;
            }
            if (Tool == QrPaintTool.Text)
            {
                if (_isEditingText && HitTestInlineText(e.Location))
                {
                    BeginInlineTextSelection(e.Location, (ModifierKeys & Keys.Shift) == Keys.Shift);
                    return;
                }
                if (!TryMapPoint(e.Location, out point)) return;
                BeginTextEditor(point);
                return;
            }
            if (!TryMapPoint(e.Location, out point)) return;
            PushUndo();
            _startPoint = point;
            _lastPoint = point;
            _currentPoint = point;
            _drawing = true;
            Capture = true;
            if (Tool == QrPaintTool.Fill)
            {
                FloodFill(point, PrimaryColor);
                _drawing = false;
                Capture = false;
                Invalidate();
            }
            else if (Tool == QrPaintTool.Brush || Tool == QrPaintTool.Eraser)
            {
                DrawStroke(point, point, Tool == QrPaintTool.Eraser ? Color.White : PrimaryColor);
                Invalidate();
            }
        }

        protected override void OnMouseMove(MouseEventArgs e)
        {
            base.OnMouseMove(e);
            if (_selectingText)
            {
                UpdateInlineTextSelection(e.Location);
                return;
            }
            if (!_drawing)
            {
                UpdatePointerCursor(e.Location);
                return;
            }
            Point point;
            if (Tool == QrPaintTool.Select)
            {
                point = MapPointClamped(e.Location);
                UpdateSelection(point);
            }
            else
            {
                if (!TryMapPoint(e.Location, out point)) return;
                if (Tool == QrPaintTool.Brush || Tool == QrPaintTool.Eraser)
                {
                    DrawStroke(_lastPoint, point, Tool == QrPaintTool.Eraser ? Color.White : PrimaryColor);
                    _lastPoint = point;
                }
                else if (IsPreviewTool(Tool)) _currentPoint = ApplyShiftConstraint(_startPoint, point, Tool);
            }
            Invalidate();
        }

        protected override void OnMouseUp(MouseEventArgs e)
        {
            base.OnMouseUp(e);
            if (_selectingText && e.Button == MouseButtons.Left)
            {
                _selectingText = false;
                Capture = false;
                ResetCaretBlink();
                return;
            }
            if (!_drawing || e.Button != MouseButtons.Left) return;
            Point point;
            if (Tool == QrPaintTool.Select)
            {
                point = MapPointClamped(e.Location);
                UpdateSelection(point);
                FinishSelectionInteraction();
                UpdatePointerCursor(e.Location);
                return;
            }
            if (!TryMapPoint(e.Location, out point)) point = _currentPoint;
            point = ApplyShiftConstraint(_startPoint, point, Tool);
            if (Tool == QrPaintTool.Line) DrawStroke(_startPoint, point, PrimaryColor);
            else if (Tool == QrPaintTool.Rectangle) DrawShape(_startPoint, point, false);
            else if (Tool == QrPaintTool.Ellipse) DrawShape(_startPoint, point, true);
            _drawing = false;
            Capture = false;
            Invalidate();
        }

        protected override void OnMouseCaptureChanged(EventArgs e)
        {
            base.OnMouseCaptureChanged(e);
            if (!Capture && _selectingText) _selectingText = false;
            if (!Capture && _drawing && MouseButtons == MouseButtons.None)
            {
                if (Tool == QrPaintTool.Select) FinishSelectionInteraction();
                else
                {
                    _drawing = false;
                    Invalidate();
                }
            }
        }

        protected override void OnMouseLeave(EventArgs e)
        {
            base.OnMouseLeave(e);
            if (!_drawing) Cursor = Tool == QrPaintTool.Text ? Cursors.IBeam : Cursors.Cross;
        }

        protected override void OnMouseWheel(MouseEventArgs e)
        {
            if ((ModifierKeys & Keys.Control) == Keys.Control)
            {
                Zoom += e.Delta > 0 ? 1 : -1;
                return;
            }
            base.OnMouseWheel(e);
        }

        protected override bool ProcessCmdKey(ref Message msg, Keys keyData)
        {
            Keys key = keyData & Keys.KeyCode;
            bool control = (keyData & Keys.Control) == Keys.Control;
            bool shift = (keyData & Keys.Shift) == Keys.Shift;
            if (_isEditingText && ProcessInlineTextKey(key, control, shift)) return true;
            if (control && shift && key == Keys.Z) { Redo(); return true; }
            if (control && key == Keys.Z) { Undo(); return true; }
            if (control && key == Keys.Y) { Redo(); return true; }
            if (control && key == Keys.C) { CopySelection(); return true; }
            if (control && key == Keys.X) { CutSelection(); return true; }
            if (control && key == Keys.V) { PasteClipboard(); return true; }
            if (control && key == Keys.A) { SelectAllPixels(); return true; }
            if (control && key == Keys.D) { DuplicateSelection(); return true; }
            if (control && (key == Keys.Add || key == Keys.Oemplus))
            {
                if (_selection.IsEmpty) Zoom++;
                else ScaleSelection(1.25F);
                return true;
            }
            if (control && (key == Keys.Subtract || key == Keys.OemMinus))
            {
                if (_selection.IsEmpty) Zoom--;
                else ScaleSelection(0.8F);
                return true;
            }
            if (control && key == Keys.D0) { Zoom = 3; return true; }
            if (control && key == Keys.Insert) { CopySelection(); return true; }
            if (shift && key == Keys.Insert) { PasteClipboard(); return true; }
            if (shift && key == Keys.Delete) { CutSelection(); return true; }
            if (key == Keys.Delete) { DeleteSelection(); return true; }
            if (key == Keys.Escape)
            {
                if (_isEditingText) CancelTextEditor();
                else { CommitFloatingSelection(); _selection = Rectangle.Empty; _selectionIsText = false; Invalidate(); }
                return true;
            }
            int step = shift ? 10 : 1;
            if (key == Keys.Left) { MoveSelection(-step, 0); return true; }
            if (key == Keys.Right) { MoveSelection(step, 0); return true; }
            if (key == Keys.Up) { MoveSelection(0, -step); return true; }
            if (key == Keys.Down) { MoveSelection(0, step); return true; }
            return base.ProcessCmdKey(ref msg, keyData);
        }

        protected override void OnKeyPress(KeyPressEventArgs e)
        {
            if (_isEditingText && !char.IsControl(e.KeyChar))
            {
                InsertInlineText(e.KeyChar.ToString());
                e.Handled = true;
                return;
            }
            base.OnKeyPress(e);
        }

        private void DrawStroke(Point start, Point end, Color color)
        {
            using (Graphics graphics = Graphics.FromImage(_image))
            using (Pen pen = new Pen(color, Math.Max(1, BrushSize)))
            {
                graphics.SmoothingMode = SmoothingMode.None;
                pen.StartCap = LineCap.Round;
                pen.EndCap = LineCap.Round;
                graphics.DrawLine(pen, start, end);
            }
        }

        private void DrawShape(Point start, Point end, bool ellipse)
        {
            int left = Math.Min(start.X, end.X);
            int top = Math.Min(start.Y, end.Y);
            int width = Math.Max(1, Math.Abs(end.X - start.X));
            int height = Math.Max(1, Math.Abs(end.Y - start.Y));
            using (Graphics graphics = Graphics.FromImage(_image))
            using (Pen pen = new Pen(PrimaryColor, Math.Max(1, BrushSize)))
            {
                graphics.SmoothingMode = SmoothingMode.None;
                if (ellipse) graphics.DrawEllipse(pen, left, top, width, height);
                else graphics.DrawRectangle(pen, left, top, width, height);
            }
        }

        private void DrawText(Point point)
        {
            using (Graphics graphics = Graphics.FromImage(_image))
            using (Font font = CreateNaturalTextFont(Math.Max(4, TextSize)))
            {
                DrawNaturalTextLines(graphics, TextValue, font, point, PrimaryColor);
            }
        }

        private Rectangle MeasureTextBounds(Point point, string text)
        {
            using (Graphics graphics = Graphics.FromImage(_image))
            using (Font font = CreateNaturalTextFont(Math.Max(4, TextSize)))
            {
                string[] lines = text.Split(new[] { '\n' }, StringSplitOptions.None);
                int width = 0;
                foreach (string line in lines) width = Math.Max(width, MeasureNaturalTextWidth(graphics, font, line));
                int height = Math.Max(1, lines.Length * GetNaturalTextLineHeight(graphics, font));
                Rectangle bounds = new Rectangle(point.X, point.Y, Math.Max(1, width), height);
                return Rectangle.Intersect(new Rectangle(0, 0, _image.Width, _image.Height), bounds);
            }
        }

        private static Font CreateNaturalTextFont(int pixelSize)
        {
            return new Font(SystemFonts.MessageBoxFont.FontFamily, Math.Max(1, pixelSize), FontStyle.Regular, GraphicsUnit.Pixel);
        }

        private static int MeasureNaturalTextWidth(IDeviceContext context, Font font, string text)
        {
            if (string.IsNullOrEmpty(text)) return 0;
            return TextRenderer.MeasureText(context, text, font, new Size(32767, 32767), NaturalTextFlags).Width;
        }

        private static int GetNaturalTextLineHeight(IDeviceContext context, Font font)
        {
            return Math.Max(1, TextRenderer.MeasureText(context, "Ag", font, new Size(32767, 32767), NaturalTextFlags).Height);
        }

        private static void DrawNaturalTextLines(Graphics graphics, string text, Font font, Point origin, Color color)
        {
            string[] lines = (text ?? string.Empty).Split(new[] { '\n' }, StringSplitOptions.None);
            int lineHeight = GetNaturalTextLineHeight(graphics, font);
            for (int i = 0; i < lines.Length; i++)
            {
                if (lines[i].Length == 0) continue;
                TextRenderer.DrawText(graphics, lines[i], font, new Point(origin.X, origin.Y + (i * lineHeight)), color, NaturalTextFlags);
            }
        }

        private void BeginTextEditor(Point point)
        {
            CommitTextEditor();
            CommitFloatingSelection();
            _selection = Rectangle.Empty;
            _selectionIsText = false;
            _textOrigin = point;
            _textValue = string.Empty;
            _editingTextValue = string.Empty;
            _textCaretIndex = 0;
            _textSelectionAnchor = 0;
            _textUndo.Clear();
            _textRedo.Clear();
            _isEditingText = true;
            _caretTimer.Start();
            ResetCaretBlink();
            Focus();
            Invalidate();
        }

        private void CommitTextEditor()
        {
            if (!_isEditingText) return;
            string text = _editingTextValue;
            _textValue = text;
            StopInlineTextEditor();
            if (!string.IsNullOrEmpty(text))
            {
                PushUndo();
                DrawText(_textOrigin);
                _selection = MeasureTextBounds(_textOrigin, text);
                _selectionIsText = !_selection.IsEmpty;
                _selectionTextSize = TextSize;
            }
            else
            {
                _selection = Rectangle.Empty;
                _selectionIsText = false;
            }
            Invalidate();
            if (TextValueChanged != null) TextValueChanged(this, EventArgs.Empty);
        }

        private void CancelTextEditor()
        {
            if (!_isEditingText) return;
            StopInlineTextEditor();
            _editingTextValue = string.Empty;
            Invalidate();
        }

        private void StopInlineTextEditor()
        {
            _isEditingText = false;
            _selectingText = false;
            _caretVisible = false;
            _caretTimer.Stop();
            _textUndo.Clear();
            _textRedo.Clear();
            if (Capture) Capture = false;
        }

        private void ResetCaretBlink()
        {
            _caretVisible = true;
            _caretTimer.Stop();
            if (_isEditingText) _caretTimer.Start();
            Invalidate();
        }

        private InlineTextHistoryState CaptureInlineTextState()
        {
            return new InlineTextHistoryState(_editingTextValue, _textCaretIndex, _textSelectionAnchor);
        }

        private void RestoreInlineTextState(InlineTextHistoryState state)
        {
            _editingTextValue = state.Text ?? string.Empty;
            _textCaretIndex = Math.Max(0, Math.Min(_editingTextValue.Length, state.Caret));
            _textSelectionAnchor = Math.Max(0, Math.Min(_editingTextValue.Length, state.Anchor));
            ResetCaretBlink();
        }

        private void PushInlineTextUndo()
        {
            _textUndo.Add(CaptureInlineTextState());
            _textRedo.Clear();
        }

        private void UndoInlineText()
        {
            if (_textUndo.Count == 0) return;
            _textRedo.Add(CaptureInlineTextState());
            int index = _textUndo.Count - 1;
            InlineTextHistoryState state = _textUndo[index];
            _textUndo.RemoveAt(index);
            RestoreInlineTextState(state);
        }

        private void RedoInlineText()
        {
            if (_textRedo.Count == 0) return;
            _textUndo.Add(CaptureInlineTextState());
            int index = _textRedo.Count - 1;
            InlineTextHistoryState state = _textRedo[index];
            _textRedo.RemoveAt(index);
            RestoreInlineTextState(state);
        }

        private bool ProcessInlineTextKey(Keys key, bool control, bool shift)
        {
            if (control && key == Keys.Enter)
            {
                CommitTextEditor();
                Focus();
                return true;
            }
            if (key == Keys.Escape)
            {
                CancelTextEditor();
                return true;
            }
            if (control && key == Keys.A)
            {
                _textSelectionAnchor = 0;
                _textCaretIndex = _editingTextValue.Length;
                ResetCaretBlink();
                return true;
            }
            if ((control && key == Keys.C) || (control && key == Keys.Insert))
            {
                CopyInlineTextSelection();
                return true;
            }
            if ((control && key == Keys.X) || (shift && key == Keys.Delete))
            {
                if (InlineTextSelectionLength > 0)
                {
                    CopyInlineTextSelection();
                    PushInlineTextUndo();
                    DeleteInlineTextSelection();
                }
                return true;
            }
            if ((control && key == Keys.V) || (shift && key == Keys.Insert))
            {
                PasteInlineText();
                return true;
            }
            if (control && key == Keys.Z)
            {
                if (shift) RedoInlineText();
                else UndoInlineText();
                return true;
            }
            if (control && key == Keys.Y)
            {
                RedoInlineText();
                return true;
            }
            if (key == Keys.Back)
            {
                if (InlineTextSelectionLength > 0 || _textCaretIndex > 0)
                {
                    PushInlineTextUndo();
                    if (!DeleteInlineTextSelection())
                    {
                        _editingTextValue = _editingTextValue.Remove(_textCaretIndex - 1, 1);
                        MoveInlineTextCaret(_textCaretIndex - 1, false);
                    }
                }
                ResetCaretBlink();
                return true;
            }
            if (key == Keys.Delete)
            {
                if (InlineTextSelectionLength > 0 || _textCaretIndex < _editingTextValue.Length)
                {
                    PushInlineTextUndo();
                    if (!DeleteInlineTextSelection()) _editingTextValue = _editingTextValue.Remove(_textCaretIndex, 1);
                }
                ResetCaretBlink();
                return true;
            }
            if (key == Keys.Left)
            {
                int target = !shift && InlineTextSelectionLength > 0 ? InlineTextSelectionStart : Math.Max(0, _textCaretIndex - 1);
                MoveInlineTextCaret(target, shift);
                return true;
            }
            if (key == Keys.Right)
            {
                int target = !shift && InlineTextSelectionLength > 0 ? InlineTextSelectionStart + InlineTextSelectionLength : Math.Min(_editingTextValue.Length, _textCaretIndex + 1);
                MoveInlineTextCaret(target, shift);
                return true;
            }
            if (key == Keys.Home)
            {
                MoveInlineTextCaret(GetInlineLineStart(_textCaretIndex), shift);
                return true;
            }
            if (key == Keys.End)
            {
                MoveInlineTextCaret(GetInlineLineEnd(GetInlineLineStart(_textCaretIndex)), shift);
                return true;
            }
            if (key == Keys.Up)
            {
                MoveInlineTextCaret(GetVerticalInlineCaretIndex(-1), shift);
                return true;
            }
            if (key == Keys.Down)
            {
                MoveInlineTextCaret(GetVerticalInlineCaretIndex(1), shift);
                return true;
            }
            if (key == Keys.Enter)
            {
                InsertInlineText("\n");
                return true;
            }
            if (key == Keys.Tab)
            {
                InsertInlineText("\t");
                return true;
            }
            return false;
        }

        private int InlineTextSelectionStart
        {
            get { return Math.Min(_textSelectionAnchor, _textCaretIndex); }
        }

        private int InlineTextSelectionLength
        {
            get { return Math.Abs(_textSelectionAnchor - _textCaretIndex); }
        }

        private void MoveInlineTextCaret(int index, bool extendSelection)
        {
            int next = Math.Max(0, Math.Min(_editingTextValue.Length, index));
            if (!extendSelection) _textSelectionAnchor = next;
            _textCaretIndex = next;
            ResetCaretBlink();
        }

        private void InsertInlineText(string value)
        {
            if (string.IsNullOrEmpty(value)) return;
            PushInlineTextUndo();
            DeleteInlineTextSelection();
            string normalized = value.Replace("\r\n", "\n").Replace('\r', '\n');
            _editingTextValue = _editingTextValue.Insert(_textCaretIndex, normalized);
            _textCaretIndex += normalized.Length;
            _textSelectionAnchor = _textCaretIndex;
            ResetCaretBlink();
        }

        private bool DeleteInlineTextSelection()
        {
            int length = InlineTextSelectionLength;
            if (length <= 0) return false;
            int start = InlineTextSelectionStart;
            _editingTextValue = _editingTextValue.Remove(start, length);
            _textCaretIndex = start;
            _textSelectionAnchor = start;
            ResetCaretBlink();
            return true;
        }

        private void CopyInlineTextSelection()
        {
            if (InlineTextSelectionLength <= 0) return;
            try { Clipboard.SetText(_editingTextValue.Substring(InlineTextSelectionStart, InlineTextSelectionLength)); }
            catch (ExternalException) { }
        }

        private void PasteInlineText()
        {
            try
            {
                if (Clipboard.ContainsText()) InsertInlineText(Clipboard.GetText());
            }
            catch (ExternalException) { }
        }

        private int GetInlineLineStart(int index)
        {
            int safe = Math.Max(0, Math.Min(_editingTextValue.Length, index));
            int newline = safe > 0 ? _editingTextValue.LastIndexOf('\n', safe - 1) : -1;
            return newline + 1;
        }

        private int GetInlineLineEnd(int lineStart)
        {
            int newline = _editingTextValue.IndexOf('\n', Math.Max(0, lineStart));
            return newline < 0 ? _editingTextValue.Length : newline;
        }

        private int GetVerticalInlineCaretIndex(int direction)
        {
            int currentStart = GetInlineLineStart(_textCaretIndex);
            int column = _textCaretIndex - currentStart;
            if (direction < 0)
            {
                if (currentStart == 0) return _textCaretIndex;
                int previousEnd = currentStart - 1;
                int previousStart = GetInlineLineStart(previousEnd);
                return Math.Min(previousStart + column, previousEnd);
            }
            int currentEnd = GetInlineLineEnd(currentStart);
            if (currentEnd >= _editingTextValue.Length) return _textCaretIndex;
            int nextStart = currentEnd + 1;
            return Math.Min(nextStart + column, GetInlineLineEnd(nextStart));
        }

        private void BeginInlineTextSelection(Point location, bool extendSelection)
        {
            int index = HitTestInlineTextIndex(location);
            if (!extendSelection) _textSelectionAnchor = index;
            _textCaretIndex = index;
            _selectingText = true;
            Capture = true;
            ResetCaretBlink();
        }

        private void UpdateInlineTextSelection(Point location)
        {
            _textCaretIndex = HitTestInlineTextIndex(location);
            ResetCaretBlink();
        }

        private bool HitTestInlineText(Point location)
        {
            if (!_isEditingText) return false;
            using (Graphics graphics = CreateGraphics())
            using (Font font = CreateInlineTextFont())
                return GetInlineTextBounds(graphics, font).Contains(location);
        }

        private int HitTestInlineTextIndex(Point location)
        {
            using (Graphics graphics = CreateGraphics())
            using (Font font = CreateInlineTextFont())
            {
                PointF origin = GetInlineTextOrigin();
                float lineHeight = GetNaturalTextLineHeight(graphics, font);
                string[] lines = _editingTextValue.Split(new[] { '\n' }, StringSplitOptions.None);
                int line = Math.Max(0, Math.Min(lines.Length - 1, (int)Math.Floor((location.Y - origin.Y) / lineHeight)));
                int lineStart = 0;
                for (int i = 0; i < line; i++) lineStart += lines[i].Length + 1;
                string lineText = lines[line];
                float relativeX = location.X - origin.X;
                if (relativeX <= 0F) return lineStart;
                float previous = 0F;
                for (int i = 0; i < lineText.Length; i++)
                {
                    float next = MeasureInlineTextWidth(graphics, font, lineText.Substring(0, i + 1));
                    if (relativeX < (previous + next) / 2F) return lineStart + i;
                    previous = next;
                }
                return lineStart + lineText.Length;
            }
        }

        private void DrawInlineTextEditor(Graphics graphics)
        {
            GraphicsState state = graphics.Save();
            try
            {
                graphics.SetClip(_imageBounds);
                graphics.SmoothingMode = SmoothingMode.AntiAlias;
                graphics.TextRenderingHint = System.Drawing.Text.TextRenderingHint.AntiAliasGridFit;
                using (Font font = CreateInlineTextFont())
                {
                    PointF origin = GetInlineTextOrigin();
                    DrawInlineTextSelection(graphics, font, origin);
                    if (_editingTextValue.Length > 0)
                        DrawNaturalTextLines(graphics, _editingTextValue, font, Point.Round(origin), PrimaryColor);
                    if (_caretVisible && ContainsFocus)
                    {
                        PointF caret = GetInlineCaretPoint(graphics, font, origin, _textCaretIndex);
                        int brightness = ((PrimaryColor.R * 299) + (PrimaryColor.G * 587) + (PrimaryColor.B * 114)) / 1000;
                        Color caretColor = brightness > 220 ? Color.Black : PrimaryColor;
                        using (Pen pen = new Pen(caretColor, 1.4F))
                            graphics.DrawLine(pen, caret.X, caret.Y, caret.X, caret.Y + GetNaturalTextLineHeight(graphics, font));
                    }
                }
            }
            finally { graphics.Restore(state); }
        }

        private void DrawInlineTextSelection(Graphics graphics, Font font, PointF origin)
        {
            int selectionLength = InlineTextSelectionLength;
            if (selectionLength <= 0) return;
            int selectionStart = InlineTextSelectionStart;
            int selectionEnd = selectionStart + selectionLength;
            float lineHeight = GetNaturalTextLineHeight(graphics, font);
            int lineStart = 0;
            int lineNumber = 0;
            using (Brush highlight = new SolidBrush(Color.FromArgb(120, SystemColors.Highlight)))
            {
                while (lineStart <= _editingTextValue.Length)
                {
                    int newline = _editingTextValue.IndexOf('\n', lineStart);
                    int lineEnd = newline < 0 ? _editingTextValue.Length : newline;
                    int partStart = Math.Max(selectionStart, lineStart);
                    int partEnd = Math.Min(selectionEnd, lineEnd);
                    if (partStart < partEnd)
                    {
                        string prefix = _editingTextValue.Substring(lineStart, partStart - lineStart);
                        string selected = _editingTextValue.Substring(partStart, partEnd - partStart);
                        float x = origin.X + MeasureInlineTextWidth(graphics, font, prefix);
                        float width = Math.Max(2F, MeasureInlineTextWidth(graphics, font, selected));
                        graphics.FillRectangle(highlight, x, origin.Y + (lineNumber * lineHeight), width, lineHeight);
                    }
                    if (newline >= 0 && selectionStart <= newline && selectionEnd > newline)
                    {
                        string lineText = _editingTextValue.Substring(lineStart, lineEnd - lineStart);
                        float x = origin.X + MeasureInlineTextWidth(graphics, font, lineText);
                        graphics.FillRectangle(highlight, x, origin.Y + (lineNumber * lineHeight), 4F, lineHeight);
                    }
                    if (newline < 0) break;
                    lineStart = newline + 1;
                    lineNumber++;
                }
            }
        }

        private Font CreateInlineTextFont()
        {
            return CreateNaturalTextFont(Math.Max(8, TextSize * _zoom));
        }

        private PointF GetInlineTextOrigin()
        {
            return new PointF(_imageBounds.Left + (_textOrigin.X * _zoom), _imageBounds.Top + (_textOrigin.Y * _zoom));
        }

        private RectangleF GetInlineTextBounds(Graphics graphics, Font font)
        {
            string[] lines = _editingTextValue.Split(new[] { '\n' }, StringSplitOptions.None);
            float width = 0F;
            foreach (string line in lines) width = Math.Max(width, MeasureInlineTextWidth(graphics, font, line));
            PointF origin = GetInlineTextOrigin();
            float height = Math.Max(1F, lines.Length * GetNaturalTextLineHeight(graphics, font));
            return new RectangleF(origin.X - 4F, origin.Y - 3F, Math.Max(12F, width + 8F), height + 6F);
        }

        private PointF GetInlineCaretPoint(Graphics graphics, Font font, PointF origin, int index)
        {
            int safe = Math.Max(0, Math.Min(_editingTextValue.Length, index));
            int lineStart = GetInlineLineStart(safe);
            int lineNumber = 0;
            for (int i = 0; i < lineStart; i++) if (_editingTextValue[i] == '\n') lineNumber++;
            string prefix = _editingTextValue.Substring(lineStart, safe - lineStart);
            return new PointF(origin.X + MeasureInlineTextWidth(graphics, font, prefix), origin.Y + (lineNumber * GetNaturalTextLineHeight(graphics, font)));
        }

        private static float MeasureInlineTextWidth(Graphics graphics, Font font, string text)
        {
            if (string.IsNullOrEmpty(text)) return 0F;
            return MeasureNaturalTextWidth(graphics, font, text);
        }

        private void BeginSelection(Point point, SelectionHandle handle)
        {
            CommitTextEditor();
            CommitFloatingSelection();
            _startPoint = point;
            _currentPoint = point;
            _lastPoint = point;
            _drawing = true;
            Capture = true;
            if (!_selection.IsEmpty && handle != SelectionHandle.None)
            {
                PushUndo();
                _floatingSelection = ExtractBitmap(_selection);
                _floatingSourceSelection = _selection;
                _resizeStartSelection = _selection;
                _activeSelectionHandle = handle;
                _resizingSelection = true;
                return;
            }
            if (!_selection.IsEmpty && _selection.Contains(point))
            {
                PushUndo();
                _floatingSelection = ExtractBitmap(_selection);
                _floatingSourceSelection = _selection;
                _selectionOffset = new Point(point.X - _selection.Left, point.Y - _selection.Top);
                _movingSelection = true;
                return;
            }
            _selection = new Rectangle(point.X, point.Y, 1, 1);
            _selectionIsText = false;
            _floatingSourceSelection = Rectangle.Empty;
            _selecting = true;
            Invalidate();
        }

        private void UpdateSelection(Point point)
        {
            _currentPoint = point;
            if (_selecting)
            {
                _selection = NormalizeSelectionRectangle(_startPoint, point);
            }
            else if (_movingSelection)
            {
                int left = Math.Max(0, Math.Min(_image.Width - _selection.Width, point.X - _selectionOffset.X));
                int top = Math.Max(0, Math.Min(_image.Height - _selection.Height, point.Y - _selectionOffset.Y));
                _selection = new Rectangle(left, top, _selection.Width, _selection.Height);
            }
            else if (_resizingSelection)
            {
                _selection = ResizeSelection(point);
            }
            Invalidate();
        }

        private void FinishSelectionInteraction()
        {
            if (!_drawing) return;
            if (_movingSelection || _resizingSelection) CommitFloatingSelection();
            _drawing = false;
            _selecting = false;
            _movingSelection = false;
            _resizingSelection = false;
            _activeSelectionHandle = SelectionHandle.None;
            Capture = false;
            Invalidate();
        }

        private void CommitFloatingSelection()
        {
            if (_floatingSelection == null) return;
            if (!_floatingSourceSelection.IsEmpty) ClearImageRectangle(_floatingSourceSelection);
            DrawBitmap(_floatingSelection, _selection);
            _floatingSelection.Dispose();
            _floatingSelection = null;
            _floatingSourceSelection = Rectangle.Empty;
            _movingSelection = false;
            _resizingSelection = false;
            _activeSelectionHandle = SelectionHandle.None;
            Invalidate();
        }

        private void DrawFloatingSelection(Graphics graphics)
        {
            Rectangle display = SelectionToDisplay(_selection);
            if (!_floatingSourceSelection.IsEmpty)
            {
                Rectangle sourceDisplay = SelectionToDisplay(_floatingSourceSelection);
                using (Brush background = new SolidBrush(Color.White)) graphics.FillRectangle(background, sourceDisplay);
            }
            InterpolationMode previous = graphics.InterpolationMode;
            PixelOffsetMode previousOffset = graphics.PixelOffsetMode;
            graphics.InterpolationMode = InterpolationMode.NearestNeighbor;
            graphics.PixelOffsetMode = PixelOffsetMode.Half;
            graphics.DrawImage(_floatingSelection, display);
            graphics.InterpolationMode = previous;
            graphics.PixelOffsetMode = previousOffset;
        }

        private void DrawSelectionFrame(Graphics graphics)
        {
            Rectangle display = SelectionToDisplay(_selection);
            using (Pen pen = new Pen(Color.FromArgb(37, 99, 235), 1F))
            {
                pen.DashStyle = DashStyle.Dash;
                graphics.DrawRectangle(pen, display);
            }
            int handle = 7;
            Point[] grips = GetSelectionHandlePoints(display);
            using (Brush white = new SolidBrush(Color.White))
            using (Pen blue = new Pen(Ui.Accent))
            {
                foreach (Point point in grips)
                {
                    Rectangle grip = new Rectangle(point.X - (handle / 2), point.Y - (handle / 2), handle, handle);
                    graphics.FillRectangle(white, grip);
                    graphics.DrawRectangle(blue, grip);
                }
            }
        }

        private static Point[] GetSelectionHandlePoints(Rectangle display)
        {
            int middleX = display.Left + (display.Width / 2);
            int middleY = display.Top + (display.Height / 2);
            return new[]
            {
                new Point(display.Left, display.Top),
                new Point(middleX, display.Top),
                new Point(display.Right, display.Top),
                new Point(display.Right, middleY),
                new Point(display.Right, display.Bottom),
                new Point(middleX, display.Bottom),
                new Point(display.Left, display.Bottom),
                new Point(display.Left, middleY)
            };
        }

        private SelectionHandle HitTestSelectionHandle(Point location)
        {
            if (_selection.IsEmpty) return SelectionHandle.None;
            Rectangle display = SelectionToDisplay(_selection);
            int tolerance = 5;
            bool nearLeft = Math.Abs(location.X - display.Left) <= tolerance;
            bool nearRight = Math.Abs(location.X - display.Right) <= tolerance;
            bool nearTop = Math.Abs(location.Y - display.Top) <= tolerance;
            bool nearBottom = Math.Abs(location.Y - display.Bottom) <= tolerance;
            bool insideX = location.X >= display.Left - tolerance && location.X <= display.Right + tolerance;
            bool insideY = location.Y >= display.Top - tolerance && location.Y <= display.Bottom + tolerance;
            if (nearLeft && nearTop) return SelectionHandle.TopLeft;
            if (nearRight && nearTop) return SelectionHandle.TopRight;
            if (nearRight && nearBottom) return SelectionHandle.BottomRight;
            if (nearLeft && nearBottom) return SelectionHandle.BottomLeft;
            if (nearTop && insideX) return SelectionHandle.Top;
            if (nearRight && insideY) return SelectionHandle.Right;
            if (nearBottom && insideX) return SelectionHandle.Bottom;
            if (nearLeft && insideY) return SelectionHandle.Left;
            return SelectionHandle.None;
        }

        private void UpdatePointerCursor(Point location)
        {
            if (Tool == QrPaintTool.Text)
            {
                Cursor = Cursors.IBeam;
                return;
            }
            if (Tool != QrPaintTool.Select)
            {
                Cursor = Cursors.Cross;
                return;
            }
            SelectionHandle handle = HitTestSelectionHandle(location);
            switch (handle)
            {
                case SelectionHandle.TopLeft:
                case SelectionHandle.BottomRight:
                    Cursor = Cursors.SizeNWSE;
                    return;
                case SelectionHandle.TopRight:
                case SelectionHandle.BottomLeft:
                    Cursor = Cursors.SizeNESW;
                    return;
                case SelectionHandle.Top:
                case SelectionHandle.Bottom:
                    Cursor = Cursors.SizeNS;
                    return;
                case SelectionHandle.Left:
                case SelectionHandle.Right:
                    Cursor = Cursors.SizeWE;
                    return;
            }
            Cursor = !_selection.IsEmpty && SelectionToDisplay(_selection).Contains(location) ? Cursors.SizeAll : Cursors.Cross;
        }

        private Point MapPointClamped(Point location)
        {
            int x = (location.X - _imageBounds.Left) / Math.Max(1, _zoom);
            int y = (location.Y - _imageBounds.Top) / Math.Max(1, _zoom);
            return new Point(Math.Max(0, Math.Min(_image.Width - 1, x)), Math.Max(0, Math.Min(_image.Height - 1, y)));
        }

        private Rectangle ResizeSelection(Point point)
        {
            int left = _resizeStartSelection.Left;
            int top = _resizeStartSelection.Top;
            int right = _resizeStartSelection.Right;
            int bottom = _resizeStartSelection.Bottom;
            if (_activeSelectionHandle == SelectionHandle.TopLeft || _activeSelectionHandle == SelectionHandle.Left || _activeSelectionHandle == SelectionHandle.BottomLeft) left = Math.Max(0, Math.Min(right - 1, point.X));
            if (_activeSelectionHandle == SelectionHandle.TopRight || _activeSelectionHandle == SelectionHandle.Right || _activeSelectionHandle == SelectionHandle.BottomRight) right = Math.Min(_image.Width, Math.Max(left + 1, point.X + 1));
            if (_activeSelectionHandle == SelectionHandle.TopLeft || _activeSelectionHandle == SelectionHandle.Top || _activeSelectionHandle == SelectionHandle.TopRight) top = Math.Max(0, Math.Min(bottom - 1, point.Y));
            if (_activeSelectionHandle == SelectionHandle.BottomLeft || _activeSelectionHandle == SelectionHandle.Bottom || _activeSelectionHandle == SelectionHandle.BottomRight) bottom = Math.Min(_image.Height, Math.Max(top + 1, point.Y + 1));
            return Rectangle.FromLTRB(left, top, right, bottom);
        }

        private Rectangle SelectionToDisplay(Rectangle selection)
        {
            return new Rectangle(_imageBounds.Left + (selection.Left * _zoom), _imageBounds.Top + (selection.Top * _zoom), Math.Max(1, selection.Width * _zoom), Math.Max(1, selection.Height * _zoom));
        }

        private static Rectangle NormalizeSelectionRectangle(Point start, Point end)
        {
            return new Rectangle(Math.Min(start.X, end.X), Math.Min(start.Y, end.Y), Math.Abs(end.X - start.X) + 1, Math.Abs(end.Y - start.Y) + 1);
        }

        private Bitmap ExtractBitmap(Rectangle source)
        {
            Rectangle safe = Rectangle.Intersect(new Rectangle(0, 0, _image.Width, _image.Height), source);
            Bitmap result = new Bitmap(Math.Max(1, safe.Width), Math.Max(1, safe.Height));
            using (Graphics graphics = Graphics.FromImage(result)) graphics.DrawImage(_image, new Rectangle(0, 0, result.Width, result.Height), safe, GraphicsUnit.Pixel);
            return result;
        }

        private void ClearImageRectangle(Rectangle rectangle)
        {
            using (Graphics graphics = Graphics.FromImage(_image))
            using (Brush white = new SolidBrush(Color.White)) graphics.FillRectangle(white, rectangle);
        }

        private void DrawBitmap(Image source, Rectangle target)
        {
            using (Graphics graphics = Graphics.FromImage(_image))
            {
                graphics.InterpolationMode = InterpolationMode.NearestNeighbor;
                graphics.PixelOffsetMode = PixelOffsetMode.Half;
                graphics.DrawImage(source, target);
            }
        }

        private void RecolorSelection(Color color)
        {
            if (_selection.IsEmpty) return;
            PushUndo();
            Rectangle safe = Rectangle.Intersect(new Rectangle(0, 0, _image.Width, _image.Height), _selection);
            for (int y = safe.Top; y < safe.Bottom; y++)
            {
                for (int x = safe.Left; x < safe.Right; x++)
                {
                    Color pixel = _image.GetPixel(x, y);
                    int coverage = Math.Max(255 - pixel.R, Math.Max(255 - pixel.G, 255 - pixel.B));
                    if (coverage <= 0) continue;
                    int red = 255 - (((255 - color.R) * coverage) / 255);
                    int green = 255 - (((255 - color.G) * coverage) / 255);
                    int blue = 255 - (((255 - color.B) * coverage) / 255);
                    _image.SetPixel(x, y, Color.FromArgb(pixel.A, red, green, blue));
                }
            }
            Invalidate();
        }

        private void FloodFill(Point start, Color replacement)
        {
            Color target = _image.GetPixel(start.X, start.Y);
            if (target.ToArgb() == replacement.ToArgb()) return;
            bool[] visited = new bool[_image.Width * _image.Height];
            Stack<Point> pending = new Stack<Point>();
            pending.Push(start);
            while (pending.Count > 0)
            {
                Point point = pending.Pop();
                if (point.X < 0 || point.Y < 0 || point.X >= _image.Width || point.Y >= _image.Height) continue;
                int index = (point.Y * _image.Width) + point.X;
                if (visited[index]) continue;
                visited[index] = true;
                if (_image.GetPixel(point.X, point.Y).ToArgb() != target.ToArgb()) continue;
                _image.SetPixel(point.X, point.Y, replacement);
                pending.Push(new Point(point.X - 1, point.Y));
                pending.Push(new Point(point.X + 1, point.Y));
                pending.Push(new Point(point.X, point.Y - 1));
                pending.Push(new Point(point.X, point.Y + 1));
            }
        }

        private bool TryMapPoint(Point location, out Point point)
        {
            point = Point.Empty;
            if (_imageBounds.Width <= 0 || _imageBounds.Height <= 0 || !_imageBounds.Contains(location)) return false;
            int x = (location.X - _imageBounds.Left) / _zoom;
            int y = (location.Y - _imageBounds.Top) / _zoom;
            point = new Point(Math.Max(0, Math.Min(_image.Width - 1, x)), Math.Max(0, Math.Min(_image.Height - 1, y)));
            return true;
        }

        private static bool IsPreviewTool(QrPaintTool tool)
        {
            return tool == QrPaintTool.Line || tool == QrPaintTool.Rectangle || tool == QrPaintTool.Ellipse;
        }

        private Point ApplyShiftConstraint(Point start, Point current, QrPaintTool tool)
        {
            if ((ModifierKeys & Keys.Shift) != Keys.Shift || !IsPreviewTool(tool)) return current;
            int dx = current.X - start.X;
            int dy = current.Y - start.Y;
            int sx = dx < 0 ? -1 : 1;
            int sy = dy < 0 ? -1 : 1;
            int ax = Math.Abs(dx);
            int ay = Math.Abs(dy);
            if (tool == QrPaintTool.Line)
            {
                if (ax > ay * 2) return new Point(current.X, start.Y);
                if (ay > ax * 2) return new Point(start.X, current.Y);
            }
            int size = Math.Max(ax, ay);
            int availableX = sx < 0 ? start.X : (_image.Width - 1 - start.X);
            int availableY = sy < 0 ? start.Y : (_image.Height - 1 - start.Y);
            size = Math.Min(size, Math.Min(availableX, availableY));
            return new Point(start.X + (sx * size), start.Y + (sy * size));
        }

        private void DrawPreview(Graphics graphics, Point end)
        {
            graphics.SmoothingMode = SmoothingMode.AntiAlias;
            using (Pen pen = new Pen(PrimaryColor, Math.Max(1, BrushSize * _zoom)))
            {
                pen.DashStyle = DashStyle.Dash;
                pen.StartCap = LineCap.Round;
                pen.EndCap = LineCap.Round;
                if (Tool == QrPaintTool.Line)
                {
                    graphics.DrawLine(pen, ToDisplayPoint(_startPoint), ToDisplayPoint(end));
                    return;
                }
                Rectangle pixels = NormalizeRectangle(_startPoint, end);
                Rectangle display = new Rectangle(_imageBounds.Left + (pixels.Left * _zoom), _imageBounds.Top + (pixels.Top * _zoom), Math.Max(_zoom, pixels.Width * _zoom), Math.Max(_zoom, pixels.Height * _zoom));
                if (Tool == QrPaintTool.Ellipse) graphics.DrawEllipse(pen, display);
                else graphics.DrawRectangle(pen, display);
            }
        }

        private Point ToDisplayPoint(Point point)
        {
            return new Point(_imageBounds.Left + (point.X * _zoom) + (_zoom / 2), _imageBounds.Top + (point.Y * _zoom) + (_zoom / 2));
        }

        private static Rectangle NormalizeRectangle(Point start, Point end)
        {
            return new Rectangle(Math.Min(start.X, end.X), Math.Min(start.Y, end.Y), Math.Max(1, Math.Abs(end.X - start.X)), Math.Max(1, Math.Abs(end.Y - start.Y)));
        }

        private void DrawPixelGrid(Graphics graphics)
        {
            using (Pen grid = new Pen(Color.FromArgb(48, 70, 82, 98)))
            {
                for (int x = 1; x < _image.Width; x++)
                {
                    int displayX = _imageBounds.Left + (x * _zoom);
                    graphics.DrawLine(grid, displayX, _imageBounds.Top, displayX, _imageBounds.Bottom);
                }
                for (int y = 1; y < _image.Height; y++)
                {
                    int displayY = _imageBounds.Top + (y * _zoom);
                    graphics.DrawLine(grid, _imageBounds.Left, displayY, _imageBounds.Right, displayY);
                }
            }
        }

        private void UpdateCanvasSize()
        {
            int largest = Math.Max(_image.Width, _image.Height);
            while (_zoom > 1 && ((long)largest * _zoom) > 30000L) _zoom--;
            _imageBounds = new Rectangle(CanvasMargin, CanvasMargin, _image.Width * _zoom, _image.Height * _zoom);
            Size = new Size((_image.Width * _zoom) + (CanvasMargin * 2) + 1, (_image.Height * _zoom) + (CanvasMargin * 2) + 1);
        }

        private void PushUndo()
        {
            _undo.Add(CloneBitmap(_image));
            DisposeBitmaps(_redo);
            _redo.Clear();
        }

        private void ClearHistory()
        {
            DisposeBitmaps(_undo);
            DisposeBitmaps(_redo);
            _undo.Clear();
            _redo.Clear();
        }

        private static Bitmap CreateBlankBitmap(int width, int height, Color color)
        {
            Bitmap bitmap = new Bitmap(width, height);
            using (Graphics graphics = Graphics.FromImage(bitmap)) graphics.Clear(color);
            return bitmap;
        }

        private static Bitmap CloneBitmap(Bitmap source)
        {
            return new Bitmap(source);
        }

        private static void DisposeBitmaps(List<Bitmap> bitmaps)
        {
            foreach (Bitmap bitmap in bitmaps) bitmap.Dispose();
        }

        protected override void Dispose(bool disposing)
        {
            if (disposing)
            {
                if (_caretTimer != null) _caretTimer.Dispose();
                if (_floatingSelection != null) _floatingSelection.Dispose();
                if (_image != null) _image.Dispose();
                DisposeBitmaps(_undo);
                DisposeBitmaps(_redo);
            }
            base.Dispose(disposing);
        }
    }

    internal sealed class Windows7DisplayStringRow : UserControl
    {
        private readonly TextBox _text;
        private readonly NumericUpDown _background;
        private readonly NumericUpDown _foreground;
        private readonly CheckBox _blink;
        private readonly ComboBox _mode;
        private readonly CheckBox _color;
        private readonly Label _compatibility;

        public Windows7DisplayStringRow()
        {
            Height = 188;
            BackColor = Ui.CardAlt;
            Margin = new Padding(0, 0, 0, 10);
            Resize += delegate { Ui.RoundRegion(this, 9); LayoutRow(); };
            Label index = Ui.Label("01", 10F, FontStyle.Bold, Ui.Accent);
            index.Location = new Point(15, 15);
            Controls.Add(index);
            Label textLabel = Ui.Label("文本（不能包含双引号）", 8.5F, FontStyle.Regular, Ui.Muted);
            textLabel.Location = new Point(55, 10);
            Controls.Add(textLabel);
            _text = Ui.TextBox("TEST", false);
            _text.Location = new Point(55, 33);
            _text.Height = 29;
            Controls.Add(_text);
            Label backgroundLabel = Ui.Label("背景色（0–F）", 8.5F, FontStyle.Regular, Ui.Muted);
            backgroundLabel.Location = new Point(55, 78);
            Controls.Add(backgroundLabel);
            _background = CreateHexField(0xF);
            _background.Location = new Point(55, 103);
            _background.ValueChanged += delegate { UpdateCompatibility(); };
            Controls.Add(_background);
            Label foregroundLabel = Ui.Label("前景色（0–F）", 8.5F, FontStyle.Regular, Ui.Muted);
            foregroundLabel.Location = new Point(205, 78);
            Controls.Add(foregroundLabel);
            _foreground = CreateHexField(0x0);
            _foreground.Location = new Point(205, 103);
            Controls.Add(_foreground);
            Label modeLabel = Ui.Label("屏幕模式", 8.5F, FontStyle.Regular, Ui.Muted);
            modeLabel.Location = new Point(355, 78);
            Controls.Add(modeLabel);
            _mode = new ComboBox
            {
                Location = new Point(355, 103),
                Size = new Size(130, 30),
                DropDownStyle = ComboBoxStyle.DropDownList,
                BackColor = Ui.Input,
                ForeColor = Ui.Text,
                Font = new Font("Segoe UI", 9.5F)
            };
            _mode.Items.Add("80 × 25");
            _mode.Items.Add("80 × 50");
            _mode.SelectedIndex = 1;
            Controls.Add(_mode);
            _blink = Ui.CheckBox("启用闪烁", true);
            _blink.Location = new Point(515, 106);
            _blink.CheckedChanged += delegate { UpdateCompatibility(); };
            Controls.Add(_blink);
            _color = Ui.CheckBox("彩色", false);
            _color.Location = new Point(635, 106);
            Controls.Add(_color);
            _compatibility = Ui.Label(string.Empty, 8.5F, FontStyle.Bold, Ui.Amber);
            _compatibility.Location = new Point(55, 151);
            Controls.Add(_compatibility);
            UpdateCompatibility();
            LayoutRow();
        }

        public bool HasBlinkBrightBackgroundConflict
        {
            get { return _blink.Checked && _background.Value >= 8; }
        }

        public string BuildProtocolCommand()
        {
            string text = MainForm.ValidateProtocolText(_text.Text, true);
            return "DS \"" + text + "\" " + decimal.ToUInt32(_background.Value).ToString("X", CultureInfo.InvariantCulture) + " " + decimal.ToUInt32(_foreground.Value).ToString("X", CultureInfo.InvariantCulture) + " " + (_blink.Checked ? "1" : "0") + " " + (_mode.Text.Contains("25") ? "1" : "0") + " " + (_color.Checked ? "1" : "0");
        }

        public PreviewTextItem BuildPreviewItem()
        {
            return new PreviewTextItem
            {
                Text = MainForm.ValidateProtocolText(_text.Text, true),
                TextSize = 16,
                TextBackground = VgaColor(decimal.ToUInt32(_background.Value)),
                TextForeground = VgaColor(decimal.ToUInt32(_foreground.Value)),
                ScreenBackground = VgaColor(decimal.ToUInt32(_background.Value)),
                ClearScreen = false,
                VgaText = true,
                Vga80x25 = _mode.Text.Contains("25"),
                VgaBackground = decimal.ToInt32(_background.Value),
                VgaForeground = decimal.ToInt32(_foreground.Value),
                Blink = _blink.Checked,
                Rainbow = _color.Checked
            };
        }

        private static Color VgaColor(uint value)
        {
            Color[] colors =
            {
                Color.FromArgb(0, 0, 0), Color.FromArgb(0, 0, 170), Color.FromArgb(0, 170, 0), Color.FromArgb(0, 170, 170),
                Color.FromArgb(170, 0, 0), Color.FromArgb(170, 0, 170), Color.FromArgb(170, 85, 0), Color.FromArgb(170, 170, 170),
                Color.FromArgb(85, 85, 85), Color.FromArgb(85, 85, 255), Color.FromArgb(85, 255, 85), Color.FromArgb(85, 255, 255),
                Color.FromArgb(255, 85, 85), Color.FromArgb(255, 85, 255), Color.FromArgb(255, 255, 85), Color.FromArgb(255, 255, 255)
            };
            return colors[(int)(value & 0x0F)];
        }

        private static NumericUpDown CreateHexField(uint value)
        {
            return new NumericUpDown
            {
                Size = new Size(128, 29),
                Minimum = 0,
                Maximum = 0xF,
                Value = value,
                Hexadecimal = true,
                TextAlign = HorizontalAlignment.Center,
                BackColor = Ui.Input,
                ForeColor = Ui.Text,
                BorderStyle = BorderStyle.FixedSingle,
                Font = new Font("Segoe UI", 10F),
                ThousandsSeparator = false
            };
        }

        private void UpdateCompatibility()
        {
            if (HasBlinkBrightBackgroundConflict)
            {
                _compatibility.Text = "警告: 闪烁和 8–F 的 16 色亮背景互不兼容!";
                _compatibility.ForeColor = Ui.Red;
            }
            else
            {
                _compatibility.Text = "";
                _compatibility.ForeColor = Ui.Amber;
            }
        }

        private void LayoutRow()
        {
            _text.Width = Math.Max(250, Width - 75);
        }
    }

    internal sealed class DisplayStringsPage : PageView
    {
        private readonly FlowLayoutPanel _rows;
        private readonly Label _count;
        private readonly List<DisplayStringRow> _items = new List<DisplayStringRow>();
        private readonly CommandRequestHandler _send;
        private readonly PreviewRequestHandler _preview;
        private readonly bool _windows7 = Program.IsWindows7();
        private FlowLayoutPanel _windows7Rows;
        private Windows7DisplayStringRow _windows7Row;
        public bool HasPreviewConfiguration { get; private set; }

        public DisplayStringsPage(CommandRequestHandler send, PreviewRequestHandler preview) : base("显示字符串", "一次定义多段字符串、字号、前后景色、坐标和清屏行为")
        {
            _send = send;
            _preview = preview;
            if (_windows7)
            {
                BuildWindows7Page();
                return;
            }
            CardPanel card = new CardPanel { Height = 730 };
            Label title = Ui.Label("DisplayString", 13F, FontStyle.Bold, Ui.Text);
            title.Location = new Point(22, 18);
            card.Controls.Add(title);
            Label hint = Ui.Label("默认 5 条，最少 1 条、最多 100 条数值在界面中以十进制编辑，发送时按驱动要求编码为十六进制", 8.8F, FontStyle.Regular, Ui.Muted);
            hint.Location = new Point(22, 49);
            card.Controls.Add(hint);
            _rows = new FlowLayoutPanel
            {
                Location = new Point(22, 83),
                Height = 530,
                Anchor = AnchorStyles.Top | AnchorStyles.Left | AnchorStyles.Right,
                AutoScroll = true,
                FlowDirection = FlowDirection.TopDown,
                WrapContents = false,
                BackColor = Ui.Window,
                Padding = new Padding(8)
            };
            card.Controls.Add(_rows);
            card.Resize += delegate
            {
                _rows.Width = card.ClientSize.Width - 44;
                ResizeRows();
            };
            ModernButton minus = new ModernButton { Text = "−", Location = new Point(22, 638), Size = new Size(42, 38), BaseColor = Ui.CardAlt };
            minus.Click += delegate { RemoveLast(); };
            card.Controls.Add(minus);
            ModernButton plus = new ModernButton { Text = "+", Location = new Point(72, 638), Size = new Size(42, 38), BaseColor = Ui.CardAlt };
            plus.Click += delegate { AddRow(); };
            card.Controls.Add(plus);
            _count = Ui.Label("0 / 100", 9F, FontStyle.Bold, Ui.Muted);
            _count.Location = new Point(128, 648);
            card.Controls.Add(_count);
            ModernButton apply = new ModernButton { Text = "显示全部字符串", Location = new Point(260, 636), Size = new Size(164, 42) };
            apply.Click += delegate { Apply(); };
            card.Controls.Add(apply);
            ModernButton previewButton = new ModernButton { Text = "预览", Location = new Point(apply.Right + 20, apply.Top), Size = new Size(100, 42), BaseColor = Ui.CardAlt };
            previewButton.Click += delegate { PreviewCurrent(); };
            card.Controls.Add(previewButton);
            AddCard(card);
            for (int i = 0; i < 5; i++) AddRow();
        }

        private void BuildWindows7Page()
        {
            CardPanel card = new CardPanel { Height = 430 };
            Label title = Ui.Label("DisplayString", 13F, FontStyle.Bold, Ui.Text);
            title.Location = new Point(22, 18);
            card.Controls.Add(title);
            _windows7Rows = new FlowLayoutPanel
            {
                Location = new Point(22, 83),
                Height = 224,
                Anchor = AnchorStyles.Top | AnchorStyles.Left | AnchorStyles.Right,
                AutoScroll = true,
                FlowDirection = FlowDirection.TopDown,
                WrapContents = false,
                BackColor = Ui.Window,
                Padding = new Padding(8)
            };
            card.Controls.Add(_windows7Rows);
            _windows7Row = new Windows7DisplayStringRow();
            _windows7Rows.Controls.Add(_windows7Row);
            card.Resize += delegate
            {
                _windows7Rows.Width = card.ClientSize.Width - 44;
                _windows7Row.Width = Math.Max(780, _windows7Rows.ClientSize.Width - _windows7Rows.Padding.Horizontal - 22);
            };
            ModernButton apply = new ModernButton
            {
                Text = "显示字符串",
                Location = new Point(22, 332),
                Size = new Size(142, 42)
            };
            apply.Click += delegate { Apply(); };
            card.Controls.Add(apply);
            ModernButton previewButton = new ModernButton
            {
                Text = "预览",
                Location = new Point(apply.Right + 20, apply.Top),
                Size = new Size(100, 42),
                BaseColor = Ui.CardAlt
            };
            previewButton.Click += delegate { PreviewCurrent(); };
            card.Controls.Add(previewButton);
            AddCard(card);
        }

        private void AddRow()
        {
            if (_items.Count >= 100) return;
            DisplayStringRow row = new DisplayStringRow();
            row.RemoveRequested += delegate { RemoveRow(row); };
            _items.Add(row);
            _rows.Controls.Add(row);
            RefreshRows();
        }

        private void RemoveLast()
        {
            if (_items.Count > 1) RemoveRow(_items[_items.Count - 1]);
        }

        private void RemoveRow(DisplayStringRow row)
        {
            if (_items.Count <= 1) return;
            _items.Remove(row);
            _rows.Controls.Remove(row);
            row.Dispose();
            RefreshRows();
        }

        private void RefreshRows()
        {
            for (int i = 0; i < _items.Count; i++) _items[i].Index = i + 1;
            _count.Text = _items.Count.ToString(CultureInfo.InvariantCulture) + " / 100";
            ResizeRows();
        }

        private void ResizeRows()
        {
            int width = Math.Max(850, _rows.ClientSize.Width - _rows.Padding.Horizontal - 22);
            foreach (DisplayStringRow row in _items) row.Width = width;
        }

        public List<PreviewTextItem> GetPreviewItems()
        {
            List<PreviewTextItem> items = new List<PreviewTextItem>();
            if (_windows7)
            {
                if (_windows7Row != null) items.Add(_windows7Row.BuildPreviewItem());
                return items;
            }
            foreach (DisplayStringRow row in _items) items.Add(row.BuildPreviewItem());
            return items;
        }

        private void PreviewCurrent()
        {
            try
            {
                PreviewSnapshot snapshot = PreviewSnapshot.CreateDefault(_windows7);
                snapshot.DisplayItems.AddRange(GetPreviewItems());
                foreach (PreviewTextItem item in snapshot.DisplayItems)
                {
                    if (item.ClearScreen) snapshot.Background = item.ScreenBackground;
                }
                snapshot.Kind = _windows7 ? PreviewKind.Windows7DisplayString : PreviewKind.ModernDisplayStrings;
                HasPreviewConfiguration = true;
                _preview(snapshot, "显示字符串预览");
            }
            catch (Exception ex)
            {
                MessageBox.Show(FindForm(), ex.Message, "无法生成预览", MessageBoxButtons.OK, MessageBoxIcon.Warning);
            }
        }

        private void Apply()
        {
            try
            {
                HasPreviewConfiguration = true;
                if (_windows7)
                {
                    if (_windows7Row.HasBlinkBrightBackgroundConflict)
                    {
                        DialogResult result = MessageBox.Show(FindForm(), "当前同时启用了闪烁和 8–F 亮色背景。Windows 7 文本模式中两者不能同时生效。\n\n仍要按当前参数发送吗？", "闪烁与亮色背景不兼容", MessageBoxButtons.YesNo, MessageBoxIcon.Warning);
                        if (result != DialogResult.Yes) return;
                    }
                    _send(_windows7Row.BuildProtocolCommand(), "Windows 7 DisplayString 配置已发送");
                    return;
                }
                StringBuilder command = new StringBuilder("DS {");
                for (int i = 0; i < _items.Count; i++)
                {
                    if (i > 0) command.Append(",");
                    command.Append(_items[i].BuildProtocolItem());
                }
                command.Append("}");
                _send(command.ToString(), "DisplayString 配置已发送");
            }
            catch (Exception ex)
            {
                MessageBox.Show(FindForm(), ex.Message, "字符串配置无效", MessageBoxButtons.OK, MessageBoxIcon.Warning);
            }
        }
    }

    internal sealed class DisplayStringRow : UserControl
    {
        private readonly Label _index;
        private readonly TextBox _text;
        private readonly NumericField _textSize;
        private readonly ColorPickerBox _textBack;
        private readonly ColorPickerBox _textFore;
        private readonly ColorPickerBox _background;
        private readonly NumericField _x;
        private readonly NumericField _y;
        private readonly CheckBox _clear;
        private readonly ModernButton _remove;
        public event EventHandler RemoveRequested;

        public DisplayStringRow()
        {
            Height = 236;
            BackColor = Ui.CardAlt;
            Margin = new Padding(0, 0, 0, 10);
            Resize += delegate { Ui.RoundRegion(this, 9); LayoutRow(); };
            _index = Ui.Label("01", 10F, FontStyle.Bold, Ui.Accent);
            _index.Location = new Point(15, 15);
            Controls.Add(_index);
            Label textLabel = Ui.Label("文本（不能包含双引号）", 8.5F, FontStyle.Regular, Ui.Muted);
            textLabel.Location = new Point(55, 10);
            Controls.Add(textLabel);
            _text = Ui.TextBox("Your custom text", false);
            _text.Location = new Point(55, 33);
            _text.Height = 29;
            Controls.Add(_text);
            _remove = new ModernButton { Text = "×", Size = new Size(38, 32), BaseColor = Ui.SoftRed };
            _remove.Click += delegate { if (RemoveRequested != null) RemoveRequested(this, EventArgs.Empty); };
            Controls.Add(_remove);
            _textSize = new NumericField("字号 / TextSize", 24, 512) { Location = new Point(55, 78) };
            _x = new NumericField("X 坐标", 0, uint.MaxValue) { Location = new Point(205, 78) };
            _y = new NumericField("Y 坐标", 0, uint.MaxValue) { Location = new Point(355, 78) };
            _clear = Ui.CheckBox("绘制前清屏", false);
            _clear.Location = new Point(520, 107);
            Controls.Add(_textSize);
            Controls.Add(_x);
            Controls.Add(_y);
            Controls.Add(_clear);
            _textBack = new ColorPickerBox("文字背景 ARGB", 0x00000000u) { Location = new Point(55, 157) };
            _textFore = new ColorPickerBox("文字前景 ARGB", 0xFFFFFFFFu) { Location = new Point(330, 157) };
            _background = new ColorPickerBox("清屏背景 ARGB", 0xFF0078D4u) { Location = new Point(605, 157) };
            Controls.Add(_textBack);
            Controls.Add(_textFore);
            Controls.Add(_background);
            LayoutRow();
        }

        public int Index { set { _index.Text = value.ToString("00", CultureInfo.InvariantCulture); } }

        public string BuildProtocolItem()
        {
            string text = MainForm.ValidateProtocolText(_text.Text, true);
            return "\"" + text + "\" " + _textSize.Value.ToString("X", CultureInfo.InvariantCulture) + " " + _textBack.Value.ToString("X", CultureInfo.InvariantCulture) + " " + _textFore.Value.ToString("X", CultureInfo.InvariantCulture) + " " + ((ulong)_background.Value).ToString("X", CultureInfo.InvariantCulture) + " " + _x.Value.ToString("X", CultureInfo.InvariantCulture) + " " + _y.Value.ToString("X", CultureInfo.InvariantCulture) + " " + (_clear.Checked ? "1" : "0");
        }

        public PreviewTextItem BuildPreviewItem()
        {
            return new PreviewTextItem
            {
                Text = MainForm.ValidateProtocolText(_text.Text, true),
                TextSize = _textSize.Value,
                TextBackground = Color.FromArgb(unchecked((int)_textBack.Value)),
                TextForeground = Color.FromArgb(unchecked((int)_textFore.Value)),
                ScreenBackground = Color.FromArgb(unchecked((int)_background.Value)),
                X = _x.Value,
                Y = _y.Value,
                ClearScreen = _clear.Checked,
                VgaText = false
            };
        }

        private void LayoutRow()
        {
            _remove.Location = new Point(Width - 47, 31);
            _text.Width = Math.Max(250, Width - 118);
            int available = Width - 110;
            if (available > 850)
            {
                int gap = Math.Max(8, (available - 795) / 2);
                _textBack.Left = 55;
                _textFore.Left = 55 + 265 + gap;
                _background.Left = _textFore.Left + 265 + gap;
            }
        }
    }
}
